Year Released;Country Code;Country;1111A0;1111B0;111200;111300;111400;111900;112120;1121A0;112300;112A00;113000;114000;115000;211000;212100;212230;2122A0;212310;2123A0;213111;21311A;221100;221200;221300;233210;233262;230301;230302;2332A0;233412;2334A0;233230;2332D0;233240;233411;2332C0;321100;321200;321910;3219A0;327100;327200;327310;327320;327330;327390;327400;327910;327991;327992;327993;327999;331110;331200;331313;331410;331420;331490;331510;331520;332114;33211A;332119;332200;332310;332320;332410;332420;332430;332500;332600;332710;332720;332800;332913;33291A;332991;332996;33299A;332999;333111;333112;333120;333130;333242;33329A;333314;333316;333318;333414;333415;333413;333511;333514;333517;33351B;333611;333612;333613;333618;333912;333914;333920;333991;333993;333994;33399A;33399B;334111;334112;334118;334210;334220;334290;334413;334418;33441A;334510;334511;334512;334513;334514;334515;334516;334517;33451A;334300;334610;335110;335120;335210;335221;335222;335224;335228;335311;335312;335313;335314;335911;335912;335920;335930;335991;335999;336111;336112;336120;336211;336212;336213;336214;336310;336320;336350;336360;336370;336390;3363A0;336411;336412;336413;336414;33641A;336500;336611;336612;336991;336992;336999;337110;337121;337122;337127;33712N;337215;33721A;337900;339112;339113;339114;339115;339116;339910;339920;339930;339940;339950;339990;311111;311119;311210;311221;311225;311224;311230;311300;311410;311420;311513;311514;31151A;311520;311615;31161A;311700;311810;3118A0;311910;311920;311930;311940;311990;312110;312120;312130;312140;312200;313100;313200;313300;314110;314120;314900;315000;316000;322110;322120;322130;322210;322220;322230;322291;322299;323110;323120;324110;324121;324122;324190;325110;325120;325130;325180;325190;325211;3252A0;325411;325412;325413;325414;325310;325320;325510;325520;325610;325620;325910;3259A0;326110;326120;326130;326140;326150;326160;326190;326210;326220;326290;423100;423400;423600;423800;423A00;424200;424400;424700;424A00;425000;4200ID;441000;445000;452000;444000;446000;447000;448000;454000;4B0000;481000;482000;483000;484000;485000;486000;48A000;492000;493000;511110;511120;511130;5111A0;511200;512100;512200;515100;515200;517110;517210;517A00;518200;519130;5191A0;522A00;52A000;523900;523A00;524113;5241XX;524200;525000;531HSO;531HST;531ORE;532100;532400;532A00;533000;541100;541511;541512;54151A;541200;541300;541610;5416A0;541700;541800;541400;541920;541940;5419A0;550000;561300;561700;561100;561200;561400;561500;561600;561900;562000;611100;611A00;611B00;621100;621200;621300;621400;621500;621600;621900;622000;623A00;623B00;624100;624400;624A00;711100;711200;711500;711A00;712000;713100;713200;713900;721000;722110;722211;722A00;811100;811200;811300;811400;812100;812200;812300;812900;813100;813A00;813B00;814000;S00500;S00600;491000;S00102;GSLGE;GSLGH;GSLGO;S00203
2025;AFG;Afghanistan;0.832;1.388;0.598;0.547;0.747;1.343;1.588;2.108;0.367;0.703;0.301;0.419;0.313;1.038;1.634;1.726;1.444;0.741;1.232;0.351;0.58;9.574;1.166;2.024;0.581;0.609;0.839;0.648;0.542;0.832;0.697;0.588;0.916;0.735;0.489;0.865;0.531;0.478;0.42;0.44;1.175;1.556;14.877;3.175;1.527;1.386;4.827;0.913;0.671;1.624;1.548;2.172;3.685;1.479;1.439;1.600;0.934;1.014;1.379;1.165;0.97;1.228;1.372;1.102;0.981;0.835;0.792;0.938;1.145;0.697;0.862;1.086;0.952;1.412;0.624;0.85;1.167;1.190;0.836;0.931;0.707;0.605;0.736;0.906;0.584;0.687;0.8;0.687;0.698;0.922;0.847;0.748;1.361;1.061;0.884;0.977;0.664;0.845;0.906;0.697;0.596;0.696;0.914;0.858;0.585;0.749;0.723;1.025;0.555;0.78;0.64;0.582;0.702;0.555;1.657;0.78;0.944;0.714;0.55;0.614;0.577;0.564;0.485;0.581;0.665;0.633;0.422;0.785;1.128;0.833;0.773;0.915;0.83;0.991;1.027;0.755;0.682;0.796;0.565;1.309;1.006;0.702;0.904;1.402;0.551;0.576;0.576;0.543;0.583;0.548;0.507;0.603;0.852;0.856;0.971;0.601;1.615;0.924;0.977;0.662;0.64;0.845;0.743;0.72;0.869;0.622;0.444;0.857;0.992;0.685;0.603;0.685;0.637;0.697;0.885;0.873;0.656;0.655;0.803;0.636;0.702;0.586;0.674;0.57;0.702;0.632;0.839;0.768;0.743;0.683;0.59;1.092;1.234;0.35;0.559;0.68;0.701;0.806;0.578;0.709;0.722;0.841;0.692;0.399;1.031;0.412;0.639;0.7;0.657;0.562;0.609;0.638;0.654;0.747;0.931;0.518;0.621;0.672;0.999;0.796;0.584;0.714;0.487;0.478;0.403;0.434;1.170;1.246;1.381;0.844;0.876;0.662;0.9;0.735;0.658;0.592;0.911;1.283;1.065;0.67;0.539;1.594;1.091;1.014;0.757;2.092;1.206;0.786;0.497;0.444;0.335;0.998;0.702;0.615;0.796;0.623;0.585;0.695;0.722;1.128;0.839;0.982;0.918;1.445;1.220;0.791;0.709;0.728;1.107;0.215;0.202;0.164;0.228;0.264;0.199;0.333;0.228;0.273;0.193;0.142;0.218;0.576;0.342;0.325;0.347;0.284;0.276;0.209;0.299;1.496;0.843;0.936;0.862;0.453;1.331;0.444;0.573;0.409;0.554;0.41;0.378;0.437;0.481;0.397;0.418;0.381;0.411;0.279;0.223;0.275;0.455;0.314;0.893;0.151;0.147;0.126;0.152;0.114;0.077;0.096;0.188;0.083;0.157;0.327;0.557;0.35;0.308;0.153;0.194;0.308;0.449;0.379;0.175;0.45;0.245;0.227;0.279;0.35;0.463;0.392;0.193;0.343;0.394;0.178;0.459;0.269;0.358;0.281;0.239;0.24;0.272;3.111;0.198;0.227;0.115;0.267;0.408;0.421;0.267;0.35;0.306;0.427;0.418;0.508;0.473;0.366;0.182;0.343;0.265;0.357;0.206;0.355;0.424;0.452;0.398;0.573;0.418;0.327;0.349;0.254;0.227;0.55;0.628;0.24;0.259;0.248;0.342;0.3;0.306;0.269;0.374;0.283;0.186;0.157;0.238;0.579;0.265;0.216;0.198;0.683
2025;AGO;Angola;0.508;0.798;0.379;0.372;0.45;0.783;0.92;1.223;0.24;0.436;0.2;0.286;0.226;0.684;1.050;1.184;1.000;0.572;0.918;0.265;0.456;8.799;0.756;1.604;0.447;0.463;0.636;0.498;0.415;0.647;0.542;0.455;0.704;0.572;0.385;0.653;0.446;0.404;0.363;0.367;0.934;1.305;8.962;2.322;1.165;1.063;3.030;0.758;0.53;1.309;1.348;1.633;2.391;1.161;1.287;1.490;0.864;0.903;1.246;1.042;0.796;1.045;1.135;0.92;0.8;0.682;0.663;0.759;0.977;0.589;0.728;0.937;0.821;1.180;0.542;0.73;1.003;0.969;0.708;0.777;0.589;0.522;0.61;0.751;0.516;0.582;0.735;0.54;0.557;0.789;0.637;0.644;1.176;0.921;0.737;0.85;0.565;0.728;0.782;0.604;0.505;0.59;0.751;0.718;0.496;0.623;0.617;0.854;0.481;0.695;0.547;0.481;0.575;0.468;1.508;0.689;0.846;0.605;0.477;0.53;0.491;0.474;0.396;0.496;0.572;0.551;0.345;0.662;0.958;0.703;0.659;0.763;0.637;0.845;0.859;0.629;0.587;0.7;0.482;1.258;0.898;0.633;0.764;1.174;0.497;0.495;0.496;0.463;0.495;0.46;0.428;0.502;0.744;0.758;0.843;0.508;1.325;0.78;0.826;0.549;0.534;0.725;0.632;0.575;0.715;0.526;0.382;0.719;0.818;0.57;0.509;0.544;0.528;0.57;0.713;0.709;0.544;0.484;0.679;0.54;0.621;0.531;0.612;0.542;0.578;0.515;0.631;0.627;0.614;0.563;0.468;0.883;0.944;0.288;0.44;0.574;0.569;0.669;0.471;0.566;0.581;0.669;0.598;0.338;0.753;0.323;0.548;0.613;0.533;0.459;0.496;0.517;0.537;0.669;0.793;0.422;0.504;0.575;0.906;0.69;0.51;0.644;0.43;0.416;0.347;0.359;0.83;0.918;0.978;0.641;0.678;0.517;0.685;0.572;0.528;0.485;0.64;0.89;0.763;0.474;0.407;1.363;0.829;0.84;0.568;1.340;0.858;0.576;0.389;0.347;0.272;0.663;0.508;0.487;0.619;0.482;0.472;0.552;0.564;0.877;0.679;0.776;0.696;1.004;1.048;0.653;0.524;0.588;0.86;0.174;0.17;0.135;0.187;0.214;0.172;0.275;0.186;0.223;0.166;0.104;0.173;0.465;0.314;0.291;0.318;0.25;0.245;0.18;0.265;0.943;0.54;0.584;0.548;0.351;0.858;0.311;0.395;0.32;0.457;0.34;0.311;0.37;0.381;0.339;0.331;0.309;0.326;0.239;0.184;0.217;0.396;0.261;0.747;0.12;0.115;0.099;0.122;0.09;0.059;0.074;0.122;0.066;0.117;0.247;0.386;0.257;0.266;0.126;0.165;0.247;0.317;0.287;0.141;0.386;0.196;0.186;0.239;0.29;0.414;0.325;0.167;0.296;0.339;0.136;0.322;0.206;0.289;0.224;0.19;0.19;0.21;2.177;0.16;0.195;0.095;0.225;0.364;0.358;0.227;0.287;0.246;0.351;0.367;0.466;0.43;0.323;0.166;0.297;0.22;0.312;0.166;0.3;0.383;0.41;0.297;0.518;0.369;0.276;0.295;0.222;0.194;0.473;0.49;0.202;0.227;0.191;0.293;0.231;0.235;0.23;0.323;0.212;0.157;0.128;0.185;0.552;0.216;0.174;0.168;0.45
2025;ALB;Albania;0.648;1.070;0.456;0.414;0.578;1.046;1.216;1.634;0.286;0.548;0.239;0.327;0.243;0.751;1.177;1.209;1.017;0.513;0.848;0.29;0.449;0.381;0.889;1.224;0.486;0.516;0.695;0.538;0.451;0.705;0.576;0.495;0.761;0.612;0.403;0.733;0.378;0.322;0.299;0.323;0.798;0.986;10.911;2.591;1.201;1.096;3.538;0.649;0.505;1.114;0.912;1.732;2.715;1.101;0.873;0.895;0.613;0.702;0.837;0.751;0.721;0.847;1.024;0.801;0.76;0.636;0.605;0.726;0.836;0.52;0.64;0.754;0.667;0.981;0.479;0.618;0.814;0.915;0.623;0.681;0.558;0.468;0.581;0.697;0.432;0.512;0.522;0.573;0.532;0.651;0.65;0.545;0.913;0.727;0.663;0.668;0.502;0.612;0.635;0.521;0.454;0.527;0.719;0.652;0.447;0.57;0.529;0.77;0.413;0.521;0.477;0.457;0.54;0.437;0.989;0.571;0.649;0.56;0.401;0.465;0.447;0.443;0.392;0.435;0.5;0.453;0.335;0.558;0.85;0.653;0.566;0.7;0.683;0.695;0.756;0.582;0.533;0.601;0.446;0.783;0.728;0.498;0.681;1.007;0.399;0.456;0.458;0.443;0.454;0.424;0.416;0.488;0.618;0.626;0.71;0.475;1.213;0.7;0.724;0.519;0.492;0.613;0.542;0.571;0.702;0.473;0.352;0.663;0.784;0.555;0.438;0.503;0.462;0.52;0.665;0.654;0.487;0.507;0.563;0.47;0.509;0.388;0.446;0.402;0.518;0.481;0.696;0.584;0.544;0.531;0.471;0.773;0.893;0.276;0.432;0.493;0.522;0.58;0.436;0.558;0.552;0.646;0.49;0.289;0.863;0.326;0.453;0.5;0.503;0.416;0.481;0.494;0.479;0.493;0.666;0.401;0.478;0.468;0.581;0.525;0.405;0.48;0.366;0.338;0.311;0.343;0.894;0.903;0.991;0.674;0.691;0.535;0.689;0.562;0.492;0.451;0.712;1.013;0.854;0.541;0.446;0.969;0.847;0.728;0.6;1.614;0.918;0.628;0.415;0.373;0.266;0.793;0.605;0.503;0.64;0.516;0.474;0.574;0.584;0.808;0.584;0.723;0.662;1.139;0.807;0.559;0.552;0.539;0.854;0.15;0.139;0.112;0.158;0.183;0.13;0.22;0.164;0.194;0.136;0.127;0.153;0.359;0.193;0.185;0.196;0.169;0.17;0.141;0.185;1.175;0.665;0.739;0.672;0.368;0.988;0.349;0.437;0.299;0.386;0.312;0.282;0.315;0.362;0.274;0.34;0.275;0.315;0.187;0.167;0.198;0.294;0.235;0.524;0.118;0.113;0.101;0.118;0.093;0.065;0.08;0.15;0.072;0.135;0.226;0.417;0.271;0.193;0.113;0.132;0.227;0.357;0.305;0.137;0.294;0.19;0.17;0.19;0.242;0.278;0.278;0.147;0.226;0.249;0.15;0.366;0.221;0.27;0.222;0.191;0.194;0.216;2.096;0.141;0.148;0.089;0.191;0.254;0.285;0.187;0.261;0.239;0.308;0.253;0.288;0.277;0.245;0.11;0.248;0.195;0.24;0.168;0.246;0.256;0.278;0.301;0.337;0.268;0.241;0.252;0.18;0.164;0.389;0.475;0.183;0.168;0.209;0.229;0.226;0.238;0.197;0.246;0.241;0.136;0.121;0.19;0.28;0.193;0.163;0.148;0.507
2025;ARE;United Arab Emirates;0.888;1.466;0.633;0.582;0.778;1.441;1.668;2.200;0.373;0.738;0.317;0.43;0.329;1.074;1.691;1.767;1.481;0.76;1.246;0.388;0.608;9.440;1.173;2.027;0.639;0.679;0.875;0.692;0.593;0.894;0.747;0.646;0.947;0.777;0.52;0.937;0.566;0.486;0.446;0.465;1.208;1.566;15.500;3.122;1.512;1.397;5.020;0.975;0.738;1.631;1.532;2.129;3.797;1.421;1.467;1.522;0.955;1.022;1.342;1.209;0.93;1.218;1.315;1.080;0.956;0.838;0.817;0.91;1.187;0.717;0.853;1.088;0.948;1.374;0.678;0.864;1.172;1.131;0.869;0.922;0.722;0.647;0.75;0.902;0.624;0.721;0.833;0.793;0.748;0.92;0.905;0.767;1.333;1.061;0.893;0.975;0.699;0.874;0.903;0.745;0.631;0.735;0.909;0.874;0.629;0.781;0.754;1.017;0.627;0.842;0.712;0.656;0.795;0.617;1.693;0.85;0.992;0.789;0.604;0.664;0.623;0.616;0.553;0.635;0.727;0.682;0.489;0.851;1.215;0.876;0.791;0.925;0.897;0.986;1.016;0.766;0.727;0.812;0.613;1.278;1.001;0.736;0.902;1.447;0.59;0.632;0.63;0.601;0.624;0.577;0.566;0.641;0.89;0.897;0.998;0.642;1.535;0.934;1.001;0.692;0.682;0.879;0.79;0.785;0.896;0.656;0.487;0.891;1.019;0.71;0.638;0.715;0.671;0.721;0.899;0.867;0.68;0.694;0.834;0.684;0.739;0.607;0.693;0.574;0.733;0.666;0.931;0.8;0.746;0.665;0.549;0.952;1.132;0.342;0.525;0.65;0.73;0.751;0.608;0.649;0.676;0.77;0.695;0.39;1.029;0.414;0.612;0.682;0.651;0.563;0.651;0.644;0.639;0.768;0.888;0.574;0.655;0.66;0.951;0.81;0.599;0.722;0.521;0.495;0.445;0.478;1.250;1.324;1.442;0.915;0.946;0.725;0.966;0.795;0.714;0.63;0.883;1.338;1.089;0.688;0.583;1.545;1.088;1.018;0.8;2.254;1.284;0.845;0.561;0.51;0.368;1.054;0.816;0.657;0.857;0.697;0.65;0.728;0.798;1.142;0.827;1.021;0.935;1.559;1.217;0.798;0.771;0.769;1.129;0.222;0.213;0.172;0.237;0.268;0.207;0.339;0.239;0.278;0.199;0.173;0.216;0.565;0.337;0.319;0.346;0.27;0.28;0.217;0.301;1.576;0.871;1.003;0.898;0.45;1.386;0.465;0.589;0.425;0.581;0.444;0.409;0.466;0.521;0.424;0.469;0.412;0.446;0.295;0.244;0.296;0.472;0.335;0.903;0.17;0.163;0.141;0.173;0.128;0.091;0.111;0.204;0.096;0.176;0.334;0.58;0.369;0.313;0.167;0.207;0.338;0.495;0.429;0.192;0.466;0.273;0.249;0.291;0.373;0.477;0.439;0.206;0.364;0.402;0.206;0.493;0.308;0.382;0.31;0.267;0.257;0.3;3.175;0.203;0.228;0.124;0.289;0.422;0.445;0.288;0.391;0.34;0.463;0.423;0.502;0.471;0.37;0.178;0.356;0.294;0.381;0.24;0.389;0.432;0.459;0.43;0.572;0.418;0.332;0.355;0.259;0.235;0.579;0.675;0.259;0.268;0.269;0.349;0.323;0.313;0.285;0.383;0.286;0.197;0.166;0.253;0.557;0.276;0.23;0.204;0.714
2025;ARG;Argentina;0.81;1.196;0.566;0.656;0.816;1.266;1.684;2.896;0.421;0.949;0.447;0.239;0.463;1.113;1.803;0.599;0.468;0.327;0.453;0.422;0.363;3.902;0.842;1.392;0.274;0.264;0.43;0.318;0.259;0.423;0.336;0.279;0.484;0.366;0.253;0.37;0.391;0.392;0.347;0.485;0.561;0.629;9.341;1.088;0.843;0.639;2.812;0.42;0.254;0.81;0.691;0.861;4.153;1.095;0.776;0.549;0.366;0.582;1.015;0.72;1.599;1.451;1.247;0.866;0.924;0.729;0.566;0.948;0.794;0.496;0.608;0.705;0.716;0.956;0.334;0.543;0.775;0.963;0.537;0.73;0.685;0.521;0.621;0.818;0.386;0.538;0.555;0.53;0.601;0.712;0.571;0.555;0.918;0.71;0.705;0.676;0.539;0.594;0.631;0.501;0.463;0.457;0.864;0.582;0.417;0.576;0.545;0.805;0.325;0.336;0.469;0.393;0.444;0.492;0.643;0.423;0.533;0.618;0.378;0.515;0.645;0.509;0.366;0.435;0.491;0.425;0.334;0.389;0.609;0.706;0.655;0.938;0.871;0.866;0.974;0.783;0.636;0.748;0.485;0.557;1.169;0.31;1.096;0.903;0.431;0.557;0.587;0.478;0.65;0.658;0.539;0.756;0.751;0.604;0.971;0.666;2.218;1.020;0.998;0.399;0.339;0.46;0.486;0.514;0.643;0.474;0.321;1.154;1.216;0.57;0.356;0.401;0.389;0.43;0.641;0.649;0.429;0.386;0.469;0.413;0.316;0.347;0.295;0.192;0.406;0.416;0.45;0.51;0.472;0.725;0.675;1.076;1.454;0.39;0.666;0.632;0.608;0.813;0.496;1.018;0.916;1.046;0.623;0.388;1.300;0.301;0.618;0.562;0.568;0.469;0.5;0.506;0.545;0.463;0.798;0.358;0.615;0.526;0.819;0.857;0.734;0.79;0.497;0.522;0.377;0.367;0.9;0.858;0.902;0.596;0.629;0.445;0.611;0.465;0.483;0.477;1.607;1.979;1.401;0.924;0.469;0.991;1.142;0.665;0.6;1.773;1.003;0.515;0.338;0.345;0.238;0.557;0.574;0.555;0.612;0.402;0.418;0.73;0.575;0.674;0.486;0.562;0.452;0.934;0.754;0.536;0.54;0.487;1.009;0.153;0.124;0.109;0.164;0.18;0.135;0.235;0.155;0.226;0.158;0.006;0.152;0.513;0.223;0.225;0.215;0.265;0.183;0.12;0.205;1.851;0.693;1.632;0.72;0.535;1.032;0.331;0.32;0.602;0.358;0.325;0.276;0.317;0.297;0.265;0.3;0.204;0.255;0.26;0.217;0.281;0.298;0.254;0.408;0.165;0.15;0.148;0.166;0.115;0.077;0.116;0.199;0.049;0.084;0.094;0.374;0.259;0.19;0.144;0.141;0.18;0.327;0.268;0.182;0.284;0.211;0.172;0.145;0.222;0.234;0.198;0.207;0.219;0.196;0.08;0.321;0.124;0.188;0.147;0.113;0.162;0.146;2.539;0.123;0.178;0.075;0.102;0.168;0.195;0.098;0.172;0.154;0.2;0.188;0.25;0.277;0.226;0.153;0.281;0.126;0.17;0.116;0.152;0.231;0.257;0.242;0.334;0.494;0.372;0.474;0.302;0.174;0.263;0.334;0.24;0.198;0.207;0.339;0.225;0.186;0.16;0.176;0.516;0.167;0.15;0.183;0.309;0.262;0.201;0.273;0.743
2025;ATG;Antigua and Barbuda;0.663;1.028;0.473;0.456;0.558;1.047;1.159;1.545;0.279;0.548;0.252;0.336;0.271;0.778;1.193;1.274;1.084;0.603;0.943;0.36;0.541;1.565;0.854;1.466;0.603;0.648;0.793;0.641;0.554;0.853;0.695;0.615;0.866;0.724;0.486;0.877;0.505;0.404;0.4;0.415;0.972;1.240;10.626;2.716;1.311;1.231;3.547;0.864;0.667;1.327;1.186;1.833;2.742;1.162;1.208;1.182;0.833;0.893;1.085;1.042;0.791;1.026;1.128;0.927;0.84;0.741;0.741;0.793;1.066;0.643;0.747;0.938;0.819;1.136;0.64;0.77;1.013;0.975;0.784;0.798;0.663;0.608;0.686;0.806;0.58;0.657;0.733;0.775;0.664;0.795;0.776;0.685;1.115;0.912;0.795;0.837;0.643;0.783;0.78;0.691;0.584;0.677;0.818;0.788;0.586;0.711;0.681;0.898;0.594;0.756;0.666;0.627;0.751;0.592;1.409;0.797;0.892;0.755;0.561;0.622;0.587;0.585;0.537;0.592;0.683;0.625;0.472;0.77;1.127;0.817;0.704;0.831;0.83;0.842;0.883;0.69;0.686;0.748;0.585;1.070;0.894;0.671;0.804;1.273;0.548;0.605;0.606;0.584;0.584;0.532;0.551;0.606;0.809;0.823;0.901;0.604;1.313;0.841;0.899;0.64;0.631;0.791;0.72;0.735;0.835;0.602;0.467;0.821;0.936;0.665;0.567;0.605;0.585;0.633;0.777;0.745;0.6;0.582;0.727;0.624;0.678;0.531;0.604;0.525;0.648;0.598;0.872;0.712;0.644;0.587;0.471;0.727;0.862;0.302;0.438;0.549;0.645;0.618;0.544;0.548;0.571;0.64;0.606;0.334;0.92;0.365;0.518;0.591;0.571;0.49;0.607;0.576;0.546;0.669;0.751;0.539;0.587;0.561;0.744;0.686;0.521;0.628;0.489;0.438;0.424;0.454;1.029;1.077;1.110;0.833;0.858;0.68;0.841;0.712;0.639;0.57;0.684;1.078;0.901;0.571;0.537;1.182;0.913;0.875;0.701;1.743;1.054;0.74;0.543;0.499;0.347;0.848;0.784;0.615;0.789;0.662;0.623;0.675;0.751;0.929;0.671;0.874;0.753;1.300;1.016;0.674;0.672;0.675;0.978;0.183;0.185;0.147;0.199;0.221;0.176;0.273;0.208;0.233;0.173;0.175;0.172;0.417;0.266;0.247;0.277;0.208;0.231;0.188;0.246;1.193;0.656;0.769;0.674;0.39;1.011;0.38;0.456;0.357;0.497;0.409;0.37;0.418;0.465;0.374;0.446;0.363;0.399;0.255;0.224;0.254;0.398;0.305;0.682;0.159;0.15;0.134;0.162;0.124;0.09;0.108;0.164;0.095;0.169;0.259;0.451;0.309;0.254;0.153;0.183;0.303;0.422;0.392;0.18;0.393;0.254;0.229;0.254;0.322;0.397;0.4;0.192;0.316;0.329;0.202;0.413;0.294;0.341;0.288;0.252;0.238;0.273;2.252;0.174;0.187;0.115;0.26;0.357;0.387;0.258;0.362;0.317;0.413;0.342;0.4;0.379;0.316;0.145;0.319;0.272;0.338;0.235;0.351;0.361;0.385;0.366;0.463;0.347;0.291;0.309;0.229;0.208;0.512;0.589;0.241;0.23;0.256;0.294;0.28;0.266;0.259;0.321;0.262;0.177;0.152;0.227;0.412;0.241;0.207;0.184;0.531
2025;AUS;Australia;0.679;0.954;0.563;0.615;0.655;0.991;1.349;2.244;0.466;0.789;0.426;0.473;0.442;0.502;0.825;1.193;0.999;0.469;0.834;0.239;0.403;6.540;1.192;1.044;0.331;0.334;0.478;0.353;0.349;0.457;0.402;0.312;0.504;0.42;0.362;0.451;0.488;0.408;0.414;0.47;0.556;0.644;3.645;0.763;0.668;0.587;1.818;0.481;0.395;0.884;0.73;0.712;3.786;1.242;1.940;1.232;1.282;1.176;1.419;1.546;1.479;1.786;1.284;0.959;1.033;0.898;0.722;1.057;1.163;0.609;0.76;0.688;0.867;1.035;0.557;0.697;0.764;1.090;0.661;0.891;0.517;0.445;0.567;0.669;0.425;0.451;0.37;0.37;0.454;0.549;0.517;0.549;0.917;0.582;0.567;0.69;0.525;0.58;0.654;0.455;0.435;0.498;0.656;0.543;0.409;0.506;0.555;0.671;0.292;0.313;0.355;0.367;0.466;0.364;0.699;0.439;0.525;0.454;0.299;0.425;0.428;0.386;0.257;0.281;0.37;0.292;0.257;0.287;0.726;0.542;0.436;0.59;0.56;0.579;0.662;0.589;0.532;0.553;0.43;0.746;1.002;0.524;0.704;0.969;0.33;0.517;0.525;0.427;0.444;0.491;0.439;0.557;0.837;0.593;0.863;0.546;1.378;0.742;0.825;0.682;0.618;0.773;0.612;0.591;0.823;0.522;0.408;0.726;1.031;0.791;0.447;0.431;0.39;0.462;0.621;0.714;0.478;0.318;0.408;0.392;0.449;0.356;0.34;0.441;0.446;0.387;0.502;0.513;0.495;0.572;0.621;0.955;1.381;0.416;0.631;0.542;0.527;0.777;0.486;0.881;0.805;1.044;0.54;0.529;1.071;0.448;0.503;0.549;0.547;0.493;0.538;0.498;0.562;0.602;0.79;0.376;0.609;0.512;0.752;0.857;0.571;0.689;0.41;0.475;0.344;0.553;1.021;1.095;1.355;0.643;0.763;0.478;0.693;0.545;0.471;0.403;1.551;4.016;2.485;1.325;0.541;2.103;1.237;0.931;0.817;1.384;0.921;0.953;0.399;0.328;0.342;1.162;0.649;0.441;0.631;0.588;0.432;0.599;0.643;0.547;0.499;0.593;0.422;0.678;0.831;0.525;0.468;0.462;1.017;0.221;0.202;0.194;0.252;0.31;0.238;0.348;0.264;0.352;0.266;0.107;0.261;0.525;0.312;0.293;0.31;0.33;0.324;0.202;0.288;1.331;0.802;0.733;0.713;0.555;1.125;0.429;0.474;0.254;0.326;0.319;0.279;0.339;0.327;0.307;0.314;0.242;0.286;0.415;0.353;0.46;0.223;0.169;0.252;0.123;0.113;0.105;0.11;0.08;0.047;0.037;0.122;0.048;0.079;0.142;0.279;0.304;0.31;0.138;0.147;0.156;0.243;0.245;0.141;0.249;0.194;0.191;0.207;0.223;0.307;0.224;0.255;0.208;0.34;0.141;0.341;0.197;0.321;0.211;0.197;0.199;0.21;1.447;0.139;0.172;0.111;0.112;0.123;0.181;0.113;0.154;0.117;0.178;0.163;0.183;0.2;0.162;0.139;0.224;0.099;0.112;0.099;0.098;0.155;0.2;0.162;0.229;0.528;0.348;0.422;0.292;0.319;0.313;0.299;0.159;0.154;0.155;0.173;0.121;0.151;0.135;0.175;0.288;0.184;0.116;0.283;0.622;0.366;0.25;0.201;0.397
2025;AUT;Austria;0.428;0.592;0.338;0.429;0.44;0.701;0.818;1.380;0.258;0.495;0.253;0.306;0.306;1.021;1.713;2.113;1.703;0.808;1.445;0.238;0.545;2.442;1.020;1.039;0.202;0.205;0.317;0.202;0.212;0.283;0.237;0.202;0.346;0.249;0.211;0.283;0.314;0.271;0.277;0.278;0.366;0.506;3.954;0.858;0.552;0.432;1.293;0.314;0.241;0.748;0.467;0.58;3.065;0.976;0.815;0.829;0.607;0.68;0.91;0.689;1.152;1.099;0.792;0.592;0.663;0.465;0.45;0.599;0.572;0.333;0.482;0.455;0.473;0.723;0.302;0.411;0.479;0.894;0.354;0.541;0.343;0.287;0.377;0.44;0.27;0.286;0.219;0.305;0.367;0.382;0.402;0.326;0.554;0.37;0.364;0.408;0.316;0.342;0.388;0.34;0.272;0.304;0.463;0.401;0.256;0.345;0.319;0.439;0.194;0.19;0.221;0.239;0.296;0.233;0.475;0.276;0.324;0.277;0.178;0.243;0.226;0.212;0.157;0.174;0.215;0.181;0.164;0.193;0.419;0.374;0.312;0.403;0.38;0.392;0.42;0.392;0.293;0.399;0.271;0.467;0.53;0.303;0.477;0.558;0.197;0.41;0.41;0.353;0.325;0.339;0.268;0.391;0.406;0.349;0.577;0.342;1.297;0.593;0.604;0.391;0.315;0.393;0.383;0.374;0.548;0.325;0.277;0.565;0.669;0.474;0.251;0.333;0.262;0.645;0.718;0.967;0.562;0.258;0.369;0.306;0.436;0.192;0.349;0.368;0.432;0.313;0.44;0.611;0.559;0.377;0.318;0.528;0.669;0.192;0.333;0.338;0.367;0.373;0.333;0.386;0.336;0.386;0.308;0.229;0.487;0.258;0.26;0.294;0.328;0.27;0.283;0.317;0.329;0.328;0.408;0.233;0.366;0.276;0.358;0.419;0.337;0.334;0.252;0.245;0.214;0.274;1.159;1.163;1.333;0.651;0.643;0.424;0.787;0.582;0.446;0.425;0.957;1.148;0.77;0.496;0.436;0.99;1.018;0.821;0.549;1.138;0.653;0.354;0.182;0.168;0.121;0.493;0.316;0.452;0.528;0.396;0.373;0.598;0.497;0.338;0.297;0.344;0.252;0.388;0.42;0.338;0.283;0.27;0.98;0.117;0.102;0.098;0.142;0.16;0.117;0.179;0.145;0.168;0.129;0.111;0.11;0.253;0.127;0.132;0.139;0.143;0.141;0.101;0.148;0.975;0.39;0.835;0.362;0.28;0.71;0.229;0.089;0.152;0.292;0.251;0.225;0.235;0.2;0.139;0.204;0.109;0.147;0.18;0.156;0.165;0.153;0.107;0.257;0.098;0.089;0.088;0.099;0.116;0.044;0.074;0.109;0.064;0.095;0.223;0.254;0.191;0.13;0.1;0.091;0.112;0.19;0.156;0.166;0.158;0.14;0.12;0.118;0.161;0.2;0.177;0.121;0.153;0.139;0.05;0.198;0.087;0.131;0.086;0.083;0.092;0.086;1.758;0.127;0.145;0.064;0.105;0.148;0.183;0.145;0.164;0.133;0.226;0.211;0.199;0.205;0.177;0.098;0.278;0.081;0.133;0.055;0.112;0.162;0.203;0.174;0.253;0.169;0.152;0.177;0.109;0.152;0.217;0.199;0.137;0.148;0.107;0.222;0.142;0.193;0.17;0.218;0.19;0.109;0.07;0.112;0.226;0.196;0.139;0.132;0.472
2025;BDI;Burundi;0.246;0.351;0.18;0.186;0.205;0.369;0.395;0.542;0.114;0.209;0.105;0.144;0.119;0.297;0.437;0.497;0.43;0.267;0.404;0.169;0.26;0.828;0.34;0.619;0.289;0.309;0.386;0.311;0.264;0.424;0.337;0.297;0.429;0.357;0.238;0.424;0.241;0.191;0.192;0.199;0.437;0.569;3.629;1.364;0.655;0.611;1.284;0.407;0.309;0.624;0.552;0.92;1.042;0.574;0.568;0.584;0.403;0.436;0.538;0.499;0.407;0.506;0.583;0.468;0.433;0.371;0.368;0.408;0.518;0.317;0.38;0.467;0.409;0.567;0.308;0.383;0.503;0.51;0.384;0.4;0.335;0.3;0.346;0.41;0.283;0.322;0.353;0.366;0.308;0.398;0.349;0.338;0.558;0.454;0.398;0.417;0.317;0.386;0.391;0.337;0.286;0.332;0.419;0.394;0.285;0.351;0.334;0.456;0.277;0.357;0.314;0.296;0.351;0.284;0.671;0.381;0.432;0.364;0.267;0.302;0.286;0.283;0.254;0.284;0.328;0.3;0.22;0.365;0.543;0.406;0.349;0.418;0.395;0.418;0.446;0.346;0.339;0.375;0.286;0.532;0.456;0.326;0.408;0.628;0.265;0.295;0.296;0.285;0.287;0.261;0.268;0.3;0.399;0.406;0.448;0.298;0.684;0.425;0.447;0.318;0.309;0.389;0.35;0.354;0.422;0.296;0.228;0.407;0.471;0.335;0.269;0.276;0.275;0.304;0.374;0.369;0.289;0.255;0.35;0.298;0.328;0.256;0.291;0.26;0.311;0.288;0.414;0.345;0.318;0.307;0.253;0.397;0.432;0.157;0.229;0.285;0.312;0.324;0.262;0.298;0.301;0.344;0.305;0.171;0.47;0.183;0.269;0.307;0.291;0.245;0.3;0.291;0.279;0.327;0.389;0.256;0.28;0.284;0.373;0.332;0.252;0.309;0.238;0.214;0.203;0.221;0.442;0.464;0.458;0.39;0.403;0.325;0.383;0.333;0.297;0.274;0.311;0.46;0.409;0.26;0.257;0.561;0.438;0.432;0.329;0.68;0.456;0.339;0.26;0.237;0.167;0.357;0.362;0.302;0.379;0.314;0.3;0.337;0.359;0.43;0.323;0.41;0.34;0.556;0.502;0.326;0.302;0.317;0.473;0.085;0.087;0.068;0.093;0.103;0.084;0.126;0.098;0.111;0.084;0.081;0.081;0.186;0.129;0.118;0.133;0.103;0.111;0.09;0.118;0.464;0.262;0.295;0.264;0.195;0.382;0.165;0.192;0.164;0.232;0.196;0.175;0.2;0.216;0.176;0.211;0.167;0.183;0.12;0.105;0.114;0.189;0.147;0.3;0.074;0.069;0.063;0.076;0.059;0.042;0.051;0.066;0.046;0.08;0.112;0.187;0.138;0.119;0.073;0.087;0.14;0.18;0.175;0.086;0.187;0.119;0.108;0.122;0.149;0.19;0.186;0.095;0.149;0.155;0.095;0.178;0.137;0.162;0.137;0.119;0.115;0.126;0.868;0.083;0.09;0.055;0.124;0.17;0.183;0.122;0.17;0.149;0.193;0.161;0.195;0.183;0.156;0.072;0.157;0.128;0.161;0.11;0.165;0.175;0.188;0.162;0.224;0.17;0.145;0.153;0.114;0.101;0.243;0.268;0.117;0.111;0.126;0.141;0.128;0.126;0.126;0.152;0.134;0.086;0.074;0.108;0.199;0.115;0.098;0.092;0.206
2025;BEL;Belgium;0.741;0.975;0.555;0.673;0.724;1.121;1.339;2.202;0.416;0.8;0.392;0.395;0.405;0;0;0.884;0.817;0.415;0.662;0;0.543;1.192;0.342;1.003;0.278;0.244;0.359;0.276;0.254;0.336;0.277;0.237;0.404;0.328;0.252;0.336;0.347;0.263;0.312;0.342;0.473;0.534;4.284;0.831;0.655;0.549;1.737;0.511;0.252;0.853;0.561;0.615;2.085;1.006;1.016;0.8;0.671;0.822;1.064;0.812;1.241;1.260;0.825;0.681;0.641;0.509;0.489;0.616;0.657;0.436;0.564;0.508;0.496;0.77;0.366;0.512;0.505;0.945;0.41;0.541;0.401;0.338;0.431;0.569;0.281;0.322;0.25;0.337;0.459;0.451;0.516;0.398;0.66;0.435;0.464;0.479;0.366;0.431;0.418;0.343;0.293;0.351;0.587;0.496;0.289;0.419;0.361;0.597;0.224;0.193;0.279;0.271;0.28;0.269;0.565;0.353;0.425;0.345;0.206;0.31;0.306;0.288;0.172;0.228;0.324;0.238;0.184;0.244;0.623;0.482;0.436;0.637;0.653;0.539;0.721;0.61;0.499;0.52;0.394;0.583;0.72;0.37;0.709;0.75;0.242;0.402;0.391;0.377;0.324;0.328;0.296;0.416;0.476;0.438;0.521;0.396;0.91;0.487;0.498;0.35;0.56;0.53;0.449;0.422;0.472;0.497;0.339;0.399;0.555;0.428;0.307;0.305;0.285;0.304;0.377;0.419;0.331;0.281;0.326;0.315;0.381;0.256;0.288;0.496;0.296;0.316;0.486;0.369;0.352;0.447;0.415;0.644;0.999;0.315;0.488;0.482;0.434;0.485;0.406;0.461;0.44;0.502;0.413;0.297;0.7;0.362;0.348;0.372;0.436;0.315;0.425;0.423;0.405;0.329;0.433;0.3;0.494;0.308;0.439;0.482;0.412;0.459;0.325;0.336;0.266;0.299;0.819;0.769;0.903;0.475;0.621;0.345;0.601;0.412;0.382;0.346;0.646;1.500;1.048;0.612;0.338;0.84;0.917;0.742;0.515;1.199;0.705;0.431;0.163;0.162;0.133;0.639;0.337;0.401;0.462;0.343;0.3;0.544;0.482;0.434;0.356;0.421;0.312;0.571;0.516;0.344;0.397;0.313;0.937;0.14;0.125;0.114;0.145;0.217;0.14;0.204;0.184;0.205;0.165;0.012;0.128;0.27;0.145;0.143;0.141;0.151;0.208;0.127;0.169;1.049;0.386;2.796;0.295;0.296;0.458;0.218;0.226;0.212;0.266;0.215;0.163;0.197;0.184;0.133;0.209;0.157;0.168;0.117;0.129;0.139;0.162;0.124;0.307;0.099;0.094;0.088;0.099;0.06;0.047;0.089;0.157;0.061;0.106;0.096;0.275;0.213;0.121;0.072;0.079;0.134;0.276;0.201;0.128;0.125;0.121;0.098;0.078;0.145;0.153;0.13;0.121;0.099;0.159;0.112;0.321;0.154;0.25;0.147;0.154;0.158;0.159;1.776;0.078;0.057;0.05;0.114;0.133;0.14;0.122;0.18;0.139;0.196;0.155;0.135;0.175;0.139;0.049;0.238;0.077;0.125;0.088;0.128;0.139;0.193;0.163;0.209;0.299;0.215;0.222;0.158;0.208;0.25;0.232;0.168;0.136;0.181;0.189;0.149;0.198;0.135;0.181;0.501;0.074;0.048;0.172;0.115;0.128;0.097;0.096;0.45
2025;BEN;Benin;0.959;1.664;0.672;0.583;0.892;1.575;1.908;2.552;0.438;0.824;0.342;0.481;0.335;1.132;1.808;1.824;1.516;0.711;1.231;0.348;0.57;3.402;1.373;1.785;0.582;0.606;0.903;0.673;0.549;0.858;0.715;0.594;0.988;0.768;0.5;0.908;0.45;0.425;0.36;0.397;1.075;1.336;17.132;3.539;1.625;1.450;5.441;0.776;0.593;1.510;1.241;2.389;4.134;1.581;1.098;1.230;0.758;0.902;1.117;0.911;1.000;1.128;1.416;1.077;1.033;0.834;0.76;0.994;1.031;0.658;0.854;0.978;0.871;1.348;0.555;0.784;1.051;1.279;0.775;0.907;0.715;0.559;0.747;0.919;0.508;0.624;0.62;0.622;0.667;0.85;0.843;0.686;1.218;0.937;0.855;0.865;0.609;0.759;0.828;0.618;0.547;0.636;0.951;0.83;0.528;0.705;0.648;1.017;0.443;0.585;0.531;0.504;0.59;0.492;1.213;0.644;0.768;0.634;0.449;0.542;0.523;0.511;0.427;0.497;0.569;0.522;0.355;0.638;0.997;0.801;0.719;0.906;0.84;0.918;1.006;0.752;0.639;0.754;0.52;1.012;0.945;0.594;0.891;1.267;0.463;0.528;0.531;0.51;0.545;0.52;0.475;0.596;0.752;0.757;0.885;0.573;1.690;0.901;0.912;0.642;0.591;0.752;0.643;0.669;0.888;0.575;0.406;0.82;0.994;0.698;0.542;0.665;0.585;0.669;0.882;0.884;0.622;0.688;0.703;0.558;0.61;0.472;0.55;0.503;0.654;0.602;0.824;0.744;0.721;0.727;0.679;1.203;1.369;0.381;0.626;0.69;0.662;0.837;0.546;0.82;0.793;0.947;0.635;0.395;1.157;0.438;0.627;0.676;0.674;0.545;0.58;0.645;0.65;0.604;0.925;0.455;0.603;0.624;0.8;0.667;0.515;0.61;0.431;0.42;0.352;0.398;1.205;1.207;1.409;0.821;0.845;0.627;0.874;0.682;0.594;0.553;1.077;1.444;1.213;0.762;0.552;1.373;1.182;0.957;0.782;2.301;1.245;0.808;0.469;0.409;0.309;1.115;0.681;0.616;0.782;0.602;0.543;0.732;0.682;1.113;0.812;0.941;0.92;1.530;1.056;0.741;0.699;0.679;1.136;0.199;0.169;0.14;0.206;0.246;0.162;0.296;0.206;0.26;0.175;0.129;0.217;0.528;0.253;0.25;0.251;0.239;0.216;0.173;0.24;1.742;1.003;1.074;1.008;0.518;1.488;0.488;0.641;0.398;0.485;0.37;0.335;0.379;0.438;0.325;0.388;0.331;0.389;0.225;0.195;0.247;0.365;0.283;0.718;0.132;0.131;0.114;0.13;0.103;0.068;0.087;0.209;0.079;0.159;0.321;0.599;0.368;0.251;0.131;0.155;0.267;0.463;0.36;0.159;0.367;0.217;0.195;0.23;0.297;0.337;0.302;0.177;0.265;0.32;0.163;0.494;0.246;0.332;0.26;0.218;0.239;0.261;3.175;0.183;0.194;0.105;0.223;0.308;0.344;0.217;0.292;0.275;0.365;0.326;0.374;0.359;0.313;0.145;0.309;0.216;0.278;0.177;0.275;0.315;0.345;0.388;0.433;0.349;0.316;0.33;0.229;0.208;0.476;0.602;0.214;0.205;0.251;0.295;0.286;0.325;0.237;0.315;0.317;0.165;0.148;0.242;0.378;0.246;0.201;0.185;0.752
2025;BFA;Burkina Faso;0.431;0.681;0.31;0.297;0.38;0.675;0.775;1.047;0.198;0.368;0.169;0.234;0.181;0.524;0.804;0.868;0.736;0.407;0.651;0.226;0.36;2.458;0.61;1.005;0.382;0.404;0.538;0.422;0.353;0.56;0.454;0.391;0.595;0.483;0.32;0.57;0.322;0.274;0.257;0.27;0.649;0.843;7.119;1.982;0.943;0.864;2.381;0.547;0.41;0.917;0.818;1.344;1.868;0.872;0.794;0.855;0.551;0.608;0.769;0.676;0.592;0.722;0.844;0.668;0.618;0.52;0.501;0.587;0.704;0.435;0.535;0.65;0.573;0.826;0.402;0.525;0.7;0.742;0.522;0.567;0.458;0.394;0.475;0.573;0.371;0.431;0.472;0.459;0.426;0.556;0.5;0.462;0.794;0.631;0.551;0.581;0.422;0.522;0.546;0.443;0.38;0.442;0.585;0.54;0.375;0.473;0.449;0.639;0.351;0.465;0.404;0.376;0.446;0.363;0.921;0.492;0.573;0.467;0.344;0.393;0.373;0.367;0.32;0.368;0.424;0.391;0.275;0.477;0.713;0.542;0.478;0.578;0.534;0.591;0.63;0.479;0.446;0.509;0.371;0.744;0.629;0.434;0.567;0.856;0.346;0.381;0.383;0.366;0.379;0.35;0.343;0.399;0.533;0.54;0.607;0.394;0.995;0.584;0.609;0.427;0.409;0.523;0.462;0.464;0.571;0.395;0.294;0.548;0.641;0.452;0.367;0.4;0.382;0.425;0.535;0.531;0.401;0.381;0.48;0.395;0.437;0.346;0.397;0.355;0.428;0.393;0.545;0.476;0.451;0.436;0.375;0.634;0.7;0.224;0.344;0.415;0.43;0.483;0.358;0.447;0.447;0.518;0.423;0.244;0.665;0.26;0.387;0.432;0.411;0.343;0.396;0.404;0.398;0.442;0.563;0.331;0.386;0.402;0.544;0.461;0.349;0.426;0.312;0.291;0.261;0.285;0.664;0.693;0.734;0.528;0.547;0.427;0.538;0.45;0.401;0.37;0.516;0.729;0.63;0.397;0.348;0.851;0.654;0.609;0.465;1.116;0.685;0.479;0.332;0.298;0.217;0.563;0.464;0.403;0.509;0.409;0.386;0.458;0.468;0.642;0.48;0.582;0.516;0.833;0.707;0.466;0.424;0.439;0.676;0.123;0.119;0.095;0.132;0.151;0.115;0.185;0.136;0.16;0.117;0.099;0.123;0.298;0.184;0.172;0.187;0.154;0.155;0.123;0.167;0.797;0.454;0.499;0.458;0.286;0.678;0.255;0.315;0.238;0.323;0.259;0.233;0.267;0.293;0.236;0.272;0.227;0.251;0.163;0.139;0.159;0.26;0.196;0.455;0.096;0.091;0.081;0.097;0.075;0.051;0.064;0.104;0.057;0.105;0.176;0.302;0.205;0.17;0.095;0.115;0.186;0.262;0.235;0.112;0.258;0.155;0.141;0.165;0.204;0.258;0.238;0.125;0.199;0.219;0.119;0.267;0.175;0.22;0.179;0.154;0.155;0.17;1.529;0.117;0.129;0.073;0.163;0.231;0.247;0.161;0.218;0.194;0.258;0.228;0.275;0.259;0.216;0.102;0.212;0.165;0.212;0.137;0.214;0.239;0.258;0.232;0.315;0.239;0.202;0.213;0.156;0.139;0.33;0.376;0.153;0.15;0.165;0.198;0.179;0.185;0.168;0.214;0.186;0.115;0.099;0.149;0.29;0.16;0.133;0.125;0.354
2025;BGD;Bangladesh;0.608;1.011;0.437;0.401;0.558;0.969;1.165;1.560;0.29;0.528;0.231;0.329;0.241;0.753;1.179;1.250;1.048;0.545;0.906;0.268;0.447;4.837;0.897;1.407;0.453;0.47;0.679;0.517;0.424;0.67;0.555;0.465;0.751;0.595;0.392;0.691;0.387;0.357;0.314;0.333;0.852;1.119;10.673;2.562;1.220;1.100;3.491;0.658;0.481;1.206;1.093;1.764;2.713;1.198;1.011;1.161;0.703;0.788;1.017;0.839;0.791;0.945;1.128;0.876;0.815;0.666;0.627;0.777;0.873;0.548;0.701;0.835;0.74;1.101;0.482;0.664;0.896;0.998;0.651;0.738;0.581;0.481;0.605;0.741;0.45;0.529;0.585;0.508;0.531;0.717;0.635;0.584;1.039;0.808;0.7;0.748;0.516;0.651;0.704;0.538;0.463;0.539;0.758;0.682;0.45;0.584;0.554;0.826;0.399;0.547;0.468;0.428;0.502;0.422;1.155;0.58;0.7;0.545;0.402;0.471;0.447;0.434;0.359;0.433;0.499;0.465;0.303;0.557;0.853;0.668;0.606;0.739;0.646;0.77;0.821;0.612;0.546;0.645;0.444;0.982;0.819;0.535;0.732;1.068;0.42;0.456;0.458;0.434;0.461;0.432;0.405;0.49;0.658;0.668;0.76;0.481;1.334;0.745;0.764;0.527;0.495;0.646;0.556;0.543;0.715;0.484;0.351;0.678;0.805;0.567;0.457;0.522;0.483;0.541;0.696;0.7;0.509;0.504;0.599;0.478;0.537;0.434;0.502;0.462;0.537;0.489;0.635;0.601;0.585;0.578;0.516;0.921;1.008;0.302;0.474;0.562;0.537;0.668;0.445;0.624;0.613;0.721;0.544;0.325;0.845;0.338;0.521;0.575;0.534;0.439;0.476;0.515;0.522;0.552;0.759;0.38;0.485;0.525;0.732;0.585;0.447;0.548;0.38;0.364;0.307;0.335;0.863;0.896;1.000;0.631;0.66;0.498;0.669;0.539;0.484;0.454;0.743;1.001;0.86;0.537;0.422;1.165;0.879;0.783;0.589;1.518;0.895;0.598;0.378;0.331;0.255;0.754;0.516;0.488;0.613;0.476;0.447;0.575;0.544;0.855;0.645;0.741;0.691;1.078;0.91;0.606;0.524;0.549;0.872;0.16;0.145;0.118;0.169;0.198;0.143;0.244;0.17;0.211;0.149;0.101;0.168;0.419;0.241;0.23;0.241;0.21;0.197;0.152;0.216;1.129;0.655;0.694;0.656;0.388;0.975;0.343;0.442;0.31;0.404;0.31;0.279;0.325;0.352;0.285;0.313;0.273;0.309;0.198;0.164;0.197;0.326;0.237;0.61;0.109;0.106;0.092;0.108;0.084;0.055;0.07;0.139;0.064;0.122;0.24;0.416;0.269;0.22;0.111;0.137;0.22;0.331;0.277;0.131;0.322;0.178;0.164;0.202;0.251;0.319;0.266;0.154;0.239;0.281;0.13;0.35;0.196;0.27;0.211;0.178;0.188;0.204;2.209;0.148;0.168;0.088;0.193;0.286;0.3;0.191;0.249;0.226;0.308;0.294;0.358;0.337;0.277;0.134;0.267;0.187;0.253;0.148;0.245;0.298;0.325;0.292;0.406;0.311;0.261;0.275;0.199;0.176;0.41;0.471;0.183;0.185;0.195;0.253;0.222;0.245;0.205;0.274;0.236;0.14;0.121;0.187;0.389;0.2;0.163;0.156;0.501
2025;BGR;Bulgaria;0.675;0.903;0.499;0.621;0.636;1.007;1.205;2.064;0.497;0.724;0.434;0.719;0.451;0.961;1.405;1.472;1.161;0.601;0.984;0.385;0.714;3.503;0.933;1.552;0.511;0.519;0.694;0.553;0.506;0.682;0.589;0.473;0.747;0.532;0.446;0.698;0.67;0.513;0.535;0.533;1.028;1.368;11.580;2.539;1.428;1.187;3.551;0.618;0.516;1.491;1.090;1.691;4.141;1.235;1.403;1.256;1.000;1.173;1.514;1.126;1.937;1.919;0.987;0.958;0.851;0.631;0.666;0.755;0.909;0.509;0.72;0.707;0.693;0.938;0.501;0.677;0.719;1.058;0.598;0.785;0.805;0.502;0.709;1.068;0.588;0.636;0.392;0.487;0.717;0.862;0.879;0.706;1.264;0.923;0.918;0.89;0.687;0.724;0.834;0.617;0.635;0.639;0.962;0.864;0.561;0.72;0.73;1.031;0.383;0.495;0.433;0.488;0.555;0.446;1.140;0.705;0.773;0.676;0.448;0.569;0.531;0.517;0.325;0.356;0.46;0.375;0.335;0.508;1.261;0.835;0.625;0.663;0.734;0.764;0.73;0.872;0.659;0.888;0.57;1.046;1.154;0.641;1.051;1.197;0.449;0.437;0.42;0.461;0.495;0.463;0.436;0.589;0.73;0.725;0.811;0.394;1.685;0.791;0.815;1.232;0.804;1.198;0.885;0.834;1.500;1.248;0.581;0.808;1.218;1.445;0.436;0.441;0.448;0.423;0.516;0.482;0.429;0.339;0.421;0.415;0.485;0.35;0.349;0.367;0.378;0.397;0.755;0.502;0.4;0.635;0.613;0.953;1.322;0.398;0.684;0.728;0.734;0.806;0.663;0.785;0.706;0.754;0.683;0.56;0.738;0.687;0.614;0.788;0.73;0.486;0.628;0.651;0.678;0.724;0.789;0.505;0.745;0.547;0.608;0.664;0.434;0.466;0.39;0.36;0.316;0.332;1.505;1.330;1.526;0.948;1.166;0.68;0.861;0.787;0.671;1.108;0.832;1.911;1.394;0.85;1.045;3.824;3.092;1.476;2.085;1.439;1.089;3.183;0.729;0.403;0.503;4.311;1.351;0.704;1.330;1.111;0.688;1.232;1.130;0.875;0.685;0.699;0.602;0.767;0.921;0.809;0.602;0.605;0.749;0.246;0.202;0.193;0.29;0.524;0.227;0.367;0.277;0.361;0.277;0.128;0.243;0.62;0.273;0.295;0.309;0.3;0.351;0.254;0.316;0.88;1.046;1.546;0.956;0.669;1.511;0.566;0.391;0.401;0.224;0.209;0.197;0.212;0.204;0.14;0.202;0.125;0.173;0.369;0.237;0.287;0.184;0.136;0.341;0.129;0.14;0.117;0.126;0.088;0.05;0.066;0.126;0.106;0.155;0.233;0.285;0.296;0.202;0.151;0.119;0.15;0.212;0.164;0.136;0.241;0.188;0.177;0.171;0.234;0.27;0.25;0.211;0.213;0.318;0.164;0.508;0.231;0.412;0.233;0.232;0.448;0.242;2.824;0.06;0.061;0.057;0.191;0.267;0.316;0.218;0.281;0.238;0.337;0.266;0.257;0.297;0.254;0.077;0.375;0.144;0.127;0.109;0.141;0.266;0.309;0.236;0.355;0.51;0.361;0.432;0.28;0.319;0.345;0.296;0.351;0.366;0.408;0.455;0.25;0.229;0.201;0.234;0.524;0.158;0.102;0.207;0.427;0.205;0.138;0.149;0.312
2025;BHR;Bahrain;1.435;2.532;0.998;0.847;1.300;2.413;2.889;3.778;0.592;1.193;0.472;0.64;0.452;1.661;2.703;2.658;2.193;0.972;1.696;0.457;0.707;5.334;1.874;2.593;0.74;0.782;1.070;0.821;0.701;1.009;0.876;0.743;1.133;0.907;0.6;1.113;0.599;0.551;0.474;0.513;1.474;1.813;26.174;3.848;1.811;1.652;8.153;1.052;0.827;1.927;1.675;2.618;6.006;1.782;1.520;1.522;0.994;1.117;1.363;1.231;1.071;1.348;1.503;1.211;1.100;0.95;0.902;1.058;1.290;0.79;0.952;1.162;1.021;1.548;0.728;0.933;1.253;1.319;0.951;1.038;0.807;0.692;0.845;1.017;0.651;0.772;0.836;0.861;0.892;0.991;1.151;0.831;1.423;1.118;0.984;1.028;0.749;0.931;0.967;0.788;0.679;0.788;1.034;0.964;0.672;0.851;0.803;1.130;0.651;0.84;0.747;0.702;0.846;0.657;1.674;0.878;1.013;0.837;0.621;0.703;0.666;0.66;0.591;0.665;0.762;0.703;0.516;0.881;1.302;0.956;0.859;1.034;1.062;1.081;1.136;0.861;0.782;0.882;0.659;1.261;1.071;0.769;0.999;1.542;0.613;0.676;0.674;0.651;0.674;0.636;0.612;0.713;0.931;0.941;1.062;0.699;1.760;1.026;1.082;0.761;0.733;0.928;0.827;0.858;1.005;0.708;0.522;0.978;1.136;0.797;0.715;0.892;0.775;0.834;1.075;1.020;0.781;0.945;0.901;0.74;0.787;0.624;0.725;0.614;0.83;0.759;1.072;0.919;0.847;0.757;0.66;1.143;1.476;0.403;0.641;0.731;0.822;0.862;0.685;0.781;0.801;0.923;0.738;0.433;1.230;0.49;0.671;0.733;0.742;0.626;0.705;0.723;0.714;0.777;0.987;0.612;0.766;0.707;0.951;0.852;0.654;0.76;0.555;0.53;0.471;0.51;1.696;1.728;2.032;1.078;1.107;0.81;1.186;0.913;0.811;0.705;1.299;1.958;1.527;0.96;0.689;1.745;1.401;1.133;0.994;3.429;1.737;1.069;0.613;0.556;0.401;1.536;0.948;0.743;0.986;0.792;0.707;0.847;0.888;1.427;0.985;1.215;1.207;2.159;1.280;0.912;0.966;0.891;1.364;0.265;0.228;0.192;0.275;0.319;0.217;0.397;0.269;0.328;0.218;0.187;0.269;0.709;0.331;0.331;0.336;0.286;0.288;0.227;0.315;2.504;1.386;1.584;1.430;0.576;2.189;0.659;0.871;0.523;0.656;0.484;0.451;0.501;0.594;0.448;0.522;0.465;0.533;0.309;0.267;0.353;0.494;0.365;1.051;0.185;0.183;0.157;0.185;0.14;0.099;0.121;0.305;0.104;0.206;0.444;0.842;0.492;0.34;0.178;0.212;0.377;0.673;0.523;0.208;0.491;0.298;0.266;0.303;0.413;0.466;0.448;0.218;0.371;0.433;0.225;0.685;0.342;0.431;0.347;0.293;0.296;0.355;4.711;0.231;0.246;0.135;0.304;0.422;0.467;0.299;0.414;0.377;0.505;0.445;0.489;0.471;0.387;0.177;0.383;0.303;0.382;0.254;0.391;0.42;0.448;0.547;0.569;0.436;0.371;0.396;0.273;0.259;0.635;0.825;0.275;0.272;0.302;0.38;0.392;0.399;0.3;0.415;0.34;0.212;0.183;0.304;0.514;0.312;0.261;0.219;1.099
2025;BHS;Bahamas;0.371;0.554;0.27;0.27;0.314;0.569;0.625;0.849;0.167;0.313;0.151;0.206;0.168;0.453;0.679;0.755;0.648;0.383;0.592;0.229;0.355;2.009;0.511;0.929;0.387;0.413;0.522;0.417;0.354;0.563;0.452;0.396;0.578;0.478;0.319;0.568;0.331;0.268;0.262;0.272;0.624;0.815;5.800;1.866;0.897;0.834;1.997;0.561;0.423;0.881;0.797;1.261;1.590;0.8;0.804;0.836;0.557;0.601;0.757;0.692;0.558;0.702;0.798;0.643;0.588;0.506;0.498;0.556;0.709;0.431;0.517;0.642;0.562;0.789;0.415;0.522;0.692;0.694;0.522;0.548;0.45;0.401;0.466;0.555;0.382;0.436;0.487;0.487;0.423;0.547;0.486;0.461;0.775;0.626;0.542;0.575;0.427;0.525;0.537;0.454;0.386;0.449;0.565;0.534;0.384;0.475;0.454;0.62;0.375;0.491;0.425;0.398;0.474;0.38;0.945;0.516;0.59;0.487;0.362;0.406;0.384;0.38;0.34;0.384;0.442;0.408;0.296;0.499;0.734;0.544;0.475;0.566;0.534;0.577;0.609;0.469;0.453;0.506;0.382;0.743;0.617;0.444;0.553;0.857;0.358;0.393;0.394;0.377;0.385;0.352;0.355;0.4;0.541;0.548;0.608;0.399;0.935;0.574;0.607;0.428;0.417;0.529;0.475;0.477;0.564;0.399;0.303;0.549;0.633;0.447;0.368;0.386;0.379;0.417;0.516;0.507;0.395;0.358;0.482;0.405;0.446;0.353;0.402;0.354;0.426;0.392;0.556;0.47;0.437;0.413;0.343;0.556;0.614;0.211;0.314;0.39;0.427;0.447;0.357;0.404;0.411;0.47;0.417;0.233;0.634;0.248;0.368;0.417;0.395;0.335;0.402;0.394;0.382;0.45;0.534;0.346;0.382;0.391;0.53;0.462;0.347;0.425;0.32;0.292;0.273;0.295;0.629;0.663;0.671;0.532;0.55;0.438;0.531;0.456;0.408;0.372;0.446;0.657;0.573;0.363;0.347;0.808;0.607;0.595;0.451;1.002;0.647;0.467;0.347;0.315;0.224;0.512;0.485;0.404;0.512;0.421;0.401;0.449;0.482;0.607;0.453;0.569;0.484;0.786;0.698;0.452;0.418;0.437;0.65;0.119;0.121;0.095;0.129;0.145;0.116;0.178;0.136;0.154;0.116;0.108;0.114;0.273;0.184;0.169;0.19;0.147;0.156;0.125;0.166;0.689;0.387;0.438;0.392;0.264;0.581;0.234;0.279;0.23;0.323;0.265;0.239;0.273;0.297;0.243;0.283;0.231;0.251;0.167;0.143;0.159;0.263;0.2;0.44;0.101;0.094;0.084;0.102;0.079;0.055;0.068;0.095;0.06;0.107;0.163;0.272;0.193;0.169;0.099;0.12;0.192;0.253;0.24;0.116;0.26;0.162;0.147;0.169;0.207;0.266;0.254;0.127;0.207;0.219;0.126;0.251;0.184;0.222;0.184;0.16;0.155;0.172;1.335;0.115;0.127;0.075;0.169;0.238;0.254;0.167;0.23;0.201;0.265;0.228;0.276;0.259;0.215;0.101;0.213;0.174;0.222;0.147;0.226;0.245;0.262;0.226;0.317;0.237;0.197;0.208;0.155;0.138;0.334;0.371;0.157;0.154;0.168;0.196;0.177;0.174;0.171;0.213;0.179;0.116;0.1;0.147;0.291;0.158;0.134;0.124;0.309
2025;BLZ;Belize;0.479;0.711;0.347;0.347;0.398;0.738;0.799;1.080;0.208;0.398;0.192;0.258;0.213;0.575;0.862;0.953;0.818;0.483;0.742;0.296;0.45;2.049;0.634;1.165;0.498;0.535;0.656;0.53;0.455;0.715;0.575;0.509;0.722;0.603;0.405;0.724;0.424;0.336;0.335;0.346;0.79;1.023;7.409;2.294;1.107;1.036;2.544;0.721;0.55;1.100;0.995;1.545;2.010;0.971;1.018;1.024;0.703;0.752;0.935;0.881;0.678;0.869;0.968;0.791;0.717;0.628;0.626;0.677;0.898;0.542;0.636;0.799;0.698;0.967;0.534;0.653;0.863;0.838;0.66;0.678;0.561;0.511;0.58;0.686;0.488;0.554;0.621;0.641;0.542;0.679;0.623;0.579;0.956;0.78;0.675;0.715;0.542;0.663;0.666;0.58;0.491;0.57;0.696;0.668;0.492;0.6;0.575;0.766;0.493;0.636;0.555;0.52;0.622;0.493;1.199;0.667;0.753;0.631;0.47;0.521;0.493;0.49;0.445;0.496;0.571;0.525;0.391;0.647;0.943;0.688;0.595;0.704;0.684;0.715;0.751;0.584;0.576;0.633;0.49;0.921;0.763;0.565;0.684;1.079;0.46;0.505;0.506;0.486;0.491;0.446;0.458;0.508;0.685;0.695;0.764;0.507;1.131;0.714;0.762;0.54;0.531;0.67;0.607;0.614;0.705;0.507;0.39;0.693;0.792;0.561;0.47;0.489;0.482;0.526;0.645;0.626;0.499;0.457;0.611;0.52;0.569;0.448;0.509;0.442;0.539;0.497;0.72;0.593;0.543;0.503;0.407;0.64;0.724;0.256;0.374;0.471;0.539;0.533;0.453;0.475;0.491;0.555;0.518;0.285;0.781;0.307;0.446;0.508;0.486;0.417;0.511;0.489;0.468;0.569;0.646;0.45;0.485;0.482;0.648;0.581;0.437;0.532;0.409;0.369;0.354;0.379;0.807;0.852;0.856;0.685;0.707;0.566;0.682;0.588;0.526;0.475;0.541;0.83;0.713;0.453;0.443;0.993;0.75;0.74;0.572;1.297;0.828;0.598;0.451;0.413;0.29;0.653;0.64;0.514;0.655;0.546;0.519;0.564;0.623;0.759;0.56;0.72;0.607;1.013;0.868;0.564;0.541;0.557;0.812;0.15;0.154;0.122;0.164;0.182;0.148;0.224;0.173;0.193;0.145;0.144;0.141;0.338;0.229;0.21;0.238;0.179;0.196;0.159;0.208;0.877;0.486;0.564;0.496;0.322;0.74;0.296;0.35;0.29;0.412;0.341;0.308;0.35;0.383;0.312;0.369;0.299;0.324;0.214;0.186;0.206;0.335;0.255;0.557;0.132;0.123;0.11;0.134;0.103;0.074;0.09;0.124;0.079;0.139;0.205;0.345;0.245;0.213;0.128;0.154;0.25;0.329;0.315;0.15;0.331;0.211;0.191;0.215;0.267;0.339;0.334;0.161;0.266;0.276;0.167;0.322;0.242;0.283;0.239;0.209;0.198;0.223;1.687;0.145;0.158;0.096;0.218;0.303;0.325;0.216;0.301;0.262;0.343;0.288;0.345;0.324;0.269;0.125;0.268;0.228;0.285;0.195;0.295;0.309;0.33;0.292;0.397;0.296;0.245;0.26;0.194;0.174;0.426;0.477;0.202;0.195;0.215;0.247;0.227;0.217;0.218;0.269;0.222;0.148;0.127;0.187;0.36;0.2;0.171;0.156;0.394
2025;BOL;Bolivia;0.975;1.693;0.684;0.592;0.911;1.599;1.946;2.604;0.451;0.841;0.35;0.494;0.342;1.152;1.842;1.860;1.546;0.725;1.258;0.352;0.581;3.651;1.409;1.816;0.591;0.613;0.926;0.688;0.558;0.876;0.73;0.605;1.015;0.786;0.51;0.927;0.455;0.434;0.365;0.403;1.092;1.360;17.439;3.634;1.669;1.486;5.541;0.782;0.595;1.541;1.263;2.460;4.218;1.633;1.110;1.260;0.772;0.923;1.144;0.922;1.033;1.157;1.465;1.109;1.069;0.856;0.778;1.028;1.048;0.674;0.881;1.002;0.894;1.388;0.562;0.803;1.076;1.325;0.791;0.932;0.736;0.571;0.769;0.947;0.516;0.636;0.627;0.623;0.677;0.872;0.856;0.702;1.249;0.959;0.877;0.886;0.62;0.775;0.849;0.628;0.558;0.648;0.981;0.85;0.536;0.72;0.661;1.047;0.442;0.585;0.532;0.505;0.589;0.497;1.224;0.648;0.778;0.641;0.451;0.55;0.531;0.517;0.427;0.502;0.574;0.526;0.353;0.639;1.008;0.819;0.737;0.931;0.853;0.942;1.035;0.773;0.653;0.774;0.529;1.037;0.976;0.603;0.917;1.295;0.469;0.537;0.541;0.519;0.556;0.53;0.483;0.611;0.767;0.773;0.905;0.586;1.750;0.927;0.933;0.656;0.601;0.767;0.652;0.677;0.913;0.586;0.413;0.838;1.021;0.717;0.551;0.679;0.595;0.684;0.903;0.91;0.636;0.702;0.714;0.565;0.619;0.479;0.559;0.517;0.666;0.614;0.832;0.761;0.741;0.754;0.708;1.257;1.422;0.397;0.651;0.717;0.675;0.87;0.556;0.857;0.825;0.987;0.653;0.409;1.191;0.452;0.65;0.702;0.695;0.558;0.591;0.663;0.67;0.615;0.958;0.457;0.615;0.642;0.821;0.68;0.526;0.625;0.438;0.428;0.355;0.403;1.223;1.222;1.432;0.829;0.856;0.633;0.886;0.688;0.6;0.563;1.113;1.479;1.247;0.782;0.563;1.407;1.217;0.98;0.799;2.334;1.265;0.821;0.473;0.41;0.312;1.135;0.682;0.628;0.794;0.608;0.548;0.753;0.689;1.139;0.834;0.958;0.94;1.553;1.080;0.759;0.707;0.691;1.164;0.203;0.171;0.142;0.209;0.252;0.164;0.302;0.209;0.267;0.179;0.127;0.223;0.541;0.258;0.255;0.255;0.246;0.219;0.176;0.245;1.778;1.029;1.092;1.031;0.537;1.516;0.499;0.657;0.406;0.492;0.375;0.338;0.384;0.442;0.328;0.39;0.333;0.393;0.226;0.196;0.249;0.37;0.287;0.727;0.132;0.132;0.114;0.13;0.103;0.067;0.087;0.212;0.08;0.161;0.327;0.612;0.375;0.255;0.132;0.156;0.268;0.468;0.361;0.16;0.371;0.217;0.196;0.233;0.299;0.339;0.3;0.182;0.266;0.324;0.163;0.503;0.245;0.337;0.263;0.22;0.244;0.263;3.231;0.186;0.199;0.106;0.224;0.31;0.347;0.218;0.292;0.277;0.368;0.331;0.38;0.366;0.32;0.149;0.316;0.216;0.28;0.176;0.274;0.319;0.351;0.392;0.441;0.357;0.325;0.339;0.235;0.213;0.482;0.611;0.217;0.208;0.255;0.3;0.29;0.334;0.241;0.32;0.327;0.167;0.15;0.246;0.384;0.25;0.204;0.19;0.766
2025;BRA;Brazil;0.671;0.846;0.443;0.569;0.546;0.948;1.145;1.750;0.327;0.663;0.332;0.051;0.371;0.715;1.120;1.402;1.125;0.461;0.881;0.414;0.365;1.709;0.397;0.712;0.256;0.256;0.434;0.308;0.261;0.45;0.324;0.272;0.478;0.362;0.295;0.381;0.305;0.255;0.273;0.349;0.589;0.695;7.483;1.308;0.694;0.528;4.099;0.406;0.293;0.829;0.574;0.857;3.880;1.163;1.074;1.091;0.545;0.902;0.729;0.716;1.084;0.976;1.161;0.834;0.97;0.764;0.596;0.998;0.95;0.473;0.668;0.633;0.688;0.892;0.407;0.546;0.759;0.943;0.429;0.788;0.574;0.436;0.494;0.609;0.314;0.407;0.337;0.338;0.405;0.492;0.493;0.407;0.608;0.488;0.651;0.496;0.426;0.448;0.465;0.418;0.338;0.358;0.692;0.531;0.319;0.461;0.388;0.579;0.262;0.263;0.283;0.306;0.367;0.316;0.609;0.453;0.479;0.427;0.246;0.374;0.422;0.352;0.213;0.234;0.271;0.234;0.291;0.225;0.597;0.534;0.31;0.317;0.359;0.309;0.357;0.637;0.535;0.597;0.404;0.697;1.104;0.397;0.87;0.851;0.297;0.449;0.476;0.44;0.345;0.426;0.293;0.413;0.598;0.541;0.718;0.515;1.687;0.7;0.692;0.421;0.323;0.514;0.497;0.487;0.719;0.472;0.367;0.561;1.023;0.783;0.26;0.346;0.268;0.438;0.625;0.712;0.399;0.284;0.352;0.34;0.444;0.205;0.269;0.343;0.357;0.342;0.427;0.469;0.514;0.52;0.604;0.723;1.039;0.283;0.572;0.451;0.434;0.575;0.365;0.699;0.595;0.801;0.427;0.345;0.841;0.224;0.342;0.401;0.471;0.373;0.411;0.42;0.401;0.341;0.527;0.332;0.496;0.389;0.464;0.36;0.274;0.323;0.248;0.207;0.215;0.291;1.151;1.026;1.333;0.694;0.625;0.484;0.675;0.469;0.455;0.402;0.577;1.514;1.082;0.581;0.465;1.018;1.111;0.592;0.707;1.230;0.786;0.526;0.174;0.16;0.139;0.734;0.402;0.488;0.532;0.47;0.356;0.589;0.476;0.489;0.447;0.493;0.388;0.685;0.562;0.398;0.405;0.376;0.859;0.119;0.089;0.089;0.12;0.157;0.113;0.171;0.134;0.169;0.13;0.062;0.124;0.315;0.126;0.132;0.103;0.157;0.133;0.093;0.124;1.474;0.698;1.589;0.687;0.436;0.914;0.31;0.152;0.155;0.208;0.348;0.183;0.232;0.19;0.167;0.235;0.14;0.197;0.128;0.109;0.118;0.098;0.072;0.109;0.074;0.062;0.063;0.061;0.046;0.027;0.036;0.059;0.016;0.058;0.036;0.15;0.141;0.081;0.064;0.067;0.059;0.107;0.116;0.084;0.097;0.111;0.095;0.063;0.108;0.142;0.113;0.107;0.113;0.227;0.075;0.209;0.137;0.216;0.147;0.118;0.128;0.136;0.988;0.054;0.078;0.04;0.083;0.105;0.111;0.077;0.128;0.099;0.128;0.105;0.108;0.137;0.117;0.063;0.149;0.071;0.118;0.067;0.091;0.123;0.211;0.145;0.2;0.216;0.215;0.215;0.148;0.174;0.253;0.226;0.247;0.249;0.309;0.315;0.217;0.119;0.096;0.133;0.482;0.053;0.027;0.104;0.072;0.108;0.077;0.076;0.165
2025;BRB;Barbados;0.498;0.79;0.357;0.339;0.436;0.785;0.898;1.210;0.224;0.422;0.192;0.264;0.204;0.6;0.923;0.989;0.838;0.457;0.734;0.256;0.404;2.511;0.692;1.130;0.431;0.457;0.603;0.473;0.398;0.627;0.51;0.44;0.664;0.54;0.359;0.641;0.361;0.305;0.287;0.302;0.729;0.941;8.236;2.216;1.052;0.966;2.740;0.616;0.466;1.025;0.909;1.497;2.137;0.965;0.885;0.938;0.61;0.672;0.847;0.753;0.652;0.799;0.929;0.738;0.682;0.578;0.557;0.648;0.786;0.483;0.59;0.72;0.633;0.913;0.45;0.582;0.776;0.816;0.581;0.627;0.507;0.438;0.526;0.634;0.414;0.481;0.525;0.522;0.479;0.616;0.567;0.513;0.877;0.7;0.612;0.643;0.47;0.581;0.604;0.494;0.424;0.493;0.647;0.6;0.419;0.528;0.501;0.707;0.397;0.522;0.455;0.426;0.507;0.409;1.026;0.552;0.639;0.525;0.387;0.44;0.418;0.412;0.363;0.414;0.476;0.439;0.313;0.539;0.8;0.602;0.531;0.641;0.602;0.655;0.696;0.531;0.496;0.562;0.415;0.815;0.691;0.482;0.627;0.953;0.386;0.426;0.427;0.409;0.422;0.391;0.383;0.444;0.592;0.599;0.673;0.438;1.094;0.646;0.677;0.476;0.458;0.583;0.517;0.523;0.634;0.441;0.328;0.611;0.712;0.501;0.41;0.449;0.427;0.474;0.597;0.589;0.447;0.43;0.536;0.443;0.487;0.385;0.441;0.39;0.479;0.44;0.618;0.531;0.5;0.478;0.41;0.689;0.77;0.246;0.378;0.454;0.481;0.529;0.401;0.487;0.49;0.567;0.467;0.268;0.742;0.288;0.424;0.473;0.454;0.382;0.442;0.448;0.44;0.491;0.618;0.374;0.432;0.444;0.597;0.513;0.387;0.47;0.347;0.323;0.294;0.319;0.757;0.788;0.835;0.598;0.618;0.483;0.61;0.51;0.453;0.415;0.577;0.824;0.707;0.447;0.392;0.941;0.729;0.677;0.523;1.285;0.779;0.542;0.376;0.339;0.245;0.642;0.532;0.451;0.573;0.463;0.435;0.509;0.529;0.719;0.533;0.653;0.58;0.95;0.783;0.518;0.482;0.493;0.755;0.138;0.133;0.106;0.147;0.168;0.128;0.206;0.153;0.178;0.129;0.114;0.137;0.332;0.203;0.19;0.208;0.169;0.172;0.137;0.185;0.912;0.516;0.574;0.523;0.316;0.777;0.288;0.356;0.267;0.363;0.291;0.263;0.3;0.331;0.265;0.309;0.256;0.284;0.183;0.157;0.181;0.29;0.22;0.511;0.109;0.104;0.092;0.11;0.085;0.059;0.073;0.12;0.065;0.119;0.198;0.343;0.231;0.189;0.107;0.13;0.211;0.3;0.269;0.127;0.288;0.176;0.16;0.185;0.23;0.288;0.27;0.139;0.224;0.245;0.136;0.304;0.2;0.248;0.203;0.175;0.174;0.193;1.743;0.131;0.143;0.082;0.183;0.259;0.278;0.181;0.248;0.22;0.291;0.254;0.304;0.287;0.239;0.113;0.235;0.187;0.238;0.156;0.242;0.265;0.285;0.263;0.349;0.265;0.223;0.236;0.172;0.154;0.369;0.424;0.171;0.168;0.186;0.22;0.202;0.206;0.187;0.238;0.208;0.128;0.111;0.168;0.319;0.179;0.15;0.138;0.405
2025;BTN;Bhutan;0.862;1.462;0.603;0.534;0.776;1.413;1.663;2.216;0.372;0.725;0.306;0.417;0.304;0.998;1.584;1.598;1.335;0.642;1.083;0.344;0.534;0.712;1.169;1.580;0.571;0.604;0.824;0.634;0.533;0.816;0.677;0.579;0.895;0.716;0.472;0.861;0.445;0.388;0.352;0.382;0.988;1.215;14.955;3.077;1.425;1.296;4.774;0.771;0.602;1.356;1.118;2.060;3.611;1.330;1.050;1.071;0.724;0.831;0.991;0.888;0.849;1.006;1.201;0.943;0.889;0.748;0.707;0.852;0.985;0.61;0.748;0.886;0.784;1.166;0.559;0.723;0.956;1.072;0.731;0.803;0.649;0.542;0.677;0.814;0.502;0.598;0.613;0.667;0.641;0.764;0.799;0.639;1.078;0.853;0.776;0.784;0.584;0.716;0.745;0.607;0.529;0.613;0.837;0.761;0.521;0.666;0.618;0.9;0.484;0.613;0.56;0.534;0.634;0.508;1.175;0.666;0.759;0.65;0.468;0.542;0.519;0.515;0.456;0.507;0.583;0.53;0.391;0.656;0.995;0.757;0.663;0.818;0.81;0.82;0.888;0.681;0.617;0.698;0.517;0.921;0.845;0.583;0.795;1.178;0.465;0.528;0.529;0.512;0.528;0.495;0.48;0.566;0.719;0.727;0.827;0.551;1.422;0.814;0.846;0.604;0.573;0.715;0.633;0.667;0.814;0.552;0.408;0.773;0.911;0.643;0.521;0.616;0.555;0.619;0.797;0.777;0.579;0.634;0.666;0.554;0.597;0.457;0.528;0.47;0.616;0.57;0.82;0.691;0.644;0.617;0.549;0.917;1.090;0.321;0.511;0.577;0.618;0.682;0.515;0.651;0.648;0.758;0.571;0.338;1.010;0.384;0.529;0.58;0.589;0.489;0.557;0.577;0.562;0.577;0.78;0.47;0.569;0.549;0.69;0.622;0.48;0.565;0.426;0.398;0.362;0.398;1.124;1.134;1.277;0.805;0.824;0.628;0.839;0.672;0.588;0.532;0.895;1.286;1.059;0.67;0.527;1.187;1.027;0.861;0.724;2.111;1.153;0.764;0.482;0.434;0.311;1.009;0.716;0.586;0.754;0.606;0.551;0.669;0.684;0.993;0.708;0.873;0.822;1.432;0.954;0.669;0.675;0.646;1.023;0.183;0.165;0.135;0.192;0.223;0.155;0.27;0.196;0.234;0.161;0.147;0.188;0.454;0.23;0.224;0.234;0.203;0.203;0.166;0.221;1.543;0.868;0.971;0.883;0.439;1.314;0.439;0.561;0.365;0.465;0.366;0.334;0.372;0.432;0.325;0.399;0.331;0.381;0.223;0.198;0.242;0.35;0.277;0.661;0.138;0.135;0.119;0.139;0.109;0.076;0.094;0.194;0.083;0.159;0.287;0.536;0.337;0.233;0.133;0.156;0.272;0.447;0.37;0.161;0.351;0.224;0.2;0.224;0.291;0.329;0.327;0.17;0.267;0.3;0.176;0.458;0.26;0.32;0.262;0.224;0.229;0.259;2.788;0.169;0.177;0.104;0.225;0.301;0.338;0.22;0.308;0.282;0.367;0.305;0.342;0.33;0.288;0.13;0.29;0.228;0.282;0.196;0.289;0.302;0.326;0.372;0.401;0.317;0.283;0.298;0.21;0.194;0.462;0.578;0.213;0.199;0.243;0.273;0.275;0.288;0.23;0.294;0.281;0.159;0.142;0.227;0.338;0.23;0.194;0.172;0.669
2025;CAF;Central African Republic;0.401;0.589;0.292;0.296;0.334;0.613;0.663;0.901;0.178;0.336;0.164;0.222;0.183;0.488;0.728;0.814;0.7;0.42;0.643;0.255;0.393;2.140;0.542;1.016;0.431;0.462;0.572;0.461;0.394;0.624;0.5;0.441;0.633;0.527;0.353;0.628;0.37;0.295;0.293;0.302;0.688;0.899;6.176;2.023;0.976;0.912;2.140;0.628;0.475;0.967;0.88;1.365;1.704;0.86;0.896;0.918;0.619;0.663;0.834;0.773;0.604;0.769;0.863;0.702;0.637;0.554;0.549;0.602;0.787;0.476;0.564;0.707;0.618;0.859;0.464;0.576;0.763;0.748;0.578;0.599;0.494;0.447;0.511;0.606;0.427;0.485;0.545;0.552;0.47;0.601;0.538;0.509;0.85;0.69;0.595;0.633;0.475;0.582;0.59;0.507;0.429;0.499;0.616;0.588;0.429;0.526;0.505;0.678;0.425;0.555;0.48;0.449;0.537;0.427;1.057;0.58;0.66;0.547;0.408;0.454;0.429;0.426;0.384;0.431;0.497;0.458;0.336;0.563;0.821;0.603;0.524;0.621;0.593;0.633;0.666;0.514;0.504;0.558;0.426;0.82;0.677;0.495;0.606;0.949;0.401;0.44;0.441;0.422;0.428;0.391;0.397;0.444;0.601;0.609;0.673;0.443;1.010;0.631;0.671;0.473;0.464;0.588;0.531;0.534;0.62;0.444;0.339;0.607;0.696;0.492;0.41;0.425;0.42;0.46;0.565;0.553;0.436;0.393;0.536;0.453;0.498;0.394;0.447;0.39;0.472;0.434;0.622;0.519;0.479;0.447;0.365;0.584;0.649;0.227;0.335;0.421;0.472;0.479;0.396;0.428;0.44;0.5;0.458;0.254;0.689;0.271;0.399;0.453;0.43;0.368;0.447;0.431;0.416;0.501;0.578;0.39;0.422;0.428;0.581;0.512;0.384;0.47;0.357;0.324;0.307;0.33;0.692;0.733;0.733;0.593;0.612;0.491;0.589;0.509;0.456;0.414;0.473;0.711;0.618;0.393;0.384;0.882;0.658;0.654;0.496;1.094;0.711;0.516;0.39;0.356;0.251;0.558;0.548;0.448;0.569;0.471;0.45;0.494;0.54;0.663;0.494;0.628;0.528;0.865;0.769;0.497;0.465;0.485;0.711;0.131;0.135;0.106;0.143;0.159;0.13;0.197;0.151;0.169;0.128;0.123;0.124;0.297;0.204;0.187;0.211;0.16;0.173;0.139;0.184;0.741;0.413;0.474;0.42;0.284;0.626;0.255;0.3;0.253;0.359;0.296;0.267;0.305;0.332;0.272;0.318;0.259;0.28;0.187;0.161;0.178;0.294;0.223;0.488;0.114;0.106;0.095;0.116;0.089;0.063;0.077;0.105;0.068;0.12;0.178;0.296;0.212;0.187;0.111;0.135;0.216;0.281;0.27;0.13;0.29;0.182;0.166;0.188;0.232;0.298;0.289;0.141;0.233;0.243;0.143;0.276;0.208;0.247;0.207;0.18;0.172;0.192;1.442;0.127;0.14;0.084;0.19;0.267;0.284;0.188;0.26;0.226;0.298;0.254;0.307;0.288;0.238;0.112;0.236;0.197;0.249;0.167;0.256;0.273;0.292;0.251;0.352;0.262;0.216;0.229;0.172;0.153;0.372;0.412;0.176;0.172;0.187;0.217;0.197;0.189;0.191;0.236;0.195;0.13;0.111;0.162;0.323;0.175;0.149;0.137;0.334
2025;CAN;Canada;1.106;1.724;0.824;1.014;1.174;1.834;2.379;4.245;0.729;1.419;0.786;0.32;0.664;1.578;2.774;1.560;1.294;0.603;1.061;0.452;0.559;1.979;0.327;2.031;0.342;0.337;0.51;0.444;0.332;0.382;0.423;0.348;0.485;0.399;0.288;0.498;0.573;0.54;0.377;0.477;0.459;0.582;6.107;1.587;0.962;0.737;1.548;0.375;0.323;0.807;0.585;1.279;2.739;0.925;1.062;1.163;0.713;1.053;1.025;0.818;1.197;1.292;0.847;0.735;0.674;0.585;0.487;0.631;0.724;0.434;0.543;0.576;0.565;0.775;0.406;0.468;0.527;0.766;0.436;0.617;0.518;0.371;0.5;0.699;0.355;0.425;0.344;0.364;0.49;0.57;0.575;0.493;0.753;0.509;0.535;0.583;0.441;0.451;0.517;0.415;0.361;0.431;0.701;0.517;0.338;0.488;0.419;0.702;0.255;0.266;0.302;0.374;0.465;0.351;0.687;0.418;0.566;0.451;0.294;0.39;0.415;0.348;0.282;0.258;0.273;0.251;0.249;0.28;0.71;0.57;0.358;0.374;0.481;0.373;0.401;0.614;0.512;0.598;0.42;0.699;0.806;0.438;0.787;0.96;0.327;0.467;0.465;0.433;0.48;0.425;0.375;0.507;0.616;0.527;0.672;0.495;1.175;0.683;0.717;0.303;0.289;0.392;0.394;0.392;0.67;0.42;0.305;0.626;0.696;0.509;0.422;0.396;0.427;0.428;0.611;0.682;0.463;0.368;0.426;0.43;0.446;0.302;0.349;0.579;0.422;0.42;0.53;0.525;0.439;0.686;0.911;1.328;1.623;0.397;0.763;0.663;0.547;0.876;0.485;1.064;0.939;1.275;0.551;0.576;1.599;0.353;0.526;0.577;0.638;0.514;0.55;0.596;0.633;0.429;0.832;0.39;0.598;0.49;0.442;0.471;0.393;0.427;0.371;0.338;0.305;0.384;1.213;1.198;1.372;0.682;0.644;0.481;0.803;0.529;0.473;0.484;2.640;4.671;3.019;1.614;0.613;1.307;1.263;0.808;0.893;1.296;0.724;0.756;0.314;0.283;0.203;1.093;0.606;0.471;0.605;0.519;0.39;0.668;0.601;0.491;0.442;0.504;0.453;0.773;0.564;0.448;0.463;0.435;0.793;0.201;0.159;0.157;0.223;0.241;0.169;0.312;0.229;0.307;0.188;0.168;0.189;0.476;0.166;0.195;0.164;0.2;0.176;0.137;0.198;2.242;0.932;2.051;0.953;0.734;1.192;0.456;0.48;0.344;0.342;0.35;0.279;0.299;0.342;0.223;0.308;0.247;0.301;0.193;0.226;0.33;0.232;0.171;0.422;0.199;0.198;0.209;0.182;0.218;0.094;0.109;0.345;0.087;0.126;0.212;0.524;0.339;0.213;0.131;0.149;0.19;0.435;0.34;0.188;0.234;0.241;0.208;0.182;0.233;0.212;0.192;0.215;0.181;0.28;0.166;0.635;0.226;0.314;0.273;0.209;0.242;0.261;4.264;0.199;0.221;0.15;0.151;0.157;0.216;0.133;0.175;0.188;0.247;0.236;0.202;0.227;0.244;0.151;0.256;0.173;0.226;0.145;0.192;0.217;0.258;0.351;0.327;0.349;0.345;0.404;0.241;0.272;0.466;0.356;0.217;0.255;0.224;0.515;0.308;0.298;0.203;0.27;0.445;0.206;0.18;0.341;0.267;0.338;0.186;0.337;0.947
2025;CHE;Switzerland;0.157;0.144;0.148;0.196;0.163;0.174;0.188;0.295;0.129;0.171;0.13;0.075;0.164;0.388;0.528;0.318;0.326;0.209;0.305;0.27;0.02;0.594;0.176;0.474;0.131;0.139;0.202;0.14;0.133;0.172;0.153;0.12;0.207;0.145;0.107;0.168;0.137;0.127;0.127;0.154;0.309;0.403;4.311;0.794;0.402;0.337;1.083;0.215;0.158;0.455;0.342;0.503;3.342;0.578;0.689;0.471;0.43;0.547;0.728;0.495;0.921;0.835;0.426;0.353;0.368;0.293;0.27;0.357;0.328;0.208;0.285;0.285;0.272;0.449;0.19;0.244;0.279;0.506;0.217;0.284;0.263;0.204;0.318;0.342;0.21;0.224;0.2;0.259;0.277;0.276;0.285;0.252;0.413;0.302;0.335;0.306;0.217;0.27;0.299;0.231;0.205;0.204;0.344;0.316;0.211;0.239;0.263;0.356;0.204;0.178;0.262;0.265;0.368;0.26;0.587;0.308;0.348;0.277;0.2;0.272;0.291;0.235;0.187;0.179;0.22;0.184;0.155;0.211;0.473;0.437;0.31;0.311;0.363;0.293;0.318;0.388;0.318;0.41;0.263;0.525;0.532;0.298;0.441;0.809;0.21;0.201;0.21;0.197;0.199;0.184;0.19;0.241;0.291;0.357;0.309;0.226;0.569;0.336;0.317;0.251;0.253;0.288;0.27;0.244;0.324;0.2;0.17;0.276;0.423;0.316;0.171;0.201;0.177;0.241;0.321;0.405;0.219;0.162;0.221;0.192;0.25;0.156;0.189;0.261;0.189;0.203;0.256;0.278;0.225;0.187;0.166;0.254;0.363;0.13;0.197;0.222;0.22;0.209;0.19;0.162;0.176;0.179;0.194;0.139;0.236;0.194;0.163;0.198;0.192;0.172;0.182;0.19;0.198;0.162;0.211;0.174;0.239;0.149;0.264;0.276;0.24;0.248;0.237;0.212;0.204;0.213;0.613;0.606;0.739;0.367;0.381;0.246;0.425;0.281;0.269;0.199;0.329;0.786;0.593;0.385;0.22;0.412;0.426;0.419;0.322;1.068;0.603;0.158;0.113;0.11;0.081;0.286;0.231;0.268;0.287;0.262;0.214;0.318;0.326;0.286;0.246;0.268;0.217;0.382;0.309;0.206;0.251;0.228;0.36;0.148;0.085;0.082;0.11;0.145;0.084;0.162;0.125;0.174;0.107;0.011;0.123;0.261;0.112;0.118;0.11;0.124;0.133;0.095;0.128;0.951;0.223;0.492;0.197;0.24;0.267;0.15;0.136;0.216;0.197;0.161;0.124;0.157;0.134;0.091;0.144;0.091;0.116;0.103;0.104;0.1;0.074;0.054;0.146;0.055;0.057;0.051;0.061;0.033;0.018;0.034;0.066;0.029;0.032;0.045;0.196;0.152;0.106;0.064;0.068;0.065;0.109;0.11;0.07;0.109;0.102;0.089;0.076;0.119;0.132;0.113;0.101;0.107;0.092;0.052;0.173;0.079;0.102;0.089;0.078;0.087;0.089;0.789;0.086;0.154;0.093;0.048;0.064;0.061;0.05;0.066;0.064;0.076;0.073;0.07;0.092;0.079;0.141;0.094;0.058;0.053;0.051;0.075;0.143;0.122;0.137;0.176;0.142;0.129;0.152;0.102;0.145;0.157;0.146;0.082;0.076;0.077;0.103;0.065;0.081;0.072;0.086;0.072;0.068;0.047;0.076;0.093;0.088;0.069;0.085;0.204
2025;CHL;Chile;0.431;0.561;0.321;0.43;0.392;0.637;0.721;1.278;0.264;0.475;0.258;0.413;0.333;1.254;4.686;2.419;1.962;0.759;1.506;0.627;0.428;4.035;1.098;1.231;0.305;0.326;0.479;0.333;0.303;0.472;0.354;0.278;0.526;0.358;0.323;0.438;0.439;0.335;0.338;0.369;0.737;0.825;8.505;1.968;1.283;0.937;3.254;0.629;0.444;1.301;0.917;1.661;3.268;1.036;0.985;1.059;0.414;0.713;0.605;0.545;0.616;0.66;0.944;0.749;0.701;0.583;0.558;0.71;0.684;0.427;0.835;0.632;0.618;0.991;0.37;0.476;0.736;0.932;0.398;0.73;0.774;0.498;0.746;1.040;0.391;0.555;0.274;0.278;0.574;0.689;0.582;0.535;1.046;0.775;0.897;0.764;0.519;0.612;0.697;0.516;0.447;0.488;0.815;0.618;0.445;0.579;0.607;0.871;0.255;0.238;0.29;0.623;0.529;0.419;0.814;0.561;0.536;0.466;0.341;0.424;0.475;0.39;0.259;0.229;0.295;0.246;0.332;0.297;0.847;0.574;0.388;0.453;0.47;0.422;0.52;0.602;0.672;0.597;1.002;0.736;0.922;0.499;0.741;1.226;0.399;0;0;0;0;0;0;0;0;0.592;0;0;0;0;0;0.48;0.428;0.536;0.422;0.415;0.665;0.418;0.306;0;0;0.679;0.377;0.482;0.409;0.514;0.651;0.786;0.467;0.401;0.493;0.415;0.479;0.343;0.336;0.568;0.44;0.417;0.528;0.591;0.511;0.392;0.407;0.557;0.672;0.233;0.371;0.406;0.331;0.406;0.374;0.415;0.434;0.411;0.387;0.276;0.539;0.329;0.281;0.33;0.412;0.353;0.372;0.316;0.38;0.346;0.501;0.297;0.424;0.377;0.684;0.558;0.369;0.51;0.403;0.513;0.345;0.371;1.278;1.420;1.549;0.765;0.74;0.537;0.915;0.629;0.608;0.603;0.963;1.582;1.241;0.776;0.515;1.530;1.662;1.283;0.54;2.185;1.242;0.387;0.278;0.279;0.219;0.467;0.411;0.699;0.805;0.472;0.371;0.531;0.567;0.762;0.621;0.733;0.619;1.061;0.918;0.611;0.669;0.631;1.392;0.196;0.161;0.158;0.24;0.24;0.201;0.273;0.204;0.261;0.2;0.081;0.16;0.465;0.226;0.216;0.201;0.252;0.201;0.168;0.223;2.160;0.834;2.056;0.757;0.608;1.144;0.394;0.154;0.186;0.491;0.393;0.381;0.439;0.334;0.261;0.482;0.252;0.286;0.332;0.3;0.393;0.188;0.141;0.334;0.13;0.112;0.121;0.121;0.08;0.054;0.077;0.142;0.052;0.074;0.142;0.272;0.213;0.146;0.076;0.08;0.117;0.231;0.187;0.364;0.172;0.121;0.125;0.086;0.132;0.179;0.141;0.113;0.122;0.145;0.073;0.26;0.107;0.154;0.115;0.114;0.211;0.121;1.689;0.118;0.137;0.088;0.135;0.16;0.221;0.146;0.241;0.187;0.271;0.223;0.222;0.222;0.198;0.108;0.339;0.07;0.065;0.055;0.066;0.098;0.13;0.115;0.168;0.344;0.242;0.242;0.177;0.255;0.422;0.355;0.152;0.138;0.173;0.21;0.177;0.216;0.262;0.244;0.18;0.155;0.149;0.291;0.316;0.234;0.198;0.188;0.458
2025;CHN;China;0.455;0.452;0.515;1.024;0.257;0.659;0.68;1.652;0.229;1.199;0.304;0.27;0.498;0.507;0.677;1.162;1.110;1.306;1.590;0.416;1.324;6.602;1.134;1.520;1.174;1.115;0.931;1.294;1.126;1.808;1.350;0.825;1.396;1.514;1.166;1.434;0.735;0.604;0.663;0.575;1.708;1.754;11.021;5.047;2.803;2.145;2.825;1.650;2.122;2.956;1.233;1.904;2.255;1.459;2.264;1.430;1.306;1.209;3.454;2.321;0.853;1.020;1.069;1.636;1.328;1.286;0.892;1.368;1.476;1.046;1.072;1.625;1.483;1.396;0.9;1.047;1.880;1.423;1.177;1.342;0.977;0.983;0.852;1.119;0.962;1.098;1.024;0.811;0.946;0.936;1.473;1.198;1.696;1.167;1.324;1.337;0.947;1.000;1.052;0.841;0.855;0.993;0.904;1.287;1.071;1.268;1.115;1.105;1.012;1.436;0.936;0.954;1.234;0.862;1.568;1.026;0.998;0.941;0.823;0.847;0.884;0.801;0.824;0.897;1.114;0.956;0.805;1.790;1.727;0.84;0.899;1.146;1.188;0.945;1.047;0.718;0.92;0.798;0.896;1.332;1.105;0.974;0.842;2.854;0.72;0.892;0.893;0.797;0.807;0.523;0.798;0.902;1.110;0.977;1.234;0.827;1.577;1.141;1.117;0.946;0.972;1.280;1.210;1.110;0.964;1.153;0.753;1.371;1.197;0.802;0.718;0.772;0.762;0.803;0.576;0.908;0.801;0.674;1.012;0.86;0.904;0.803;0.581;0.933;1.305;0.969;1.191;1.177;1.074;0.715;0.511;0.581;0.861;0.437;0.494;0.952;0.948;0.686;0.657;0.594;0.654;0.584;0.961;0.359;1.043;0.372;0.658;0.861;0.73;0.646;0.876;0.812;0.643;0.744;0.635;0.599;0.814;0.24;0.861;0.989;0.806;0.992;0.9;0.78;0.879;0.864;2.066;1.804;1.785;1.178;1.306;1.130;1.513;1.160;0.852;0.824;0.473;0.976;0.753;0.768;0.803;4.161;1.241;2.448;1.647;1.115;1.531;0.763;0.738;0.633;0.673;1.401;1.330;1.093;0.932;0.873;0.723;1.247;1.923;1.011;0.811;1.028;0.731;0.916;1.166;0.982;0.875;0.955;0.957;0.543;0.941;0.661;0.955;0.213;0.239;0.281;0.801;0.251;0.229;0.223;0.185;0.358;0.271;0.232;0.22;0.269;0.221;0.231;0.23;0.884;0.852;0.757;0.421;1.885;0.982;0.4;0.438;0.809;0.857;0.883;0.781;0.737;0.256;0.427;0.73;0.647;0.853;0.723;0.435;0.715;0.282;0.464;0.541;0.284;0.229;0.195;0.275;0.248;0.265;0.288;0.196;0.072;0.094;0.21;0.753;0.718;0.542;0.295;0.562;0.296;0.435;0.445;0.768;0.729;0.78;0.813;0.67;0.781;0.678;0.731;0.333;0.673;0.768;0.546;0.581;0.456;0.815;0.645;0.568;0.535;0.536;1.935;0.304;0.351;0.214;0.458;0.389;0.408;0.399;0.46;0.395;0.442;0.477;0.443;0.384;0.333;0.372;0.301;0.984;0.498;0.994;0.294;0.609;0.369;0.301;0.349;0.691;0.466;0.498;0.444;1.225;0.966;1.023;0.987;0.496;0.418;0.731;0.505;0.344;0.251;0.44;0;0.341;0.164;0.357;0.523;0.41;0.307;0.29;0.281
2025;CIV;Cote d'Ivoire;0.397;0.633;0.288;0.275;0.355;0.621;0.726;0.977;0.189;0.343;0.157;0.221;0.169;0.494;0.76;0.825;0.698;0.385;0.621;0.203;0.332;3.094;0.579;0.974;0.345;0.362;0.497;0.386;0.32;0.509;0.416;0.355;0.551;0.444;0.294;0.518;0.298;0.262;0.24;0.252;0.613;0.809;6.695;1.828;0.878;0.801;2.238;0.504;0.37;0.869;0.795;1.256;1.763;0.837;0.761;0.85;0.532;0.585;0.751;0.641;0.567;0.691;0.81;0.637;0.588;0.489;0.469;0.558;0.659;0.41;0.512;0.62;0.547;0.794;0.373;0.497;0.666;0.711;0.49;0.539;0.432;0.368;0.448;0.543;0.348;0.402;0.45;0.406;0.395;0.53;0.461;0.437;0.763;0.602;0.519;0.556;0.393;0.492;0.521;0.414;0.354;0.411;0.554;0.508;0.347;0.44;0.421;0.606;0.32;0.431;0.369;0.339;0.4;0.332;0.882;0.456;0.54;0.428;0.317;0.365;0.345;0.337;0.287;0.339;0.39;0.363;0.245;0.436;0.659;0.506;0.453;0.546;0.486;0.565;0.6;0.452;0.417;0.484;0.343;0.735;0.607;0.411;0.539;0.803;0.326;0.354;0.355;0.338;0.353;0.327;0.316;0.371;0.502;0.51;0.573;0.367;0.954;0.553;0.573;0.398;0.379;0.491;0.428;0.42;0.534;0.368;0.272;0.511;0.6;0.424;0.344;0.378;0.359;0.399;0.505;0.505;0.377;0.356;0.451;0.367;0.411;0.331;0.38;0.347;0.401;0.366;0.487;0.446;0.428;0.417;0.362;0.626;0.682;0.217;0.331;0.403;0.401;0.471;0.333;0.434;0.431;0.502;0.404;0.236;0.611;0.244;0.376;0.42;0.389;0.323;0.364;0.379;0.379;0.421;0.546;0.299;0.36;0.385;0.535;0.438;0.333;0.41;0.292;0.275;0.241;0.26;0.611;0.64;0.687;0.476;0.497;0.384;0.494;0.409;0.368;0.343;0.494;0.683;0.594;0.372;0.316;0.832;0.619;0.576;0.429;1.024;0.632;0.437;0.297;0.264;0.198;0.517;0.405;0.369;0.463;0.368;0.349;0.426;0.421;0.608;0.46;0.543;0.487;0.762;0.674;0.442;0.386;0.409;0.632;0.116;0.11;0.088;0.124;0.143;0.108;0.176;0.127;0.153;0.111;0.084;0.118;0.291;0.18;0.168;0.182;0.151;0.148;0.116;0.161;0.742;0.428;0.46;0.429;0.274;0.636;0.238;0.297;0.224;0.302;0.238;0.214;0.249;0.267;0.219;0.244;0.208;0.231;0.151;0.127;0.147;0.246;0.181;0.439;0.086;0.082;0.072;0.086;0.066;0.044;0.056;0.095;0.051;0.094;0.167;0.283;0.191;0.163;0.086;0.106;0.17;0.238;0.211;0.102;0.243;0.14;0.128;0.154;0.19;0.245;0.213;0.117;0.185;0.209;0.104;0.246;0.155;0.204;0.163;0.139;0.142;0.155;1.460;0.109;0.123;0.067;0.15;0.219;0.23;0.148;0.197;0.176;0.237;0.219;0.268;0.252;0.207;0.1;0.201;0.149;0.198;0.12;0.194;0.228;0.247;0.213;0.304;0.231;0.192;0.203;0.149;0.132;0.31;0.348;0.141;0.142;0.149;0.188;0.164;0.174;0.157;0.204;0.172;0.107;0.092;0.138;0.29;0.149;0.123;0.117;0.332
2025;CMR;Cameroon;0.477;0.787;0.341;0.313;0.437;0.759;0.905;1.218;0.229;0.415;0.184;0.261;0.19;0.577;0.9;0.949;0.798;0.416;0.688;0.218;0.356;2.498;0.699;1.024;0.371;0.387;0.552;0.422;0.346;0.552;0.452;0.382;0.611;0.485;0.318;0.569;0.301;0.271;0.243;0.261;0.646;0.831;8.170;2.072;0.976;0.882;2.679;0.509;0.38;0.921;0.794;1.416;2.089;0.937;0.74;0.832;0.525;0.6;0.75;0.628;0.62;0.724;0.886;0.682;0.647;0.527;0.495;0.617;0.678;0.431;0.55;0.642;0.57;0.847;0.38;0.518;0.69;0.79;0.511;0.576;0.465;0.382;0.483;0.588;0.352;0.417;0.438;0.418;0.419;0.554;0.501;0.454;0.79;0.619;0.552;0.572;0.408;0.507;0.543;0.423;0.367;0.426;0.605;0.538;0.356;0.462;0.434;0.651;0.312;0.414;0.367;0.342;0.4;0.338;0.844;0.452;0.535;0.436;0.314;0.372;0.355;0.347;0.291;0.341;0.393;0.361;0.244;0.432;0.671;0.533;0.474;0.585;0.525;0.593;0.642;0.485;0.435;0.506;0.355;0.716;0.636;0.411;0.577;0.835;0.325;0.365;0.368;0.351;0.368;0.343;0.329;0.395;0.514;0.521;0.593;0.386;1.051;0.589;0.6;0.421;0.394;0.504;0.435;0.438;0.577;0.383;0.281;0.538;0.644;0.457;0.356;0.406;0.375;0.424;0.545;0.55;0.399;0.398;0.462;0.374;0.416;0.327;0.377;0.351;0.42;0.387;0.521;0.475;0.457;0.462;0.414;0.713;0.783;0.242;0.377;0.439;0.424;0.52;0.352;0.499;0.486;0.572;0.422;0.255;0.694;0.272;0.404;0.448;0.424;0.345;0.384;0.411;0.41;0.418;0.589;0.304;0.384;0.405;0.534;0.443;0.342;0.416;0.298;0.281;0.243;0.27;0.679;0.694;0.768;0.508;0.529;0.403;0.53;0.428;0.381;0.36;0.586;0.792;0.687;0.43;0.345;0.858;0.696;0.609;0.473;1.194;0.705;0.481;0.311;0.273;0.205;0.6;0.43;0.397;0.495;0.39;0.363;0.468;0.442;0.662;0.496;0.58;0.535;0.857;0.692;0.468;0.418;0.43;0.692;0.123;0.112;0.09;0.13;0.152;0.108;0.184;0.132;0.163;0.116;0.086;0.129;0.31;0.174;0.166;0.174;0.155;0.146;0.116;0.16;0.89;0.517;0.548;0.516;0.313;0.752;0.272;0.346;0.241;0.31;0.246;0.22;0.253;0.278;0.219;0.254;0.212;0.244;0.15;0.129;0.152;0.245;0.187;0.441;0.087;0.085;0.074;0.087;0.068;0.045;0.058;0.111;0.053;0.101;0.183;0.324;0.213;0.163;0.087;0.105;0.173;0.264;0.222;0.105;0.243;0.143;0.13;0.154;0.192;0.234;0.207;0.122;0.181;0.209;0.107;0.279;0.16;0.213;0.17;0.144;0.152;0.164;1.654;0.115;0.126;0.07;0.15;0.212;0.229;0.147;0.197;0.181;0.24;0.216;0.259;0.246;0.21;0.099;0.208;0.147;0.193;0.121;0.189;0.22;0.241;0.229;0.296;0.234;0.205;0.215;0.154;0.137;0.315;0.371;0.145;0.14;0.161;0.192;0.175;0.194;0.16;0.207;0.194;0.11;0.096;0.15;0.267;0.157;0.129;0.123;0.388
2025;COG;Congo;0.808;1.362;0.569;0.508;0.727;1.317;1.551;2.070;0.353;0.682;0.29;0.398;0.292;0.95;1.503;1.535;1.284;0.63;1.058;0.331;0.522;2.446;1.109;1.578;0.551;0.582;0.798;0.613;0.513;0.792;0.656;0.559;0.869;0.695;0.458;0.83;0.442;0.389;0.35;0.377;0.976;1.222;14.047;3.000;1.398;1.270;4.509;0.764;0.588;1.349;1.147;2.016;3.427;1.312;1.074;1.126;0.732;0.832;1.025;0.9;0.846;1.010;1.197;0.941;0.88;0.739;0.698;0.842;0.976;0.604;0.745;0.892;0.787;1.171;0.548;0.721;0.961;1.064;0.723;0.8;0.638;0.534;0.665;0.805;0.497;0.592;0.621;0.642;0.623;0.767;0.771;0.635;1.092;0.861;0.769;0.792;0.577;0.713;0.749;0.6;0.521;0.605;0.826;0.753;0.512;0.657;0.614;0.894;0.475;0.615;0.55;0.52;0.618;0.496;1.212;0.658;0.761;0.635;0.462;0.533;0.51;0.503;0.442;0.5;0.574;0.527;0.379;0.651;0.979;0.744;0.659;0.809;0.782;0.823;0.884;0.672;0.606;0.692;0.506;0.956;0.847;0.581;0.789;1.177;0.461;0.516;0.517;0.498;0.518;0.486;0.466;0.553;0.716;0.723;0.824;0.54;1.418;0.808;0.84;0.593;0.564;0.713;0.628;0.651;0.798;0.544;0.399;0.761;0.896;0.63;0.514;0.601;0.546;0.609;0.782;0.768;0.57;0.607;0.665;0.546;0.592;0.461;0.532;0.47;0.607;0.559;0.791;0.679;0.64;0.612;0.544;0.929;1.082;0.317;0.506;0.579;0.61;0.686;0.507;0.647;0.645;0.755;0.574;0.339;0.985;0.377;0.534;0.585;0.584;0.486;0.547;0.57;0.562;0.585;0.785;0.459;0.556;0.553;0.722;0.629;0.48;0.57;0.42;0.397;0.354;0.389;1.078;1.098;1.230;0.779;0.799;0.609;0.812;0.655;0.575;0.522;0.862;1.224;1.016;0.642;0.509;1.213;1.001;0.859;0.701;1.992;1.107;0.735;0.466;0.418;0.303;0.958;0.682;0.571;0.733;0.585;0.536;0.652;0.664;0.976;0.705;0.857;0.804;1.364;0.968;0.665;0.651;0.634;1.000;0.181;0.165;0.135;0.19;0.221;0.157;0.269;0.194;0.232;0.161;0.14;0.186;0.455;0.241;0.233;0.245;0.211;0.208;0.167;0.227;1.453;0.82;0.912;0.833;0.427;1.244;0.42;0.536;0.357;0.461;0.359;0.328;0.369;0.423;0.324;0.386;0.325;0.369;0.223;0.194;0.237;0.354;0.272;0.669;0.135;0.131;0.115;0.135;0.105;0.073;0.09;0.183;0.08;0.152;0.28;0.513;0.324;0.236;0.131;0.156;0.266;0.425;0.354;0.157;0.354;0.218;0.197;0.225;0.289;0.339;0.324;0.168;0.269;0.304;0.168;0.437;0.25;0.314;0.255;0.218;0.222;0.25;2.692;0.168;0.179;0.102;0.223;0.308;0.339;0.219;0.302;0.274;0.361;0.312;0.359;0.342;0.291;0.135;0.289;0.225;0.283;0.189;0.288;0.312;0.336;0.359;0.416;0.323;0.281;0.296;0.21;0.192;0.459;0.561;0.209;0.202;0.236;0.275;0.267;0.28;0.228;0.297;0.273;0.158;0.139;0.22;0.367;0.227;0.19;0.171;0.635
2025;COL;Colombia;0.248;0.26;0.223;0.314;0.228;0.334;0.354;0.529;0.184;0.252;0.147;0.181;0.205;0.707;0.993;2.957;2.326;0.868;1.814;0.447;0.89;2.506;0.621;1.289;0.351;0.361;0.56;0.382;0.351;0.588;0.427;0.323;0.616;0.496;0.396;0.563;0.262;0.241;0.24;0.303;0.52;0.663;8.397;1.716;0.732;0.724;2.014;0.319;0.295;0.693;0.517;1.031;4.911;1.271;1.098;1.990;0.905;1.489;1.100;0.818;1.331;1.465;1.185;0.877;1.108;0.753;0.793;0.975;0.855;0.622;1.277;0.764;0.861;1.468;0.473;0.718;0.956;1.222;0.677;1.206;0.697;0.545;0.698;0.976;0.5;0.647;0.516;0.521;0.609;0.973;0.716;0.771;1.338;0.986;0.919;0.985;0.668;0.758;0.835;0.671;0.561;0.644;1.001;0.837;0.491;0.693;0.685;1.028;0.353;0.412;0.501;0.388;0.503;0.476;0.971;0.522;0.605;0.542;0.363;0.499;0.594;0.468;0.28;0.446;0.595;0.475;0.237;0.484;0.832;0.709;0.785;1.102;1.082;1.070;1.213;0.808;0.668;0.783;0.521;0.944;1.207;0.508;1.129;0.984;0.409;0.399;0.386;0.396;0.318;0.297;0.36;0.394;0.427;0.659;0.453;0.409;0.637;0.438;0.486;0.272;0.266;0.304;0.415;0.476;0.476;0.449;0.384;0.509;0.476;0.524;0.332;0.364;0.342;0.582;0.727;0.89;0.505;0.3;0.397;0.405;0.565;0.333;0.402;0.6;0.427;0.381;0.464;0.587;0.524;0.346;0.31;0.485;0.893;0.245;0.346;0.43;0.472;0.448;0.445;0.341;0.382;0.361;0.35;0.25;0.426;0.373;0.364;0.368;0.4;0.345;0.421;0.345;0.331;0.463;0.519;0.303;0.578;0.415;0.464;0.61;0.572;0.587;0.374;0.373;0.258;0.266;1.393;1.271;1.590;0.961;0.807;0.712;0.925;0.714;0.583;0.483;0.6;2.015;1.362;0.793;0.379;1.055;0.937;0.617;0.499;1.325;0.845;0.383;0.2;0.24;0.139;0.531;0.369;0.445;0.573;0.381;0.381;0.514;0.501;0.6;0.466;0.565;0.445;0.665;0.753;0.509;0.462;0.47;0.616;0.211;0.127;0.126;0.178;0.189;0.14;0.257;0.161;0.228;0.142;0.249;0.137;0.395;0.145;0.16;0.123;0.164;0.142;0.136;0.162;1.254;0.731;1.350;0.65;0.414;1.076;0.358;0.341;0.142;0.215;0.198;0.177;0.221;0.157;0.171;0.241;0.16;0.194;0.112;0.115;0.14;0.106;0.088;0.165;0.117;0.117;0.105;0.135;0.092;0.041;0.086;0.144;0.028;0.034;0.037;0.224;0.166;0.113;0.062;0.056;0.067;0.172;0.128;0.216;0.121;0.101;0.102;0.074;0.126;0.131;0.124;0.092;0.1;0.084;0.038;0.139;0.07;0.096;0.07;0.059;0.052;0.082;1.772;0.109;0.119;0.079;0.137;0.157;0.215;0.131;0.222;0.18;0.185;0.153;0.185;0.209;0.207;0.107;0.229;0.047;0.057;0.042;0.061;0.124;0.132;0.121;0.163;0.206;0.181;0.181;0.124;0.188;0.309;0.29;0.176;0.141;0.237;0.204;0.156;0.192;0.129;0.131;0.125;0.103;0.11;0.194;0.179;0.228;0.162;0.141;0.6
2025;CRI;Costa Rica;0.353;0.505;0.303;0.362;0.345;0.589;0.649;1.030;0.226;0.389;0.22;0.409;0.227;0.404;0.649;1.675;1.373;0.542;1.052;0.234;0;0.239;0.036;1.288;0.332;0.328;0.493;0.331;0.295;0.423;0.329;0.273;0.529;0.363;0.266;0.443;0.219;0.254;0.172;0.239;0.355;0.422;11.555;1.356;0.602;0.471;1.748;0.275;0.207;0.666;0.363;0.829;3.466;0.804;1.135;0.514;0.553;0.63;0.875;0.916;1.066;1.272;0.671;0.538;0.543;0.438;0.401;0.492;0.66;0.405;0.47;0.441;0.457;0.648;0.3;0.387;0.442;0.706;0.364;0.519;0.555;0.39;0.608;0.678;0.32;0.37;0.231;0.325;0.287;0.439;0.372;0.404;0.723;0.567;0.562;0.55;0.504;0.51;0.553;0.449;0.362;0.399;0.702;0.527;0.393;0.469;0.434;0.76;0.204;0.182;0.236;0.241;0.304;0.29;0.372;0.33;0.391;0.314;0.203;0.297;0.3;0.292;0.179;0.204;0.231;0.198;0.215;0.206;0.552;0.505;0.316;0.346;0.49;0.321;0.346;0.489;0.398;0.415;0.341;0.398;0.607;0.349;0.545;0.772;0.214;0.292;0.28;0.257;0.304;0.383;0.264;0.381;0.369;0.425;0.476;0.295;0.727;0.442;0.448;0.409;0.334;0.412;0.359;0.349;0.439;0.294;0.241;0.524;0.582;0.478;0.226;0.252;0.239;0.303;0.389;0.414;0.307;0.213;0.273;0.229;0.278;0.194;0.169;0.215;0.232;0.295;0.43;0.333;0.29;0.345;0.356;0.53;0.927;0.229;0.361;0.356;0.381;0.41;0.368;0.385;0.357;0.379;0.285;0.243;0.483;0.339;0.264;0.3;0.351;0.258;0.348;0.304;0.3;0.268;0.389;0.194;0.467;0.244;0.304;0.454;0.456;0.44;0.336;0.283;0.264;0.26;0.695;0.643;0.71;0.456;0.435;0.344;0.482;0.331;0.292;0.28;0.348;1.137;0.769;0.501;0.295;0.353;0.389;0.317;0.343;1.280;0.772;0.268;0.202;0.184;0.106;0.387;0.331;0.334;0.436;0.307;0.315;0.383;0.383;0.445;0.322;0.402;0.302;0.635;0.558;0.339;0.35;0.378;0.924;0.09;0.078;0.068;0.099;0.114;0.077;0.147;0.112;0.137;0.093;0.005;0.098;0.261;0.086;0.098;0.094;0.104;0.107;0.074;0.111;0.499;0.511;1.605;0.414;0.247;0.616;0.206;0.097;0.214;0.325;0.391;0.245;0.302;0.249;0.217;0.337;0.329;0.312;0.091;0.093;0.1;0.056;0.036;0.103;0.043;0.052;0.043;0.048;0.041;0.016;0.027;0.063;0.046;0.125;0.074;0.229;0.158;0.094;0.053;0.046;0.041;0.09;0.056;0.065;0.087;0.076;0.072;0.059;0.114;0.095;0.095;0.089;0.075;0.106;0.036;0.267;0.063;0.116;0.077;0.052;0.059;0.097;1.920;0.054;0.057;0.047;0.071;0.077;0.104;0.074;0.119;0.092;0.127;0.087;0.077;0.104;0.097;0.073;0.115;0.068;0.082;0.073;0.057;0.088;0.1;0.228;0.144;0.18;0.195;0.226;0.123;0.13;0.103;0.156;0.124;0.12;0.147;0.187;0.182;0.133;0.059;0.116;0.257;0.044;0.029;0.069;0.056;0.094;0.08;0.1;0.322
2025;CYP;Cyprus;0.402;0.518;0.433;0.568;0.424;0.674;0.791;1.186;0.261;0.482;0.255;0.236;0.337;0.633;0.893;2.827;2.341;1.247;2.042;0.551;0.762;5.504;0.67;1.059;0.347;0.302;0.394;0.375;0.302;0.452;0.339;0.294;0.439;0.35;0.317;0.444;0.277;0.26;0.283;0.294;0.786;1.131;10.584;3.040;1.455;1.112;3.866;0.435;0.467;1.188;0.925;2.342;3.557;1.158;1.126;1.034;0.643;0.764;1.054;0.763;1.059;1.127;1.060;0.812;0.719;0.69;0.602;0.852;0.853;0.532;0.604;0.598;0.54;0.871;0.423;0.565;0.701;1.231;0.413;0.681;0.398;0.34;0.413;0.616;0.306;0.304;0.474;0.293;0.336;0.5;0.343;0.406;0.625;0.468;0.478;0.452;0.339;0.48;0.562;0.433;0.272;0.38;0.536;0.392;0.35;0.478;0.345;0.588;0.228;0.258;0.695;0.28;0.27;0.289;0.567;0.376;0.408;0.362;0.247;0.305;0.305;0.285;0.211;0.365;0.374;0.339;0.178;0.233;0.498;0.425;0.554;0.688;0.735;0.777;0.73;0.347;0.379;0.413;0.308;0.594;0.568;0.403;0.478;0.644;0.265;0.243;0.318;0.312;0.361;0.389;0.295;0.379;0.498;0.422;0.567;0.342;1.107;0.475;0.501;0.234;0.18;0.284;0.328;0.346;0.445;0.248;0.148;0.567;0.744;0.455;0.271;0.295;0.318;0.373;0.448;0.551;0.325;0.244;0.281;0.393;0.358;0.224;0.281;0.283;0.286;0.25;0.327;0.337;0.332;0.441;0.397;0.74;0.92;0.321;0.504;0.503;0.484;0.601;0.474;0.499;0.519;0.573;0.477;0.341;0.678;0.33;0.443;0.523;0.431;0.396;0.461;0.427;0.443;0.544;0.651;0.352;0.517;0.454;0.532;0.392;0.271;0.355;0.258;0.255;0.228;0.243;0.773;0.847;0.912;0.497;0.52;0.397;0.528;0.424;0.363;0.293;0.299;1.527;0.925;0.506;0.329;1.143;0.815;0.604;0.422;1.388;1.016;0.302;0.251;0.281;0.166;0.292;0.335;0.349;0.461;0.259;0.254;0.314;0.346;0.575;0.498;0.545;0.466;0.601;0.891;0.591;0.494;0.455;0.755;0.191;0.163;0.165;0.217;0.25;0.203;0.341;0.213;0.283;0.215;0.006;0.218;0.588;0.347;0.257;0.281;0.284;0.263;0.209;0.314;1.409;0.625;0.312;0.503;0.477;0.738;0.315;0.318;0.31;0.258;0.317;0.237;0.333;0.336;0.35;0.279;0.256;0.298;0.34;0.229;0.272;0.236;0.143;0.259;0.225;0.186;0.179;0.196;0.127;0.107;0.206;0.222;0.062;0.136;0.097;0.204;0.168;0.164;0.093;0.101;0.174;0.218;0.175;0.254;0.144;0.134;0.115;0.097;0.144;0.202;0.175;0.127;0.138;0.201;0.087;0.239;0.128;0.195;0.142;0.149;0.107;0.14;1.493;0.064;0.088;0.049;0.167;0.18;0.174;0.152;0.183;0.161;0.206;0.212;0.233;0.229;0.194;0.079;0.213;0.185;0.228;0.156;0.237;0.247;0.274;0.209;0.358;0.449;0.327;0.407;0.282;0.223;0.187;0.183;0.175;0.282;0.158;0.321;0.145;0.162;0.16;0.223;0.177;0.119;0.097;0.177;0.433;0.143;0.12;0.146;0.327
2025;CZE;Czech Republic;0.598;0.837;0.501;0.65;0.639;0.987;1.164;1.946;0.39;0.736;0.418;0.544;0.45;1.544;2.561;1.527;1.403;0.621;1.229;0.565;0.587;5.310;1.015;1.914;0.362;0.359;0.513;0.388;0.373;0.5;0.442;0.355;0.539;0.44;0.378;0.484;0.423;0.362;0.363;0.419;0.666;0.972;5.696;1.744;0.871;0.789;2.209;0.507;0.47;1.022;0.874;1.258;4.445;1.296;1.481;1.348;0.877;1.003;1.431;1.222;1.621;1.610;1.050;0.912;0.777;0.665;0.674;0.795;0.753;0.526;0.7;0.715;0.696;1.147;0.512;0.608;0.629;1.057;0.651;0.69;0.922;0.599;0.874;1.316;0.655;0.722;0.657;0.584;0.814;1.001;0.926;0.75;1.489;1.138;1.092;1.016;0.756;0.88;0.986;0.725;0.676;0.704;1.295;0.91;0.649;0.974;0.819;1.341;0.541;0.648;0.687;0.535;0.651;0.493;0.969;0.534;0.666;0.575;0.398;0.506;0.556;0.454;0.363;0.525;0.625;0.546;0.441;0.657;0.841;0.708;0.794;1.104;0.982;0.961;1.139;0.896;0.539;0.795;0.533;0.882;1.153;0.531;0.944;1.075;0.418;0.672;0.632;0.495;0.532;0.517;0.445;0.63;0.733;0.741;0.912;0.531;1.794;0.836;0.903;0.647;0.58;0.756;0.56;0.587;0.884;0.521;0.42;0.77;1.088;0.654;0.411;0.426;0.423;0.528;0.628;0.72;0.485;0.362;0.45;0.421;0.509;0.368;0.416;0.37;0.413;0.41;0.541;0.56;0.489;0.538;0.612;0.919;1.468;0.334;0.567;0.604;0.644;0.746;0.624;0.675;0.673;0.7;0.548;0.481;0.849;0.532;0.5;0.566;0.574;0.492;0.592;0.535;0.58;0.505;0.792;0.488;0.738;0.516;0.839;0.81;0.515;0.637;0.434;0.468;0.378;0.362;1.008;1.080;1.295;0.82;0.781;0.689;0.846;0.626;0.598;0.536;1.424;2.166;1.508;0.824;0.588;1.762;1.274;0.971;0.931;1.329;0.879;0.957;0.306;0.271;0.233;1.271;0.594;0.495;0.719;0.591;0.538;0.803;0.665;0.595;0.521;0.528;0.467;0.649;0.788;0.588;0.486;0.443;0.917;0.283;0.208;0.21;0.283;0.337;0.251;0.398;0.301;0.385;0.292;0.123;0.27;0.656;0.327;0.302;0.331;0.317;0.297;0.225;0.302;0.932;0.656;1.559;0.605;0.579;1.094;0.38;0.234;0.423;0.384;0.335;0.275;0.327;0.338;0.24;0.302;0.224;0.248;0.283;0.266;0.276;0.194;0.125;0.448;0.184;0.172;0.183;0.197;0.141;0.085;0.101;0.229;0.187;0.346;0.486;0.473;0.385;0.311;0.222;0.248;0.178;0.302;0.223;0.204;0.32;0.289;0.26;0.245;0.357;0.393;0.334;0.237;0.336;0.498;0.294;0.616;0.356;0.479;0.365;0.356;0.367;0.367;3.208;0.153;0.208;0.108;0.228;0.267;0.263;0.225;0.255;0.22;0.304;0.358;0.393;0.356;0.332;0.261;0.326;0.168;0.217;0.162;0.226;0.373;0.42;0.337;0.523;0.388;0.343;0.399;0.257;0.319;0.388;0.353;0.283;0.34;0.23;0.374;0.232;0.252;0.227;0.338;0.384;0.18;0.161;0.221;0.561;0.268;0.205;0.215;0.558
2025;DEU;Germany;0.552;0.786;0.445;0.506;0.527;0.851;1.069;1.633;0.323;0.617;0.325;0.289;0.31;1.177;1.851;1.053;0.88;0.355;0.702;0.557;0.298;2.883;0.547;0.865;0.213;0.206;0.32;0.228;0.21;0.272;0.248;0.185;0.374;0.274;0.206;0.269;0.324;0.23;0.276;0.266;0.397;0.531;3.882;0.811;0.465;0.417;1.514;0.365;0.223;0.584;0.473;0.565;3.481;0.817;0.904;0.737;0.605;0.753;0.986;0.69;1.438;1.304;0.701;0.582;0.554;0.418;0.421;0.523;0.51;0.336;0.439;0.419;0.446;0.596;0.3;0.42;0.465;0.692;0.375;0.485;0.377;0.296;0.378;0.435;0.262;0.278;0.245;0.277;0.383;0.387;0.422;0.324;0.535;0.351;0.44;0.405;0.313;0.391;0.4;0.331;0.258;0.287;0.47;0.421;0.262;0.338;0.331;0.481;0.238;0.219;0.275;0.228;0.293;0.224;0.447;0.298;0.309;0.27;0.177;0.254;0.251;0.223;0.168;0.204;0.288;0.204;0.177;0.211;0.484;0.331;0.339;0.508;0.465;0.515;0.563;0.424;0.297;0.356;0.258;0.514;0.609;0.299;0.441;0.614;0.199;0.363;0.376;0.307;0.275;0.316;0.229;0.335;0.446;0.366;0.519;0.33;1.027;0.527;0.523;0.338;0.299;0.416;0.391;0.362;0.552;0.354;0.302;0.469;0.614;0.492;0.269;0.276;0.275;0.385;0.487;0.619;0.38;0.232;0.314;0.265;0.312;0.22;0.25;0.293;0.31;0.264;0.377;0.44;0.361;0.363;0.397;0.629;0.81;0.25;0.407;0.452;0.378;0.453;0.362;0.473;0.402;0.465;0.374;0.269;0.569;0.297;0.297;0.325;0.375;0.276;0.291;0.38;0.384;0.36;0.411;0.244;0.391;0.299;0.519;0.43;0.362;0.391;0.3;0.318;0.217;0.233;1.089;1.048;1.206;0.726;0.628;0.509;0.643;0.543;0.446;0.385;0.652;1.700;1.074;0.644;0.292;0.863;1.180;0.909;0.484;1.157;0.692;0.403;0.175;0.174;0.131;0.533;0.308;0.318;0.417;0.29;0.247;0.428;0.384;0.415;0.332;0.401;0.297;0.424;0.477;0.4;0.333;0.35;0.829;0.14;0.109;0.109;0.139;0.196;0.143;0.214;0.149;0.177;0.145;0.067;0.132;0.364;0.177;0.16;0.149;0.182;0.147;0.11;0.166;1.259;0.235;0.609;0.272;0.245;0.537;0.206;0.24;0.219;0.215;0.196;0.17;0.207;0.179;0.128;0.17;0.122;0.13;0.213;0.168;0.198;0.111;0.065;0.278;0.113;0.1;0.101;0.113;0.083;0.04;0.065;0.135;0.048;0.054;0.093;0.24;0.183;0.141;0.076;0.079;0.092;0.175;0.124;0.153;0.133;0.112;0.1;0.083;0.135;0.178;0.148;0.117;0.125;0.146;0.095;0.246;0.122;0.188;0.125;0.129;0.127;0.129;1.301;0.059;0.056;0.036;0.079;0.104;0.134;0.096;0.129;0.1;0.138;0.145;0.149;0.16;0.148;0.079;0.15;0.042;0.053;0.034;0.059;0.128;0.137;0.144;0.244;0.302;0.222;0.265;0.164;0.147;0.193;0.176;0.115;0.114;0.095;0.145;0.103;0.128;0.098;0.15;0.219;0.078;0.07;0.168;0.18;0.142;0.126;0.119;0.371
2025;DMA;Dominica;0.655;0.989;0.471;0.466;0.541;1.024;1.112;1.479;0.274;0.539;0.254;0.337;0.279;0.774;1.176;1.277;1.092;0.631;0.968;0.384;0.573;2.919;0.829;1.538;0.645;0.696;0.829;0.679;0.59;0.91;0.738;0.659;0.906;0.765;0.516;0.931;0.55;0.433;0.435;0.448;1.028;1.324;10.271;2.761;1.351;1.281;3.478;0.937;0.721;1.400;1.280;1.873;2.704;1.185;1.322;1.286;0.91;0.96;1.176;1.144;0.82;1.091;1.172;0.975;0.873;0.78;0.791;0.821;1.145;0.687;0.79;1.005;0.875;1.195;0.696;0.825;1.086;1.003;0.842;0.842;0.703;0.659;0.726;0.848;0.633;0.708;0.806;0.845;0.708;0.849;0.816;0.736;1.190;0.98;0.843;0.899;0.694;0.845;0.834;0.751;0.63;0.731;0.857;0.838;0.635;0.762;0.735;0.947;0.654;0.836;0.731;0.685;0.822;0.645;1.555;0.874;0.977;0.824;0.617;0.677;0.637;0.635;0.586;0.647;0.746;0.684;0.518;0.843;1.223;0.878;0.754;0.881;0.879;0.896;0.931;0.731;0.742;0.801;0.634;1.173;0.958;0.73;0.851;1.372;0.6;0.659;0.659;0.635;0.631;0.571;0.6;0.649;0.879;0.894;0.971;0.651;1.357;0.894;0.962;0.684;0.681;0.855;0.783;0.792;0.885;0.648;0.508;0.878;0.993;0.706;0.611;0.639;0.627;0.673;0.816;0.779;0.64;0.604;0.785;0.677;0.736;0.58;0.659;0.567;0.693;0.639;0.934;0.758;0.68;0.613;0.477;0.719;0.854;0.315;0.444;0.574;0.689;0.637;0.582;0.552;0.583;0.645;0.651;0.352;0.945;0.381;0.545;0.63;0.599;0.517;0.654;0.607;0.573;0.732;0.786;0.586;0.625;0.597;0.804;0.743;0.562;0.681;0.532;0.474;0.463;0.494;1.067;1.128;1.139;0.885;0.915;0.73;0.89;0.762;0.688;0.612;0.671;1.092;0.915;0.58;0.569;1.257;0.937;0.929;0.736;1.762;1.093;0.776;0.588;0.542;0.376;0.859;0.843;0.656;0.842;0.713;0.676;0.715;0.809;0.969;0.702;0.925;0.781;1.345;1.092;0.715;0.71;0.722;1.022;0.194;0.2;0.159;0.213;0.233;0.191;0.291;0.223;0.247;0.186;0.192;0.179;0.435;0.293;0.269;0.305;0.223;0.253;0.205;0.268;1.181;0.645;0.767;0.665;0.401;1.001;0.388;0.459;0.376;0.535;0.442;0.401;0.454;0.5;0.408;0.482;0.392;0.426;0.278;0.243;0.272;0.434;0.33;0.733;0.173;0.162;0.145;0.177;0.134;0.098;0.118;0.167;0.103;0.181;0.269;0.458;0.32;0.276;0.166;0.2;0.328;0.441;0.42;0.194;0.428;0.276;0.249;0.277;0.349;0.439;0.441;0.209;0.348;0.358;0.219;0.426;0.319;0.367;0.311;0.272;0.253;0.293;2.270;0.185;0.202;0.124;0.284;0.393;0.422;0.282;0.396;0.344;0.449;0.373;0.441;0.416;0.343;0.158;0.345;0.298;0.372;0.258;0.387;0.398;0.424;0.386;0.508;0.376;0.31;0.331;0.248;0.223;0.554;0.626;0.261;0.252;0.273;0.317;0.298;0.276;0.281;0.347;0.27;0.192;0.163;0.24;0.46;0.257;0.222;0.197;0.531
2025;DNK;Denmark;0.427;0.604;0.33;0.389;0.424;0.664;0.84;1.424;0.286;0.51;0.265;0.488;0.257;0.613;1.078;1.324;1.040;0.404;0.759;0.144;0.318;1.888;0.286;0.455;0.189;0.187;0.31;0.191;0.182;0.22;0.203;0.183;0.287;0.191;0.139;0.222;0.177;0.151;0.201;0.322;0.332;0.406;4.631;0.796;0.489;0.428;1.466;0.29;0.209;0.703;0.349;0.555;3.334;0.721;0.659;0.437;0.378;0.478;0.728;0.451;0.911;0.911;0.596;0.558;0.43;0.397;0.347;0.428;0.416;0.3;0.424;0.382;0.357;0.519;0.244;0.352;0.411;0.799;0.319;0.392;0.322;0.27;0.316;0.382;0.255;0.241;0.172;0.208;0.267;0.299;0.359;0.281;0.41;0.316;0.331;0.276;0.247;0.304;0.317;0.294;0.246;0.241;0.393;0.333;0.224;0.266;0.277;0.426;0.143;0.152;0.165;0.155;0.174;0.15;0.303;0.254;0.202;0.207;0.13;0.165;0.188;0.153;0.125;0.152;0.188;0.151;0.112;0.14;0.331;0.301;0.262;0.284;0.325;0.283;0.295;0.269;0.219;0.235;0.178;0.3;0.357;0.194;0.299;0.54;0.153;0.236;0.221;0.249;0.329;0.406;0.196;0.365;0.334;0.272;0.547;0.251;1.081;0.626;0.563;0.365;0.294;0.385;0.261;0.308;0.437;0.291;0.217;0.528;0.636;0.389;0.18;0.19;0.18;0.205;0.259;0.302;0.198;0.163;0.172;0.164;0.235;0.13;0.152;0.18;0.162;0.178;0.279;0.236;0.21;0.337;0.314;0.523;0.749;0.255;0.401;0.355;0.369;0.377;0.332;0.333;0.321;0.375;0.278;0.214;0.496;0.327;0.26;0.326;0.307;0.273;0.289;0.313;0.319;0.24;0.384;0.223;0.389;0.224;0.285;0.319;0.26;0.279;0.248;0.305;0.206;0.228;0.691;0.65;0.698;0.423;0.405;0.304;0.449;0.325;0.26;0.301;0.766;1.320;0.896;0.528;0.157;0.3;0.363;0.268;0.226;1.021;0.555;0.098;0.057;0.07;0.046;0.128;0.12;0.219;0.265;0.17;0.206;0.329;0.24;0.267;0.228;0.235;0.211;0.309;0.299;0.274;0.27;0.285;0.822;0.086;0.067;0.064;0.079;0.122;0.081;0.123;0.091;0.141;0.086;0.074;0.074;0.15;0.073;0.077;0.076;0.087;0.08;0.07;0.088;0.953;0.545;1.046;0.399;0.493;0.547;0.223;0.167;0.12;0.1;0.101;0.079;0.103;0.089;0.067;0.092;0.06;0.091;0.088;0.134;0.099;0.086;0.072;0.125;0.048;0.049;0.038;0.049;0.028;0.013;0.022;0.041;0.04;0.055;0.068;0.117;0.109;0.058;0.052;0.05;0.071;0.114;0.087;0.059;0.071;0.08;0.063;0.071;0.078;0.098;0.081;0.083;0.067;0.113;0.123;0.21;0.151;0.139;0.143;0.139;0.135;0.135;0.616;0.066;0.064;0.039;0.056;0.07;0.08;0.065;0.084;0.065;0.099;0.081;0.086;0.093;0.074;0.06;0.129;0.055;0.065;0.05;0.061;0.084;0.099;0.085;0.131;0.129;0.142;0.147;0.108;0.133;0.109;0.137;0.093;0.073;0.097;0.111;0.064;0.079;0.069;0.092;0.203;0.055;0.055;0.118;0.083;0.095;0.082;0.076;0.23
2025;DOM;Dominican Republic;0.541;0.89;0.386;0.356;0.491;0.862;1.020;1.371;0.253;0.466;0.206;0.289;0.214;0.656;1.024;1.080;0.909;0.474;0.782;0.247;0.402;3.125;0.781;1.188;0.417;0.437;0.614;0.471;0.389;0.616;0.505;0.428;0.678;0.54;0.356;0.635;0.346;0.309;0.277;0.296;0.741;0.957;9.290;2.311;1.090;0.988;3.044;0.589;0.44;1.049;0.921;1.574;2.364;1.039;0.864;0.96;0.6;0.678;0.859;0.727;0.688;0.817;0.981;0.763;0.715;0.589;0.556;0.682;0.772;0.483;0.611;0.726;0.642;0.951;0.431;0.583;0.78;0.87;0.576;0.645;0.515;0.428;0.536;0.652;0.399;0.471;0.505;0.478;0.474;0.624;0.569;0.512;0.895;0.702;0.618;0.648;0.46;0.573;0.611;0.478;0.414;0.481;0.669;0.603;0.404;0.521;0.491;0.726;0.362;0.484;0.423;0.394;0.464;0.384;0.988;0.518;0.613;0.495;0.361;0.422;0.401;0.393;0.333;0.39;0.448;0.415;0.283;0.503;0.765;0.596;0.532;0.651;0.591;0.668;0.717;0.54;0.486;0.565;0.399;0.819;0.707;0.468;0.642;0.944;0.37;0.409;0.411;0.392;0.412;0.385;0.367;0.439;0.58;0.587;0.668;0.43;1.161;0.656;0.675;0.471;0.445;0.571;0.497;0.498;0.639;0.431;0.315;0.604;0.717;0.505;0.403;0.458;0.425;0.477;0.612;0.612;0.449;0.446;0.527;0.427;0.473;0.375;0.432;0.393;0.475;0.436;0.591;0.533;0.512;0.506;0.449;0.781;0.864;0.263;0.412;0.484;0.478;0.572;0.397;0.54;0.532;0.624;0.473;0.281;0.768;0.3;0.447;0.494;0.471;0.388;0.431;0.457;0.457;0.479;0.653;0.349;0.431;0.455;0.612;0.508;0.387;0.47;0.336;0.319;0.277;0.305;0.773;0.797;0.877;0.579;0.601;0.46;0.603;0.491;0.436;0.406;0.646;0.884;0.76;0.477;0.387;0.981;0.773;0.687;0.53;1.358;0.8;0.543;0.352;0.312;0.233;0.677;0.493;0.444;0.559;0.441;0.411;0.516;0.503;0.747;0.558;0.657;0.605;0.972;0.788;0.528;0.476;0.488;0.775;0.14;0.129;0.104;0.148;0.172;0.125;0.21;0.15;0.183;0.13;0.1;0.145;0.353;0.202;0.192;0.203;0.176;0.169;0.134;0.185;0.999;0.575;0.618;0.577;0.341;0.853;0.305;0.387;0.273;0.356;0.279;0.251;0.289;0.319;0.253;0.29;0.245;0.277;0.174;0.148;0.176;0.283;0.213;0.516;0.101;0.098;0.086;0.101;0.078;0.053;0.067;0.125;0.06;0.114;0.208;0.366;0.239;0.189;0.101;0.122;0.2;0.3;0.255;0.12;0.281;0.164;0.15;0.178;0.222;0.275;0.244;0.136;0.211;0.242;0.124;0.314;0.184;0.242;0.193;0.164;0.171;0.186;1.896;0.131;0.144;0.079;0.173;0.248;0.266;0.171;0.228;0.207;0.277;0.251;0.301;0.284;0.239;0.114;0.234;0.171;0.224;0.14;0.222;0.256;0.278;0.262;0.344;0.266;0.228;0.24;0.173;0.154;0.36;0.421;0.164;0.162;0.181;0.22;0.2;0.216;0.182;0.237;0.214;0.125;0.109;0.168;0.317;0.178;0.146;0.138;0.44
2025;DZA;Algeria;1.542;2.724;1.084;0.927;1.454;2.546;3.139;4.179;0.711;1.331;0.54;0.769;0.525;1.856;2.989;3.015;2.493;1.143;2.016;0.506;0.862;9.508;2.246;3.017;0.841;0.863;1.356;0.995;0.801;1.242;1.054;0.857;1.482;1.135;0.736;1.326;0.679;0.677;0.546;0.602;1.722;2.185;28.413;5.421;2.504;2.212;8.964;1.173;0.873;2.413;2.070;3.697;6.782;2.528;1.776;2.089;1.201;1.422;1.836;1.429;1.578;1.792;2.231;1.692;1.605;1.282;1.153;1.548;1.573;1.006;1.331;1.534;1.369;2.157;0.816;1.208;1.644;2.009;1.178;1.417;1.081;0.828;1.133;1.415;0.758;0.94;0.966;0.857;1.011;1.331;1.294;1.055;1.946;1.474;1.312;1.364;0.912;1.161;1.299;0.92;0.816;0.951;1.458;1.265;0.779;1.061;0.983;1.573;0.635;0.881;0.77;0.715;0.837;0.705;1.955;0.946;1.174;0.912;0.657;0.799;0.767;0.741;0.595;0.728;0.831;0.777;0.49;0.945;1.474;1.193;1.105;1.387;1.234;1.447;1.570;1.150;0.946;1.151;0.759;1.669;1.475;0.905;1.376;1.942;0.693;0.767;0.771;0.733;0.806;0.778;0.678;0.88;1.140;1.147;1.352;0.846;2.665;1.381;1.392;0.959;0.876;1.143;0.962;0.97;1.329;0.861;0.59;1.231;1.498;1.043;0.828;1.043;0.903;1.030;1.372;1.384;0.957;1.074;1.084;0.835;0.923;0.739;0.865;0.79;1.000;0.911;1.183;1.135;1.125;1.128;1.068;1.984;2.243;0.594;0.993;1.099;1.009;1.347;0.826;1.302;1.257;1.509;0.991;0.623;1.745;0.672;1.000;1.069;1.042;0.843;0.852;0.984;1.019;0.945;1.474;0.654;0.915;0.986;1.339;1.054;0.807;0.964;0.642;0.647;0.509;0.574;1.877;1.897;2.269;1.210;1.253;0.906;1.328;1.014;0.889;0.83;1.739;2.286;1.906;1.191;0.812;2.294;1.857;1.493;1.188;3.653;1.942;1.220;0.657;0.565;0.446;1.748;0.943;0.904;1.151;0.859;0.773;1.092;0.98;1.771;1.304;1.456;1.466;2.364;1.680;1.168;1.055;1.038;1.751;0.316;0.26;0.218;0.324;0.392;0.254;0.478;0.317;0.412;0.272;0.166;0.35;0.886;0.423;0.421;0.415;0.401;0.348;0.269;0.39;2.796;1.618;1.712;1.627;0.806;2.429;0.766;1.030;0.622;0.753;0.547;0.499;0.572;0.654;0.495;0.552;0.5;0.585;0.346;0.287;0.379;0.576;0.422;1.202;0.188;0.191;0.162;0.185;0.145;0.091;0.12;0.326;0.109;0.226;0.52;0.961;0.572;0.406;0.192;0.234;0.397;0.706;0.525;0.23;0.576;0.312;0.285;0.354;0.456;0.537;0.437;0.264;0.407;0.514;0.223;0.765;0.343;0.5;0.379;0.312;0.353;0.384;5.296;0.284;0.312;0.155;0.332;0.487;0.528;0.325;0.421;0.398;0.546;0.531;0.621;0.592;0.495;0.238;0.474;0.312;0.422;0.241;0.404;0.504;0.552;0.595;0.71;0.561;0.49;0.513;0.354;0.321;0.731;0.919;0.315;0.32;0.361;0.466;0.435;0.506;0.356;0.5;0.475;0.249;0.22;0.363;0.665;0.377;0.301;0.282;1.220
2025;ECU;Ecuador;0.657;1.117;0.463;0.411;0.611;1.063;1.285;1.728;0.313;0.571;0.245;0.348;0.245;0.778;1.229;1.261;1.053;0.517;0.877;0.266;0.434;2.260;0.96;1.253;0.45;0.469;0.693;0.52;0.423;0.674;0.554;0.464;0.765;0.598;0.389;0.705;0.345;0.321;0.279;0.306;0.784;0.98;11.458;2.663;1.231;1.103;3.690;0.587;0.446;1.118;0.912;1.809;2.844;1.190;0.821;0.929;0.587;0.697;0.852;0.698;0.769;0.862;1.096;0.829;0.804;0.643;0.591;0.769;0.792;0.512;0.667;0.755;0.674;1.028;0.436;0.61;0.811;0.99;0.603;0.697;0.564;0.445;0.588;0.718;0.401;0.487;0.48;0.485;0.505;0.657;0.622;0.534;0.932;0.722;0.663;0.668;0.477;0.591;0.641;0.487;0.429;0.498;0.744;0.645;0.414;0.549;0.505;0.791;0.344;0.448;0.412;0.39;0.453;0.387;0.917;0.504;0.598;0.5;0.35;0.427;0.412;0.402;0.333;0.388;0.445;0.405;0.275;0.486;0.774;0.633;0.561;0.707;0.642;0.707;0.778;0.587;0.509;0.596;0.412;0.787;0.75;0.464;0.696;0.984;0.364;0.423;0.426;0.409;0.431;0.406;0.383;0.473;0.592;0.599;0.694;0.455;1.307;0.707;0.71;0.503;0.463;0.586;0.5;0.518;0.7;0.449;0.324;0.64;0.78;0.553;0.416;0.497;0.445;0.512;0.669;0.677;0.478;0.506;0.538;0.432;0.475;0.365;0.423;0.399;0.501;0.463;0.631;0.573;0.554;0.573;0.531;0.917;1.020;0.303;0.483;0.54;0.508;0.648;0.421;0.642;0.616;0.733;0.499;0.31;0.888;0.34;0.491;0.537;0.523;0.418;0.456;0.503;0.502;0.47;0.718;0.351;0.463;0.483;0.607;0.509;0.398;0.476;0.341;0.326;0.277;0.315;0.868;0.867;0.992;0.617;0.64;0.48;0.649;0.512;0.45;0.427;0.785;1.045;0.899;0.563;0.425;1.016;0.888;0.732;0.591;1.599;0.901;0.602;0.367;0.319;0.241;0.796;0.519;0.481;0.6;0.467;0.426;0.577;0.526;0.824;0.609;0.706;0.673;1.104;0.808;0.564;0.516;0.515;0.861;0.148;0.128;0.105;0.154;0.184;0.122;0.219;0.156;0.198;0.136;0.099;0.161;0.38;0.192;0.187;0.189;0.181;0.164;0.133;0.182;1.216;0.709;0.746;0.706;0.401;1.023;0.355;0.459;0.297;0.364;0.287;0.256;0.292;0.33;0.248;0.299;0.247;0.293;0.169;0.149;0.182;0.277;0.219;0.513;0.101;0.099;0.087;0.099;0.079;0.052;0.067;0.147;0.062;0.123;0.231;0.426;0.271;0.187;0.1;0.118;0.201;0.335;0.267;0.123;0.277;0.166;0.149;0.176;0.222;0.255;0.229;0.142;0.201;0.239;0.126;0.36;0.188;0.254;0.201;0.168;0.185;0.197;2.176;0.138;0.147;0.082;0.171;0.233;0.261;0.166;0.224;0.211;0.277;0.244;0.283;0.273;0.242;0.112;0.243;0.165;0.214;0.137;0.209;0.24;0.266;0.284;0.328;0.268;0.247;0.257;0.18;0.162;0.364;0.451;0.168;0.157;0.195;0.224;0.213;0.245;0.185;0.238;0.246;0.128;0.114;0.184;0.28;0.187;0.153;0.145;0.521
2025;EGY;Egypt;1.832;3.248;1.288;1.098;1.737;3.025;3.748;4.991;0.854;1.588;0.643;0.921;0.624;2.208;3.560;3.588;2.965;1.355;2.397;0.591;1.017;11.447;2.692;3.571;0.986;1.008;1.612;1.176;0.941;1.465;1.245;1.007;1.763;1.345;0.87;1.566;0.791;0.802;0.64;0.708;2.032;2.580;33.863;6.456;2.981;2.626;10.676;1.364;1.010;2.857;2.441;4.415;8.086;3.033;2.077;2.478;1.415;1.687;2.175;1.670;1.891;2.130;2.676;2.018;1.924;1.525;1.364;1.856;1.849;1.192;1.592;1.819;1.625;2.572;0.955;1.430;1.947;2.415;1.392;1.688;1.289;0.977;1.350;1.689;0.889;1.107;1.129;0.985;1.190;1.580;1.525;1.248;2.310;1.744;1.558;1.616;1.074;1.369;1.543;1.080;0.96;1.118;1.743;1.500;0.914;1.252;1.157;1.876;0.728;1.015;0.889;0.824;0.96;0.82;2.278;1.099;1.373;1.063;0.76;0.936;0.899;0.866;0.685;0.846;0.967;0.903;0.559;1.091;1.722;1.412;1.310;1.651;1.451;1.721;1.873;1.369;1.118;1.369;0.891;1.978;1.763;1.063;1.640;2.291;0.812;0.901;0.908;0.861;0.95;0.918;0.797;1.043;1.344;1.353;1.599;1.000;3.199;1.644;1.647;1.134;1.029;1.346;1.124;1.131;1.581;1.014;0.693;1.455;1.780;1.242;0.975;1.236;1.065;1.219;1.630;1.652;1.133;1.276;1.275;0.976;1.085;0.867;1.018;0.941;1.180;1.074;1.380;1.344;1.339;1.357;1.293;2.406;2.707;0.717;1.199;1.322;1.191;1.624;0.974;1.579;1.517;1.825;1.179;0.748;2.079;0.803;1.200;1.284;1.245;1.000;1.003;1.172;1.217;1.110;1.769;0.756;1.081;1.174;1.589;1.241;0.954;1.142;0.754;0.763;0.593;0.671;2.214;2.232;2.687;1.413;1.468;1.054;1.560;1.183;1.037;0.977;2.093;2.728;2.282;1.423;0.956;2.726;2.220;1.771;1.407;4.324;2.295;1.438;0.763;0.65;0.521;2.074;1.087;1.066;1.351;1.002;0.901;1.301;1.141;2.104;1.554;1.719;1.741;2.792;1.987;1.386;1.237;1.222;2.081;0.374;0.304;0.255;0.382;0.465;0.297;0.565;0.372;0.49;0.323;0.186;0.418;1.056;0.498;0.496;0.486;0.477;0.408;0.315;0.459;3.334;1.938;2.034;1.943;0.972;2.892;0.912;1.230;0.737;0.883;0.64;0.582;0.669;0.763;0.576;0.641;0.582;0.686;0.403;0.334;0.443;0.674;0.495;1.413;0.217;0.221;0.187;0.212;0.167;0.103;0.137;0.386;0.126;0.264;0.618;1.143;0.679;0.477;0.223;0.271;0.46;0.829;0.609;0.267;0.674;0.361;0.33;0.414;0.532;0.624;0.497;0.312;0.471;0.603;0.255;0.906;0.395;0.587;0.441;0.362;0.416;0.449;6.294;0.335;0.369;0.181;0.385;0.566;0.614;0.377;0.484;0.462;0.635;0.623;0.73;0.697;0.585;0.282;0.561;0.357;0.489;0.274;0.463;0.588;0.647;0.699;0.834;0.664;0.584;0.611;0.421;0.38;0.858;1.081;0.369;0.374;0.423;0.55;0.511;0.604;0.418;0.589;0.567;0.292;0.259;0.43;0.78;0.445;0.354;0.334;1.451
2025;ESP;Spain;0.415;0.548;0.331;0.422;0.38;0.624;0.725;1.122;0.228;0.438;0.238;0.477;0.279;1.058;5.480;1.688;1.471;0.59;1.052;1.050;0.568;1.917;0.426;1.322;0.255;0.222;0.344;0.238;0.222;0.329;0.261;0.204;0.393;0.278;0.236;0.311;0.316;0.345;0.337;0.368;0.503;0.718;6.994;1.338;0.732;0.613;1.837;0.424;0.318;0.803;0.651;0.879;3.638;1.370;1.024;0.99;0.733;0.87;1.035;0.88;1.257;1.344;1.389;0.956;1.023;0.79;0.698;1.025;0.93;0.571;0.763;0.775;0.799;1.033;0.471;0.668;0.707;1.165;0.578;0.813;0.669;0.453;0.642;0.845;0.408;0.504;0.285;0.358;0.58;0.711;0.712;0.546;0.946;0.688;0.716;0.682;0.54;0.601;0.704;0.449;0.448;0.462;0.903;0.631;0.391;0.591;0.496;0.86;0.286;0.298;0.33;0.461;0.433;0.39;0.804;0.439;0.536;0.475;0.317;0.45;0.427;0.4;0.273;0.265;0.35;0.27;0.22;0.288;0.757;0.626;0.404;0.567;0.639;0.5;0.636;0.705;0.556;0.665;0.637;0.71;0.935;0.474;0.799;1.080;0.403;0.525;0.488;0.441;0.462;0.427;0.371;0.519;0.597;0.608;0.853;0.541;1.629;0.691;0.715;0.29;0.269;0.402;0.393;0.397;0.516;0.36;0.292;0.67;0.939;0.513;0.294;0.283;0.26;0.344;0.424;0.493;0.328;0.229;0.263;0.278;0.291;0.201;0.229;0.249;0.266;0.269;0.37;0.388;0.312;0.422;0.376;0.64;0.696;0.269;0.392;0.437;0.374;0.457;0.34;0.415;0.407;0.506;0.377;0.271;0.635;0.332;0.333;0.399;0.382;0.333;0.379;0.378;0.369;0.315;0.553;0.324;0.445;0.353;0.327;0.337;0.243;0.27;0.226;0.237;0.186;0.243;0.886;0.873;0.951;0.6;0.616;0.496;0.574;0.47;0.405;0.453;0.839;1.737;1.256;0.755;0.377;1.031;0.93;0.583;0.591;1.198;0.745;0.555;0.244;0.294;0.163;0.665;0.431;0.474;0.536;0.389;0.405;0.628;0.508;0.509;0.394;0.382;0.337;0.5;0.607;0.461;0.354;0.374;0.731;0.14;0.1;0.097;0.139;0.236;0.116;0.192;0.153;0.188;0.154;0.099;0.125;0.328;0.163;0.148;0.139;0.162;0.143;0.128;0.158;1.458;0.559;3.655;0.519;0.404;0.822;0.285;0.192;0.28;0.242;0.226;0.196;0.221;0.197;0.161;0.243;0.15;0.197;0.278;0.234;0.27;0.222;0.212;0.277;0.098;0.093;0.092;0.093;0.071;0.034;0.066;0.143;0.026;0.034;0.073;0.23;0.226;0.153;0.106;0.11;0.144;0.276;0.207;0.175;0.212;0.154;0.138;0.156;0.158;0.202;0.187;0.16;0.165;0.176;0.105;0.302;0.136;0.256;0.176;0.145;0.226;0.138;2.120;0.062;0.086;0.055;0.096;0.104;0.155;0.097;0.156;0.145;0.183;0.133;0.132;0.165;0.137;0.067;0.2;0.06;0.09;0.055;0.087;0.135;0.176;0.157;0.217;0.238;0.194;0.199;0.143;0.169;0.191;0.204;0.145;0.095;0.121;0.141;0.121;0.134;0.12;0.141;0.153;0.087;0.05;0.153;0.16;0.135;0.107;0.1;0.353
2025;EST;Estonia;0.849;1.105;0.702;0.902;0.789;1.267;1.634;2.566;0.518;0.993;0.522;0.494;0.604;0.657;0.902;1.960;1.623;0.882;1.429;0.373;0.692;8.865;1.063;1.872;0.423;0.422;0.559;0.455;0.421;0.507;0.497;0.424;0.658;0.513;0.364;0.572;0.545;0.457;0.447;0.496;0.736;1.005;6.654;1.456;0.875;0.79;1.869;0.569;0.423;1.232;0.906;1.082;4.360;1.556;2.397;1.898;1.258;1.466;1.913;1.673;2.041;2.179;1.601;1.211;1.152;0.903;0.916;1.088;1.183;0.747;0.902;1.043;1.013;1.365;0.587;0.866;1.023;1.491;0.808;0.968;0.978;0.652;0.9;1.340;0.657;0.717;0.411;0.465;0.68;1.090;0.759;0.778;1.706;1.106;1.162;1.142;0.788;0.997;1.100;0.651;0.706;0.747;1.193;1.113;0.681;0.951;0.818;1.322;0.429;0.477;0.466;0.451;0.517;0.426;1.007;0.568;0.653;0.555;0.41;0.498;0.426;0.434;0.328;0.41;0.496;0.397;0.345;0.499;0.86;0.641;0.574;0.628;0.747;0.605;0.644;0.656;0.569;0.658;0.498;0.882;0.999;0.531;0.781;1.075;0.395;0.51;0.501;0.424;0.425;0.521;0.361;0.526;0.755;0.625;0.935;0.435;1.764;0.74;0.953;0.523;0.55;0.663;0.65;0.65;0.593;0.493;0.468;0.703;0.892;0.545;0.547;0.558;0.539;0.642;0.819;0.99;0.61;0.4;0.656;0.496;0.69;0.572;0.533;0.512;0.552;0.505;0.637;0.775;0.633;0.699;0.685;1.212;1.612;0.462;0.834;0.912;0.796;0.999;0.705;0.963;0.85;1.015;0.833;0.62;1.114;0.45;0.687;0.752;0.733;0.579;0.721;0.674;0.793;0.775;0.937;0.613;0.739;0.708;0.89;0.794;0.487;0.581;0.416;0.518;0.367;0.372;1.523;1.872;1.731;0.916;1.153;0.652;1.300;0.936;0.841;0.878;0.842;2.423;1.515;0.86;0.545;1.959;1.391;1.658;0.707;1.539;1.030;0.434;0.309;0.286;0.292;0.45;0.498;0.573;0.759;0.501;0.556;0.751;0.74;0.7;0.565;0.584;0.518;0.734;1.010;0.63;0.572;0.524;1.156;0.288;0.243;0.245;0.314;0.347;0.323;0.448;0.328;0.375;0.338;0.029;0.295;0.715;0.469;0.401;0.436;0.446;0.363;0.269;0.38;0.591;0.696;1.280;0.621;0.433;1.113;0.415;0.254;0.634;0.455;0.399;0.361;0.401;0.416;0.372;0.376;0.33;0.343;0.429;0.288;0.339;0.287;0.177;0.684;0.192;0.182;0.161;0.204;0.112;0.063;0.11;0.16;0.136;0.202;0.406;0.362;0.336;0.316;0.202;0.198;0.21;0.276;0.213;0.322;0.333;0.271;0.259;0.268;0.339;0.419;0.364;0.232;0.33;0.34;0.174;0.363;0.232;0.341;0.227;0.216;0.261;0.233;2.103;0.229;0.326;0.146;0.192;0.311;0.32;0.227;0.286;0.217;0.315;0.379;0.48;0.446;0.287;0.337;0.356;0.207;0.302;0.183;0.292;0.634;0.694;0.407;0.825;0.986;0.562;0.711;0.476;0.329;0.421;0.416;0.511;0.653;0.33;0.873;0.403;0.233;0.177;0.313;0.617;0.197;0.167;0.251;0.571;0.277;0.202;0.205;0.471
2025;ETH;Ethiopia;0.412;0.676;0.291;0.266;0.375;0.657;0.775;1.049;0.196;0.357;0.159;0.224;0.163;0.482;0.75;0.781;0.658;0.34;0.561;0.192;0.305;0.725;0.594;0.788;0.327;0.345;0.484;0.371;0.305;0.49;0.396;0.338;0.537;0.426;0.278;0.506;0.249;0.218;0.2;0.217;0.523;0.65;6.870;1.818;0.842;0.763;2.251;0.421;0.324;0.75;0.601;1.228;1.756;0.786;0.564;0.612;0.409;0.481;0.575;0.493;0.52;0.587;0.743;0.566;0.55;0.446;0.418;0.524;0.56;0.36;0.459;0.523;0.465;0.692;0.318;0.428;0.563;0.669;0.426;0.478;0.397;0.323;0.413;0.498;0.291;0.349;0.342;0.37;0.354;0.454;0.427;0.375;0.635;0.501;0.464;0.462;0.343;0.419;0.443;0.353;0.309;0.358;0.516;0.454;0.301;0.391;0.36;0.547;0.259;0.329;0.307;0.293;0.341;0.288;0.64;0.372;0.43;0.372;0.259;0.312;0.301;0.296;0.252;0.286;0.329;0.296;0.211;0.357;0.563;0.454;0.394;0.494;0.459;0.485;0.535;0.41;0.369;0.42;0.302;0.536;0.521;0.332;0.483;0.695;0.265;0.311;0.314;0.302;0.312;0.29;0.284;0.34;0.424;0.429;0.491;0.329;0.884;0.495;0.501;0.36;0.335;0.418;0.362;0.38;0.497;0.322;0.239;0.456;0.551;0.393;0.294;0.337;0.31;0.356;0.458;0.461;0.333;0.338;0.378;0.312;0.34;0.258;0.296;0.278;0.351;0.327;0.462;0.401;0.381;0.393;0.356;0.589;0.653;0.207;0.322;0.364;0.357;0.431;0.297;0.427;0.412;0.486;0.347;0.211;0.617;0.234;0.332;0.368;0.361;0.29;0.331;0.351;0.343;0.332;0.485;0.261;0.325;0.331;0.403;0.354;0.276;0.331;0.247;0.229;0.205;0.233;0.581;0.581;0.639;0.442;0.457;0.352;0.452;0.367;0.322;0.305;0.501;0.681;0.594;0.373;0.304;0.661;0.594;0.505;0.409;1.028;0.602;0.418;0.275;0.242;0.177;0.522;0.389;0.346;0.431;0.344;0.316;0.409;0.387;0.549;0.406;0.486;0.445;0.742;0.555;0.385;0.36;0.361;0.591;0.1;0.091;0.073;0.106;0.124;0.086;0.147;0.109;0.134;0.095;0.079;0.106;0.241;0.129;0.124;0.129;0.119;0.113;0.094;0.124;0.768;0.446;0.474;0.444;0.271;0.634;0.234;0.294;0.201;0.253;0.208;0.185;0.209;0.236;0.178;0.221;0.176;0.207;0.121;0.109;0.127;0.193;0.157;0.333;0.075;0.073;0.065;0.075;0.06;0.04;0.051;0.096;0.047;0.091;0.15;0.274;0.182;0.127;0.074;0.085;0.145;0.228;0.193;0.09;0.193;0.123;0.11;0.125;0.157;0.18;0.172;0.103;0.144;0.164;0.096;0.241;0.141;0.181;0.146;0.125;0.132;0.142;1.337;0.095;0.1;0.059;0.124;0.165;0.186;0.121;0.167;0.155;0.2;0.166;0.192;0.186;0.168;0.076;0.172;0.124;0.155;0.106;0.156;0.168;0.186;0.195;0.225;0.184;0.171;0.178;0.127;0.113;0.257;0.313;0.122;0.111;0.143;0.154;0.149;0.166;0.133;0.164;0.172;0.091;0.082;0.129;0.184;0.131;0.109;0.103;0.327
2025;FIN;Finland;0.444;0.647;0.347;0.425;0.434;0.714;0.889;1.538;0.242;0.506;0.247;0.45;0.27;1.136;1.632;0.766;0.649;0.345;0.515;0.489;0.396;2.339;0.323;0.803;0.253;0.263;0.388;0.268;0.261;0.287;0.283;0.234;0.343;0.294;0.202;0.342;0.262;0.22;0.258;0.306;0.287;0.381;2.737;0.811;0.842;0.693;1.438;0.4;0.234;0.801;0.439;0.617;3.585;1.114;0.93;0.871;0.917;0.974;0.99;0.728;1.428;1.438;0.949;0.767;0.813;0.58;0.575;0.765;0.741;0.41;0.586;0.522;0.571;0.794;0.373;0.533;0.565;0.932;0.429;0.588;0.343;0.31;0.365;0.425;0.296;0.289;0.159;0.285;0.287;0.335;0.375;0.329;0.455;0.305;0.351;0.364;0.346;0.362;0.328;0.342;0.294;0.311;0.45;0.416;0.268;0.359;0.327;0.421;0.179;0.136;0.222;0.261;0.331;0.253;0.493;0.427;0.414;0.326;0.196;0.302;0.285;0.26;0.211;0.113;0.192;0.133;0.131;0.146;0.535;0.438;0.238;0.276;0.365;0.301;0.332;0.478;0.365;0.541;0.257;0.801;0.89;0.353;0.553;0.652;0.228;0.284;0.3;0.291;0.284;0.33;0.232;0.368;0.392;0.408;0.485;0.324;1.125;0.481;0.496;0.683;0.519;0.725;0.525;0.526;0.926;0.431;0.301;0.471;0.718;0.989;0.236;0.249;0.24;0.291;0.397;0.53;0.296;0.21;0.259;0.225;0.418;0.175;0.242;0.324;0.24;0.228;0.353;0.361;0.284;0.351;0.401;0.655;0.627;0.215;0.415;0.412;0.348;0.425;0.313;0.498;0.383;0.478;0.343;0.244;0.643;0.277;0.311;0.32;0.359;0.276;0.35;0.337;0.354;0.303;0.458;0.244;0.323;0.346;0.363;0.365;0.256;0.296;0.216;0.329;0.191;0.187;1.041;1.080;1.208;0.691;0.709;0.491;0.78;0.571;0.407;0.393;0.519;1.832;1.309;0.679;0.375;0.972;0.861;0.72;0.489;1.206;0.67;0.323;0.09;0.089;0.069;0.457;0.224;0.398;0.502;0.367;0.338;0.529;0.505;0.379;0.338;0.39;0.268;0.444;0.52;0.344;0.322;0.328;1.122;0.14;0.108;0.103;0.131;0.18;0.134;0.176;0.149;0.168;0.138;0.122;0.118;0.276;0.156;0.144;0.142;0.163;0.144;0.114;0.166;1.180;0.403;1.231;0.354;0.318;0.502;0.2;0.193;0.268;0.233;0.219;0.175;0.202;0.162;0.139;0.154;0.116;0.183;0.146;0.132;0.131;0.14;0.126;0.207;0.135;0.119;0.132;0.124;0.096;0.058;0.087;0.142;0.052;0.065;0.171;0.192;0.169;0.122;0.083;0.099;0.11;0.154;0.145;0.16;0.146;0.141;0.127;0.111;0.142;0.183;0.126;0.146;0.134;0.148;0.116;0.226;0.154;0.207;0.177;0.146;0.16;0.156;1.109;0.076;0.104;0.068;0.098;0.129;0.128;0.09;0.12;0.111;0.136;0.116;0.131;0.157;0.129;0.103;0.196;0.151;0.202;0.091;0.17;0.213;0.25;0.2;0.305;0.22;0.207;0.252;0.169;0.17;0.242;0.155;0.196;0.253;0.166;0.326;0.217;0.118;0.098;0.125;0.289;0.115;0.091;0.138;0.256;0.18;0.153;0.147;0.324
2025;FJI;Fiji;0.762;1.261;0.538;0.489;0.675;1.235;1.432;1.909;0.328;0.639;0.277;0.376;0.282;0.894;1.405;1.447;1.215;0.614;1.013;0.336;0.52;2.010;1.026;1.527;0.558;0.593;0.784;0.612;0.518;0.796;0.657;0.567;0.853;0.692;0.459;0.831;0.454;0.387;0.359;0.382;0.963;1.209;13.007;2.871;1.350;1.238;4.208;0.782;0.604;1.323;1.139;1.930;3.207;1.246;1.095;1.119;0.748;0.835;1.022;0.926;0.813;0.996;1.153;0.92;0.851;0.727;0.698;0.812;0.987;0.605;0.731;0.888;0.782;1.139;0.566;0.722;0.958;1.017;0.728;0.785;0.634;0.546;0.659;0.79;0.513;0.601;0.643;0.673;0.627;0.761;0.764;0.639;1.078;0.86;0.763;0.79;0.587;0.721;0.744;0.616;0.531;0.616;0.808;0.75;0.526;0.662;0.623;0.878;0.504;0.648;0.576;0.545;0.649;0.517;1.248;0.689;0.786;0.661;0.485;0.551;0.524;0.52;0.464;0.519;0.597;0.547;0.402;0.677;1.007;0.752;0.66;0.801;0.786;0.813;0.867;0.665;0.618;0.695;0.521;0.969;0.843;0.597;0.778;1.184;0.479;0.533;0.534;0.515;0.529;0.492;0.484;0.559;0.73;0.739;0.831;0.549;1.359;0.802;0.842;0.597;0.574;0.723;0.645;0.666;0.794;0.552;0.412;0.766;0.892;0.629;0.521;0.594;0.549;0.607;0.769;0.748;0.57;0.593;0.672;0.56;0.607;0.474;0.544;0.476;0.61;0.562;0.805;0.678;0.63;0.592;0.511;0.849;0.999;0.306;0.476;0.558;0.61;0.651;0.51;0.604;0.61;0.705;0.572;0.33;0.95;0.367;0.517;0.573;0.569;0.479;0.555;0.561;0.546;0.599;0.758;0.476;0.557;0.545;0.713;0.635;0.483;0.576;0.433;0.402;0.369;0.402;1.054;1.082;1.185;0.785;0.807;0.622;0.812;0.664;0.586;0.528;0.799;1.169;0.969;0.614;0.51;1.182;0.96;0.848;0.692;1.909;1.081;0.728;0.482;0.436;0.311;0.918;0.705;0.574;0.739;0.6;0.553;0.647;0.68;0.949;0.683;0.85;0.779;1.334;0.964;0.657;0.65;0.637;0.979;0.179;0.168;0.136;0.19;0.218;0.16;0.266;0.195;0.228;0.161;0.149;0.179;0.438;0.244;0.233;0.249;0.206;0.211;0.17;0.228;1.368;0.765;0.865;0.781;0.408;1.169;0.404;0.507;0.352;0.465;0.368;0.336;0.377;0.43;0.334;0.399;0.332;0.373;0.229;0.2;0.239;0.361;0.278;0.665;0.14;0.135;0.119;0.142;0.109;0.077;0.095;0.176;0.083;0.155;0.271;0.49;0.316;0.238;0.136;0.162;0.274;0.421;0.362;0.161;0.36;0.226;0.203;0.23;0.295;0.351;0.342;0.172;0.279;0.307;0.176;0.426;0.26;0.317;0.261;0.225;0.224;0.254;2.544;0.167;0.178;0.104;0.231;0.317;0.348;0.227;0.316;0.283;0.372;0.316;0.364;0.346;0.293;0.135;0.292;0.236;0.295;0.2;0.302;0.321;0.344;0.357;0.422;0.324;0.279;0.295;0.212;0.193;0.467;0.562;0.215;0.206;0.238;0.276;0.268;0.272;0.233;0.299;0.265;0.161;0.141;0.219;0.373;0.228;0.192;0.171;0.601
2025;FRA;France;0.427;0.6;0.301;0.37;0.415;0.678;0.812;1.423;0.235;0.481;0.227;0.471;0.218;1.006;7.682;1.167;1.049;0.398;0.729;0.924;0.167;0.937;0.342;0.674;0.173;0.174;0.32;0.191;0.178;0.249;0.206;0.167;0.324;0.212;0.154;0.237;0.216;0.164;0.169;0.176;0.276;0.358;3.722;0.818;0.629;0.492;1.189;0.305;0.165;0.682;0.353;0.566;4.398;0.875;0.819;0.657;0.474;0.639;0.706;0.479;1.018;0.775;0.683;0.568;0.534;0.416;0.404;0.538;0.512;0.35;0.45;0.38;0.396;0.558;0.262;0.382;0.426;0.774;0.343;0.438;0.398;0.292;0.43;0.513;0.266;0.293;0.189;0.225;0.383;0.415;0.477;0.34;0.61;0.397;0.415;0.443;0.308;0.383;0.444;0.295;0.283;0.327;0.54;0.396;0.279;0.351;0.341;0.512;0.152;0.146;0.204;0.213;0.277;0.239;0.449;0.274;0.345;0.262;0.165;0.252;0.267;0.234;0.142;0.156;0.225;0.162;0.12;0.178;0.477;0.419;0.332;0.471;0.508;0.501;0.495;0.443;0.354;0.453;0.277;0.468;0.608;0.356;0.586;0.514;0.22;0.325;0.335;0.292;0.308;0.325;0.255;0.368;0.382;0.381;0.56;0.33;1.221;0.496;0.508;0.275;0.336;0.28;0.305;0.317;0.427;0.261;0.226;0.432;0.811;0.336;0.199;0.233;0.198;0.405;0.475;0.608;0.331;0.205;0.257;0.223;0.27;0.162;0.209;0.24;0.236;0.222;0.308;0.361;0.334;0.299;0.337;0.513;0.765;0.197;0.378;0.306;0.319;0.35;0.297;0.358;0.328;0.413;0.257;0.204;0.579;0.296;0.228;0.267;0.284;0.205;0.264;0.262;0.279;0.211;0.313;0.206;0.379;0.192;0.293;0.303;0.268;0.304;0.221;0.236;0.163;0.235;0.733;0.667;0.823;0.391;0.378;0.29;0.46;0.317;0.25;0.224;0.594;1.072;0.781;0.496;0.281;0.668;0.791;0.558;0.426;1.056;0.541;0.369;0.152;0.137;0.106;0.526;0.295;0.297;0.382;0.257;0.234;0.391;0.332;0.262;0.229;0.264;0.182;0.366;0.33;0.233;0.251;0.193;0.634;0.096;0.073;0.066;0.099;0.117;0.083;0.148;0.107;0.147;0.101;0.031;0.083;0.213;0.082;0.09;0.081;0.093;0.104;0.078;0.101;1.087;0.252;0.844;0.232;0.206;0.339;0.123;0.07;0.102;0.242;0.22;0.174;0.191;0.19;0.172;0.193;0.165;0.188;0.133;0.123;0.152;0.089;0.066;0.196;0.075;0.085;0.081;0.077;0.064;0.034;0.059;0.127;0.019;0.024;0.046;0.213;0.165;0.114;0.075;0.058;0.071;0.18;0.12;0.092;0.096;0.1;0.084;0.063;0.109;0.114;0.088;0.122;0.088;0.083;0.03;0.185;0.064;0.128;0.067;0.071;0.109;0.078;1.196;0.055;0.066;0.033;0.042;0.046;0.059;0.044;0.059;0.053;0.07;0.062;0.06;0.07;0.072;0.052;0.083;0.059;0.089;0.066;0.067;0.098;0.126;0.153;0.159;0.136;0.136;0.138;0.099;0.139;0.145;0.18;0.131;0.094;0.099;0.112;0.091;0.073;0.035;0.069;0.214;0.055;0.039;0.059;0.071;0.092;0.073;0.082;0.275
2025;GAB;Gabon;0.642;1.088;0.454;0.405;0.596;1.036;1.252;1.683;0.307;0.559;0.24;0.342;0.242;0.765;1.208;1.246;1.042;0.516;0.874;0.263;0.433;2.682;0.942;1.265;0.447;0.464;0.686;0.516;0.419;0.669;0.55;0.461;0.758;0.593;0.386;0.697;0.349;0.324;0.282;0.308;0.787;0.994;11.205;2.625;1.220;1.094;3.618;0.592;0.446;1.122;0.933;1.789;2.795;1.184;0.843;0.96;0.601;0.707;0.873;0.714;0.768;0.869;1.096;0.831;0.801;0.642;0.593;0.766;0.798;0.514;0.669;0.763;0.68;1.033;0.44;0.615;0.819;0.987;0.606;0.699;0.564;0.448;0.587;0.718;0.406;0.49;0.493;0.483;0.505;0.662;0.618;0.538;0.943;0.731;0.665;0.677;0.48;0.597;0.647;0.492;0.431;0.501;0.743;0.647;0.416;0.55;0.509;0.792;0.349;0.459;0.417;0.392;0.455;0.389;0.946;0.511;0.609;0.503;0.355;0.431;0.414;0.403;0.334;0.392;0.45;0.411;0.277;0.492;0.78;0.634;0.565;0.708;0.637;0.712;0.781;0.588;0.512;0.6;0.414;0.813;0.757;0.472;0.698;0.99;0.371;0.425;0.429;0.41;0.433;0.407;0.384;0.473;0.599;0.606;0.7;0.457;1.305;0.709;0.714;0.504;0.465;0.591;0.505;0.517;0.699;0.452;0.326;0.641;0.779;0.552;0.42;0.497;0.448;0.513;0.669;0.677;0.479;0.501;0.543;0.436;0.481;0.374;0.432;0.407;0.503;0.464;0.626;0.574;0.556;0.572;0.527;0.914;1.013;0.302;0.479;0.541;0.509;0.649;0.421;0.637;0.613;0.728;0.503;0.311;0.875;0.337;0.493;0.541;0.522;0.418;0.456;0.502;0.502;0.479;0.722;0.352;0.463;0.487;0.623;0.517;0.403;0.484;0.345;0.329;0.279;0.316;0.858;0.862;0.983;0.613;0.637;0.478;0.646;0.511;0.451;0.428;0.773;1.029;0.887;0.555;0.421;1.032;0.881;0.735;0.586;1.568;0.891;0.596;0.365;0.317;0.241;0.781;0.512;0.478;0.597;0.464;0.425;0.574;0.524;0.822;0.611;0.705;0.67;1.089;0.818;0.566;0.512;0.516;0.856;0.149;0.13;0.106;0.155;0.184;0.125;0.221;0.157;0.199;0.137;0.098;0.161;0.384;0.198;0.192;0.196;0.184;0.167;0.135;0.186;1.190;0.694;0.73;0.691;0.398;1.004;0.35;0.453;0.296;0.367;0.288;0.257;0.295;0.33;0.251;0.298;0.249;0.293;0.172;0.15;0.182;0.282;0.22;0.523;0.101;0.099;0.087;0.1;0.079;0.052;0.067;0.144;0.062;0.122;0.23;0.421;0.268;0.191;0.101;0.12;0.202;0.33;0.266;0.123;0.281;0.166;0.15;0.178;0.225;0.262;0.231;0.143;0.205;0.244;0.125;0.355;0.187;0.255;0.2;0.168;0.184;0.197;2.158;0.138;0.149;0.082;0.173;0.239;0.264;0.168;0.225;0.212;0.279;0.25;0.293;0.281;0.246;0.115;0.245;0.167;0.218;0.137;0.212;0.247;0.273;0.282;0.338;0.273;0.248;0.258;0.182;0.163;0.368;0.45;0.169;0.16;0.194;0.227;0.213;0.244;0.187;0.242;0.243;0.129;0.115;0.183;0.295;0.188;0.154;0.146;0.513
2025;GBR;United Kingdom;0.765;1.269;0.635;0.799;0.976;1.332;2.893;4.298;0.546;1.462;0.237;0.614;0.401;0.827;1.223;0.24;0.208;0.488;0.782;0.315;0.316;1.241;0.599;0.27;0.206;0.2;0.282;0.219;0.193;0.154;0.218;0.176;0.276;0.326;0.168;0.365;0.428;0.584;0.363;0.345;0.747;0.872;6.314;1.036;0.521;0.416;2.249;0.377;0.304;0.915;0.764;0.514;1.859;2.965;0.87;0.415;0.793;2.151;0.654;0.75;0.661;0.754;0.643;0.934;0.81;0.366;0.685;0.434;0.524;0.682;0.528;0.615;0.365;1.440;0.339;0.443;0.601;0.812;0.596;0.541;0.711;0.594;0.722;0.947;0.527;0.514;0.406;0.584;0.937;0.533;0.617;0.558;0.752;0.448;0.817;0.863;0.65;0.651;0.707;0.639;0.537;0.54;0.839;0.595;0.425;0.629;0.567;0.891;0.155;0.149;0.431;0.132;0.289;0.328;0.308;0.325;0.438;0.15;0.104;0.257;0.268;0.138;0.182;0.201;0.305;0.159;0.181;0.203;1.424;0.718;0.652;0.65;0.651;0.758;0.677;0.557;0.731;0.574;0.358;0.841;0.721;0.605;0.687;0.954;0.4;0.562;0.549;0.488;0.661;0.675;0.471;0.728;0.646;0.728;0.835;0.546;1.578;0.879;0.951;0.367;0.312;0.653;0.286;0.346;0.276;0.318;0.244;0.316;0.586;0.363;0.431;0.243;0.339;0.337;0.441;0.454;0.413;0.2;0.211;0.232;0.482;0.18;0.262;0.508;0.32;0.237;0.61;0.617;0.341;0.496;0.601;0.704;0.507;0.393;0.384;0.481;0.419;0.687;0.397;1.525;1.388;1.514;0.47;0.381;1.255;0.55;0.37;0.545;0.278;0.244;0.24;0.343;0.26;0.273;0.71;0.375;0.882;0.149;0.279;0.384;0.354;0.318;0.431;0.237;0.208;0.308;0.568;0.594;0.561;0.377;0.577;0.317;0.685;0.341;0.304;0.182;0.824;3.097;1.689;0.856;2.886;2.354;1.571;0.577;0.785;1.440;0.97;0.599;0.184;0.287;0.118;0.695;0.708;0.493;0.579;0.274;0.27;0.315;0.669;0.693;0.484;0.655;0.655;1.345;0.615;0.559;0.26;0.295;0.364;0.106;0.07;0.079;0.085;0.204;0.114;0.221;0.103;0.213;0.097;0.001;0.077;0.204;0.138;0.126;0.106;0.191;0.126;0.093;0.122;1.971;0.364;1.126;0.454;1.292;0.137;0.342;0.225;0.136;0.179;0.147;0.085;0.202;0.077;0.076;0.13;0.047;0.364;0.061;0.108;0.185;0.2;0.116;0.088;0.106;0.079;0.116;0.135;0.084;0.084;0.19;0.062;0.029;0.087;0.108;0.186;0.203;0.115;0.05;0.038;0.039;0.087;0.115;0.049;0.164;0.213;0.153;0.164;0.097;0.115;0.133;0.066;0.148;0.109;0.032;0.178;0.129;0.179;0.143;0.503;0.104;0.16;1.381;0.087;0.077;0.129;0.108;0.058;0.148;0.068;0.221;0.047;0.077;0.115;0.113;0.078;0.104;0.095;0.135;0.08;0.078;0.069;0.213;0.115;0.146;0.073;0.204;0.207;0.194;0.223;0.145;0.176;0.13;0.215;0.092;0.079;0.018;0.161;0.055;0.113;0.142;0.183;0.008;0.218;0.061;0.141;0.433;0.094;0.764;0.126;0.431
2025;GIN;Guinea;0.506;0.785;0.362;0.35;0.434;0.793;0.888;1.197;0.222;0.424;0.197;0.267;0.211;0.602;0.919;0.989;0.843;0.471;0.743;0.277;0.427;1.731;0.684;1.139;0.466;0.498;0.634;0.504;0.428;0.673;0.545;0.476;0.698;0.574;0.383;0.687;0.388;0.317;0.307;0.322;0.757;0.97;8.135;2.282;1.086;1.006;2.730;0.663;0.506;1.057;0.932;1.535;2.134;0.972;0.93;0.951;0.643;0.703;0.87;0.8;0.664;0.826;0.946;0.761;0.7;0.602;0.589;0.663;0.835;0.509;0.609;0.751;0.658;0.933;0.488;0.612;0.81;0.828;0.616;0.649;0.533;0.471;0.552;0.658;0.446;0.513;0.561;0.582;0.511;0.641;0.599;0.541;0.904;0.73;0.64;0.67;0.503;0.616;0.628;0.532;0.454;0.528;0.671;0.632;0.452;0.561;0.533;0.733;0.44;0.569;0.5;0.471;0.561;0.448;1.083;0.602;0.684;0.574;0.423;0.476;0.452;0.448;0.403;0.451;0.519;0.476;0.35;0.586;0.865;0.642;0.558;0.67;0.646;0.678;0.72;0.556;0.533;0.593;0.45;0.843;0.719;0.517;0.653;1.006;0.417;0.462;0.463;0.445;0.454;0.417;0.419;0.475;0.631;0.639;0.711;0.47;1.111;0.677;0.714;0.506;0.491;0.62;0.556;0.567;0.669;0.471;0.357;0.649;0.75;0.53;0.436;0.469;0.452;0.499;0.621;0.607;0.471;0.449;0.567;0.478;0.522;0.409;0.466;0.41;0.506;0.467;0.672;0.561;0.519;0.49;0.411;0.664;0.753;0.251;0.378;0.46;0.508;0.529;0.425;0.483;0.491;0.563;0.486;0.275;0.77;0.299;0.431;0.485;0.47;0.398;0.475;0.468;0.452;0.519;0.628;0.41;0.458;0.458;0.606;0.538;0.407;0.493;0.375;0.342;0.321;0.347;0.792;0.825;0.857;0.645;0.664;0.525;0.649;0.549;0.488;0.443;0.571;0.844;0.722;0.458;0.42;0.951;0.746;0.704;0.551;1.325;0.813;0.575;0.414;0.376;0.266;0.662;0.59;0.483;0.615;0.505;0.476;0.538;0.576;0.74;0.544;0.686;0.596;0.997;0.813;0.538;0.515;0.523;0.787;0.143;0.142;0.113;0.155;0.174;0.136;0.213;0.162;0.184;0.136;0.129;0.139;0.332;0.21;0.195;0.216;0.17;0.18;0.146;0.193;0.924;0.517;0.587;0.526;0.322;0.781;0.298;0.36;0.279;0.384;0.314;0.283;0.321;0.356;0.285;0.339;0.276;0.304;0.196;0.17;0.193;0.307;0.236;0.525;0.12;0.113;0.101;0.122;0.094;0.066;0.081;0.125;0.072;0.13;0.203;0.351;0.241;0.197;0.117;0.14;0.229;0.319;0.294;0.138;0.304;0.193;0.174;0.197;0.246;0.305;0.298;0.149;0.241;0.256;0.152;0.318;0.221;0.265;0.22;0.191;0.186;0.208;1.741;0.137;0.149;0.089;0.198;0.275;0.297;0.196;0.272;0.24;0.314;0.265;0.314;0.297;0.25;0.116;0.249;0.205;0.257;0.175;0.264;0.28;0.3;0.279;0.363;0.275;0.233;0.246;0.181;0.163;0.394;0.451;0.185;0.178;0.201;0.23;0.215;0.213;0.201;0.25;0.217;0.137;0.119;0.178;0.325;0.189;0.16;0.146;0.41
2025;GMB;Gambia;0.626;1.027;0.446;0.411;0.559;1.003;1.170;1.569;0.28;0.531;0.234;0.323;0.242;0.753;1.175;1.233;1.038;0.54;0.886;0.287;0.458;3.294;0.874;1.359;0.481;0.508;0.689;0.534;0.446;0.698;0.574;0.49;0.756;0.609;0.402;0.722;0.401;0.348;0.318;0.338;0.85;1.090;10.704;2.577;1.216;1.108;3.499;0.687;0.52;1.188;1.048;1.741;2.697;1.136;0.996;1.068;0.679;0.757;0.96;0.836;0.752;0.911;1.068;0.844;0.781;0.657;0.625;0.745;0.88;0.543;0.67;0.813;0.716;1.051;0.495;0.653;0.875;0.942;0.65;0.715;0.57;0.484;0.593;0.719;0.455;0.535;0.579;0.569;0.544;0.696;0.656;0.575;0.998;0.788;0.69;0.725;0.522;0.648;0.682;0.545;0.47;0.547;0.734;0.675;0.463;0.59;0.557;0.802;0.431;0.571;0.498;0.466;0.554;0.447;1.142;0.603;0.704;0.574;0.423;0.484;0.46;0.453;0.395;0.454;0.521;0.482;0.34;0.593;0.883;0.67;0.596;0.723;0.679;0.744;0.792;0.599;0.548;0.627;0.456;0.91;0.775;0.533;0.709;1.068;0.424;0.466;0.468;0.447;0.467;0.436;0.419;0.494;0.656;0.662;0.75;0.486;1.262;0.727;0.759;0.531;0.507;0.649;0.572;0.579;0.71;0.49;0.36;0.682;0.799;0.561;0.46;0.519;0.484;0.539;0.685;0.677;0.506;0.507;0.601;0.492;0.539;0.427;0.491;0.433;0.54;0.495;0.689;0.601;0.57;0.546;0.478;0.821;0.929;0.282;0.442;0.521;0.543;0.614;0.451;0.57;0.57;0.664;0.525;0.306;0.854;0.331;0.485;0.535;0.519;0.434;0.491;0.507;0.503;0.545;0.709;0.411;0.489;0.504;0.68;0.577;0.436;0.526;0.382;0.361;0.321;0.351;0.895;0.926;1.011;0.675;0.697;0.537;0.699;0.574;0.508;0.464;0.706;0.996;0.843;0.532;0.442;1.096;0.856;0.77;0.602;1.580;0.921;0.625;0.413;0.37;0.27;0.775;0.589;0.504;0.643;0.513;0.478;0.574;0.587;0.842;0.62;0.749;0.685;1.124;0.887;0.593;0.554;0.559;0.87;0.159;0.149;0.12;0.169;0.194;0.144;0.239;0.172;0.205;0.146;0.122;0.161;0.396;0.229;0.217;0.233;0.195;0.193;0.153;0.209;1.139;0.646;0.714;0.654;0.368;0.978;0.345;0.435;0.309;0.411;0.322;0.292;0.333;0.372;0.294;0.341;0.288;0.321;0.204;0.173;0.206;0.325;0.244;0.597;0.12;0.115;0.101;0.121;0.093;0.064;0.08;0.146;0.071;0.132;0.237;0.417;0.272;0.215;0.118;0.143;0.236;0.351;0.303;0.14;0.324;0.194;0.176;0.206;0.259;0.32;0.295;0.153;0.248;0.277;0.148;0.36;0.22;0.278;0.225;0.193;0.195;0.217;2.175;0.149;0.163;0.091;0.203;0.287;0.309;0.2;0.272;0.243;0.324;0.288;0.341;0.323;0.268;0.127;0.263;0.204;0.262;0.169;0.265;0.295;0.317;0.305;0.392;0.299;0.253;0.267;0.193;0.173;0.413;0.485;0.189;0.187;0.207;0.249;0.231;0.24;0.207;0.27;0.237;0.143;0.124;0.191;0.36;0.202;0.168;0.155;0.504
2025;GNB;Guinea-Bissau;0.414;0.653;0.298;0.285;0.365;0.648;0.744;1.005;0.191;0.354;0.163;0.226;0.174;0.503;0.771;0.833;0.707;0.391;0.626;0.217;0.347;2.315;0.587;0.963;0.368;0.389;0.52;0.407;0.34;0.54;0.439;0.378;0.576;0.466;0.309;0.551;0.309;0.264;0.247;0.26;0.623;0.809;6.823;1.914;0.911;0.834;2.283;0.525;0.394;0.882;0.785;1.299;1.794;0.843;0.762;0.822;0.53;0.586;0.74;0.649;0.572;0.696;0.817;0.645;0.598;0.502;0.483;0.568;0.678;0.419;0.518;0.627;0.552;0.797;0.387;0.506;0.675;0.719;0.503;0.547;0.443;0.38;0.46;0.554;0.358;0.416;0.454;0.441;0.41;0.537;0.481;0.446;0.765;0.608;0.532;0.56;0.407;0.503;0.526;0.427;0.366;0.426;0.566;0.522;0.361;0.456;0.433;0.618;0.337;0.446;0.388;0.362;0.428;0.35;0.884;0.473;0.551;0.45;0.331;0.379;0.36;0.354;0.308;0.354;0.408;0.376;0.264;0.458;0.686;0.523;0.462;0.559;0.515;0.571;0.608;0.463;0.431;0.491;0.358;0.716;0.608;0.418;0.548;0.825;0.334;0.368;0.369;0.353;0.366;0.338;0.331;0.385;0.514;0.52;0.585;0.38;0.963;0.565;0.588;0.412;0.395;0.504;0.445;0.446;0.552;0.381;0.283;0.529;0.619;0.437;0.353;0.385;0.367;0.41;0.516;0.513;0.386;0.367;0.462;0.381;0.421;0.333;0.382;0.343;0.412;0.379;0.524;0.46;0.435;0.422;0.364;0.615;0.677;0.218;0.333;0.402;0.414;0.468;0.345;0.434;0.433;0.503;0.408;0.236;0.643;0.251;0.375;0.419;0.397;0.331;0.382;0.39;0.385;0.425;0.545;0.318;0.372;0.388;0.523;0.444;0.336;0.41;0.301;0.28;0.252;0.275;0.638;0.665;0.704;0.508;0.526;0.411;0.518;0.433;0.386;0.357;0.499;0.703;0.609;0.384;0.336;0.818;0.632;0.587;0.448;1.071;0.659;0.461;0.32;0.287;0.209;0.541;0.446;0.389;0.49;0.394;0.372;0.443;0.45;0.619;0.463;0.56;0.497;0.801;0.68;0.449;0.408;0.423;0.652;0.118;0.114;0.091;0.127;0.145;0.11;0.177;0.131;0.154;0.112;0.095;0.119;0.286;0.177;0.165;0.18;0.148;0.148;0.118;0.16;0.766;0.438;0.479;0.441;0.278;0.651;0.246;0.303;0.229;0.31;0.249;0.224;0.257;0.281;0.226;0.262;0.217;0.242;0.156;0.133;0.153;0.25;0.189;0.436;0.092;0.088;0.078;0.093;0.072;0.049;0.061;0.1;0.055;0.101;0.169;0.291;0.197;0.163;0.091;0.111;0.179;0.252;0.226;0.108;0.247;0.149;0.136;0.159;0.196;0.247;0.227;0.121;0.191;0.21;0.114;0.258;0.168;0.212;0.173;0.148;0.149;0.164;1.466;0.112;0.124;0.07;0.156;0.222;0.237;0.154;0.209;0.187;0.248;0.219;0.264;0.249;0.208;0.098;0.205;0.158;0.204;0.131;0.205;0.229;0.247;0.223;0.302;0.23;0.195;0.206;0.151;0.134;0.318;0.362;0.147;0.144;0.16;0.19;0.172;0.178;0.162;0.206;0.18;0.11;0.096;0.144;0.278;0.154;0.128;0.12;0.34
2025;GNQ;Equatorial Guinea;0.645;1.057;0.458;0.422;0.574;1.034;1.203;1.612;0.286;0.545;0.24;0.33;0.248;0.772;1.205;1.262;1.062;0.55;0.904;0.295;0.468;3.139;0.893;1.383;0.494;0.522;0.703;0.546;0.458;0.714;0.587;0.503;0.771;0.622;0.411;0.739;0.41;0.354;0.325;0.345;0.867;1.109;10.997;2.623;1.237;1.129;3.591;0.704;0.534;1.209;1.063;1.770;2.763;1.152;1.013;1.076;0.69;0.769;0.97;0.852;0.761;0.925;1.080;0.855;0.791;0.668;0.637;0.755;0.897;0.553;0.679;0.825;0.727;1.065;0.506;0.664;0.889;0.953;0.663;0.726;0.58;0.494;0.603;0.73;0.465;0.546;0.59;0.587;0.557;0.707;0.672;0.585;1.011;0.8;0.702;0.736;0.533;0.66;0.692;0.557;0.48;0.559;0.746;0.687;0.473;0.602;0.568;0.814;0.444;0.585;0.511;0.479;0.57;0.459;1.161;0.617;0.718;0.588;0.433;0.495;0.471;0.464;0.407;0.465;0.534;0.493;0.35;0.608;0.904;0.683;0.606;0.736;0.696;0.755;0.804;0.61;0.559;0.638;0.467;0.92;0.785;0.543;0.72;1.088;0.433;0.477;0.478;0.458;0.477;0.445;0.429;0.504;0.668;0.675;0.763;0.496;1.276;0.739;0.773;0.542;0.519;0.661;0.584;0.594;0.724;0.5;0.368;0.696;0.814;0.572;0.47;0.53;0.494;0.549;0.698;0.688;0.516;0.519;0.613;0.503;0.55;0.435;0.5;0.44;0.551;0.506;0.709;0.613;0.58;0.553;0.482;0.824;0.937;0.285;0.447;0.527;0.554;0.619;0.46;0.574;0.575;0.67;0.532;0.31;0.869;0.336;0.489;0.541;0.526;0.441;0.502;0.516;0.51;0.554;0.716;0.423;0.499;0.51;0.686;0.587;0.443;0.534;0.391;0.368;0.329;0.359;0.918;0.95;1.035;0.693;0.715;0.551;0.716;0.589;0.521;0.475;0.718;1.020;0.86;0.544;0.453;1.110;0.87;0.782;0.615;1.626;0.945;0.641;0.424;0.381;0.277;0.796;0.608;0.516;0.659;0.527;0.491;0.585;0.602;0.858;0.63;0.765;0.699;1.155;0.9;0.603;0.569;0.571;0.886;0.162;0.152;0.123;0.172;0.198;0.146;0.243;0.176;0.208;0.148;0.127;0.164;0.402;0.232;0.22;0.236;0.197;0.196;0.156;0.213;1.170;0.661;0.734;0.671;0.373;1.003;0.353;0.445;0.316;0.42;0.33;0.3;0.341;0.382;0.301;0.35;0.295;0.329;0.208;0.178;0.212;0.332;0.25;0.607;0.123;0.119;0.104;0.124;0.096;0.066;0.082;0.15;0.073;0.136;0.242;0.427;0.278;0.219;0.121;0.147;0.242;0.362;0.312;0.144;0.33;0.2;0.181;0.21;0.265;0.325;0.304;0.156;0.253;0.282;0.153;0.369;0.227;0.285;0.231;0.198;0.2;0.223;2.224;0.152;0.165;0.093;0.207;0.293;0.316;0.205;0.279;0.25;0.332;0.293;0.345;0.327;0.272;0.128;0.267;0.21;0.268;0.174;0.271;0.299;0.322;0.313;0.397;0.303;0.257;0.271;0.196;0.177;0.422;0.497;0.194;0.19;0.212;0.253;0.237;0.245;0.212;0.274;0.242;0.146;0.127;0.195;0.363;0.206;0.172;0.157;0.517
2025;GRC;Greece;0.328;0.373;0.317;0.413;0.296;0.433;0.493;0.734;0.199;0.328;0.224;0.18;0.283;1.268;3.665;1.212;0.907;0.36;0.657;0.497;0.599;4.253;0.77;1.847;0.426;0.43;0.652;0.422;0.389;0.629;0.484;0.416;0.685;0.538;0.356;0.594;0.395;0.365;0.352;0.38;0.691;1.016;9.174;2.213;0.969;0.762;3.446;0.416;0.368;0.99;0.858;1.463;3.828;1.090;1.716;1.627;0.97;1.125;1.467;1.463;1.490;1.619;0.925;0.758;0.678;0.606;0.543;0.672;0.971;0.493;0.617;0.647;0.679;0.907;0.425;0.555;0.687;0.932;0.488;0.669;0.574;0.411;0.644;0.811;0.435;0.452;0.372;0.383;0.641;0.619;0.671;0.559;0.879;0.63;0.681;0.722;0.49;0.575;0.671;0.476;0.424;0.465;0.7;0.543;0.433;0.561;0.542;0.838;0.35;0.345;0.37;0.382;0.475;0.593;1.094;0.661;0.766;0.588;0.382;0.572;0.767;0.554;0.287;0.28;0.375;0.314;0.198;0.396;0.905;0.872;0.476;0.566;0.67;0.524;0.659;0.9;0.798;0.903;0.571;1.022;1.198;0.582;1.142;1.203;0.472;0.511;0.475;0.473;0.503;0.596;0.421;0.579;0.691;0.77;0.856;0.556;1.278;0.734;0.777;0.414;0.42;0.579;0.548;0.559;0.466;0.422;0.287;0.751;0.904;0.529;0.331;0.338;0.335;0.455;0.658;0.674;0.407;0.291;0.472;0.39;0.497;0.284;0.421;0.488;0.387;0.356;0.422;0.527;0.491;0.453;0.367;0.627;0.992;0.263;0.415;0.453;0.496;0.548;0.447;0.452;0.425;0.403;0.449;0.32;0.488;0.363;0.381;0.423;0.404;0.35;0.346;0.378;0.42;0.629;0.562;0.315;0.52;0.396;0.819;0.765;0.455;0.587;0.369;0.395;0.336;0.287;0.877;0.862;0.9;0.564;0.595;0.473;0.548;0.462;0.427;0.405;0.621;1.907;1.316;0.759;0.268;0.794;0.65;0.541;0.387;1.196;0.784;0.295;0.241;0.211;0.207;0.378;0.353;0.32;0.349;0.276;0.258;0.424;0.352;0.427;0.372;0.441;0.401;0.623;0.53;0.418;0.458;0.397;0.661;0.172;0.142;0.126;0.159;0.225;0.152;0.231;0.172;0.246;0.147;0.01;0.174;0.381;0.165;0.173;0.158;0.195;0.15;0.147;0.171;1.000;0.387;2.175;0.324;0.388;0.604;0.237;0.341;0.448;0.338;0.311;0.243;0.34;0.358;0.325;0.266;0.249;0.299;0.253;0.185;0.206;0.22;0.149;0.473;0.078;0.073;0.058;0.07;0.079;0.026;0.043;0.089;0.03;0.059;0.061;0.26;0.205;0.144;0.116;0.091;0.16;0.314;0.208;0.106;0.186;0.144;0.13;0.133;0.154;0.198;0.144;0.143;0.15;0.284;0.136;0.356;0.162;0.331;0.19;0.165;0.165;0.194;2.037;0.059;0.083;0.045;0.131;0.162;0.149;0.148;0.192;0.145;0.226;0.205;0.214;0.208;0.187;0.087;0.2;0.075;0.112;0.063;0.117;0.256;0.31;0.206;0.443;0.316;0.247;0.25;0.172;0.182;0.26;0.271;0.28;0.289;0.266;0.429;0.243;0.159;0.119;0.198;0.223;0.087;0.04;0.212;0.173;0.125;0.083;0.092;0.261
2025;GRD;Grenada;0.404;0.597;0.294;0.296;0.338;0.619;0.673;0.913;0.179;0.339;0.165;0.223;0.183;0.491;0.734;0.819;0.703;0.419;0.644;0.253;0.391;2.132;0.547;1.015;0.428;0.458;0.57;0.459;0.391;0.62;0.498;0.438;0.63;0.524;0.351;0.625;0.367;0.294;0.29;0.3;0.685;0.895;6.257;2.022;0.974;0.909;2.161;0.623;0.471;0.963;0.875;1.364;1.718;0.861;0.889;0.912;0.614;0.659;0.828;0.766;0.603;0.766;0.861;0.699;0.636;0.552;0.546;0.601;0.781;0.473;0.562;0.703;0.615;0.857;0.46;0.572;0.758;0.747;0.574;0.597;0.492;0.443;0.508;0.604;0.423;0.481;0.54;0.546;0.467;0.597;0.535;0.506;0.845;0.686;0.592;0.629;0.471;0.578;0.586;0.503;0.426;0.495;0.614;0.585;0.425;0.523;0.501;0.675;0.42;0.548;0.475;0.444;0.531;0.423;1.047;0.574;0.654;0.542;0.404;0.45;0.425;0.422;0.38;0.427;0.492;0.453;0.332;0.557;0.814;0.599;0.521;0.618;0.589;0.63;0.663;0.512;0.5;0.554;0.423;0.814;0.673;0.49;0.603;0.943;0.397;0.436;0.436;0.418;0.425;0.388;0.394;0.44;0.596;0.604;0.668;0.439;1.008;0.627;0.666;0.47;0.46;0.583;0.526;0.529;0.616;0.44;0.336;0.603;0.692;0.489;0.407;0.423;0.417;0.458;0.563;0.551;0.434;0.392;0.532;0.449;0.493;0.39;0.444;0.388;0.469;0.431;0.617;0.516;0.477;0.446;0.366;0.587;0.652;0.227;0.335;0.421;0.469;0.479;0.393;0.429;0.44;0.501;0.455;0.253;0.688;0.27;0.398;0.451;0.429;0.366;0.443;0.429;0.414;0.497;0.576;0.386;0.42;0.426;0.578;0.508;0.381;0.466;0.354;0.322;0.304;0.327;0.691;0.731;0.734;0.589;0.608;0.487;0.586;0.506;0.452;0.411;0.476;0.713;0.619;0.393;0.382;0.879;0.658;0.65;0.494;1.098;0.71;0.514;0.386;0.352;0.249;0.559;0.543;0.445;0.565;0.468;0.446;0.491;0.535;0.662;0.493;0.625;0.528;0.864;0.765;0.494;0.463;0.482;0.709;0.131;0.134;0.105;0.142;0.159;0.129;0.196;0.15;0.168;0.127;0.121;0.124;0.297;0.202;0.186;0.209;0.16;0.172;0.138;0.183;0.746;0.417;0.477;0.424;0.284;0.63;0.255;0.302;0.252;0.357;0.294;0.265;0.302;0.33;0.27;0.315;0.257;0.278;0.185;0.16;0.177;0.291;0.221;0.485;0.112;0.105;0.094;0.115;0.088;0.062;0.076;0.105;0.067;0.119;0.178;0.296;0.211;0.186;0.11;0.133;0.214;0.28;0.268;0.129;0.288;0.18;0.164;0.187;0.23;0.295;0.285;0.14;0.23;0.241;0.142;0.275;0.206;0.245;0.205;0.179;0.171;0.191;1.450;0.126;0.139;0.083;0.188;0.264;0.281;0.186;0.257;0.224;0.295;0.252;0.304;0.286;0.236;0.111;0.234;0.195;0.247;0.165;0.253;0.271;0.29;0.25;0.349;0.26;0.215;0.228;0.17;0.152;0.369;0.41;0.175;0.17;0.185;0.216;0.195;0.189;0.189;0.235;0.195;0.129;0.111;0.161;0.32;0.174;0.148;0.137;0.336
2025;GTM;Guatemala;0.493;0.804;0.353;0.328;0.444;0.783;0.92;1.239;0.23;0.424;0.189;0.265;0.198;0.596;0.926;0.981;0.827;0.437;0.716;0.234;0.377;2.589;0.708;1.083;0.395;0.415;0.575;0.444;0.367;0.583;0.476;0.406;0.636;0.509;0.335;0.599;0.326;0.287;0.261;0.278;0.686;0.883;8.369;2.154;1.016;0.923;2.755;0.554;0.416;0.972;0.849;1.463;2.146;0.959;0.804;0.883;0.561;0.632;0.795;0.681;0.639;0.759;0.91;0.71;0.666;0.55;0.522;0.634;0.724;0.453;0.569;0.677;0.599;0.881;0.407;0.545;0.728;0.807;0.54;0.6;0.483;0.404;0.502;0.609;0.377;0.443;0.473;0.458;0.444;0.582;0.531;0.479;0.832;0.655;0.578;0.604;0.433;0.538;0.57;0.451;0.39;0.453;0.625;0.565;0.382;0.49;0.461;0.677;0.345;0.458;0.402;0.375;0.442;0.365;0.922;0.491;0.577;0.47;0.343;0.399;0.38;0.372;0.319;0.37;0.425;0.392;0.271;0.476;0.723;0.561;0.498;0.61;0.557;0.622;0.668;0.505;0.459;0.529;0.378;0.759;0.66;0.44;0.6;0.886;0.349;0.388;0.39;0.373;0.389;0.362;0.349;0.415;0.545;0.552;0.627;0.406;1.077;0.614;0.633;0.444;0.42;0.537;0.469;0.473;0.601;0.406;0.299;0.568;0.673;0.475;0.378;0.425;0.397;0.446;0.57;0.569;0.42;0.414;0.493;0.402;0.445;0.351;0.404;0.367;0.445;0.409;0.56;0.5;0.477;0.471;0.416;0.714;0.79;0.245;0.381;0.448;0.448;0.528;0.372;0.499;0.492;0.576;0.442;0.261;0.719;0.28;0.415;0.46;0.439;0.362;0.408;0.428;0.425;0.448;0.605;0.332;0.404;0.423;0.565;0.474;0.361;0.439;0.317;0.299;0.263;0.289;0.717;0.739;0.806;0.547;0.567;0.436;0.565;0.463;0.411;0.382;0.591;0.814;0.701;0.441;0.365;0.901;0.716;0.641;0.495;1.247;0.741;0.508;0.336;0.299;0.221;0.624;0.471;0.419;0.528;0.419;0.391;0.485;0.478;0.691;0.515;0.613;0.559;0.902;0.733;0.491;0.446;0.457;0.723;0.13;0.121;0.097;0.138;0.159;0.117;0.194;0.141;0.17;0.121;0.097;0.134;0.323;0.187;0.177;0.189;0.162;0.157;0.125;0.171;0.912;0.525;0.566;0.526;0.316;0.775;0.281;0.354;0.253;0.333;0.264;0.237;0.272;0.3;0.238;0.276;0.231;0.261;0.164;0.14;0.165;0.264;0.2;0.474;0.096;0.092;0.081;0.096;0.075;0.051;0.064;0.116;0.058;0.108;0.191;0.336;0.222;0.175;0.095;0.115;0.189;0.28;0.241;0.114;0.262;0.156;0.142;0.167;0.208;0.257;0.233;0.129;0.199;0.225;0.119;0.291;0.176;0.228;0.183;0.156;0.161;0.176;1.720;0.122;0.134;0.075;0.164;0.232;0.25;0.161;0.217;0.197;0.261;0.233;0.279;0.264;0.223;0.105;0.219;0.163;0.212;0.134;0.211;0.239;0.26;0.245;0.32;0.247;0.213;0.224;0.162;0.144;0.338;0.394;0.155;0.152;0.171;0.205;0.187;0.2;0.171;0.22;0.201;0.117;0.103;0.158;0.291;0.166;0.138;0.129;0.401
2025;HKG;Hong Kong, China;0.334;0.267;0.327;0.453;0.263;0.356;0.278;0.339;0.292;0.405;0.392;0.433;0.329;0;0;0;0;0;0;0;1.139;5.045;0.664;0.673;0.214;0.208;0.269;0.233;0.183;0.207;0.223;0.168;0.231;0.201;0.168;0.258;0.578;0.416;0.443;0.501;0.984;1.141;8.852;3.549;2.007;1.732;0.868;0.776;0.907;1.772;0.904;2.995;4.000;2.181;1.365;1.090;1.104;1.241;1.420;1.132;1.769;1.827;1.823;1.752;1.392;1.309;1.095;1.316;1.231;0.962;1.234;1.260;1.236;1.623;0.893;1.035;1.038;1.772;1.115;1.173;0.979;0.78;0.987;1.228;0.76;0.783;0.812;0.874;0.888;1.077;1.246;0.94;1.548;1.208;1.112;0.911;0.836;0.955;1.130;0.927;0.761;0.781;1.247;1.118;0.728;0.981;0.845;1.302;0.788;0.784;0.885;0.867;0.937;0.769;1.349;1.080;1.013;0.928;0.639;0.76;0.841;0.689;0.711;0.704;0.924;0.7;0.62;0.746;1.428;1.016;0.944;1.220;1.248;1.257;1.187;0.928;0.815;1.069;0.703;1.220;1.267;0.887;1.242;1.900;0.683;0.759;0.752;0.675;0.696;0.522;0.683;0.762;0.754;0.947;0.859;0.782;1.333;0.901;0.869;0.653;0.631;0.686;0.756;0.938;0.941;0.773;0.673;0.821;1.027;0.698;0.923;1.265;1.017;1.042;1.312;1.212;0.972;1.633;0.838;0.741;0.746;0.56;0.738;0.85;0.952;0.816;0.966;1.064;0.92;0.453;0.407;0.713;1.018;0.301;0.56;0.539;0.518;0.582;0.556;0.445;0.467;0.465;0.479;0.444;0.466;0.465;0.534;0.538;0.547;0.427;0.416;0.478;0.485;0.485;0.624;0.395;0.581;0.458;0.68;0.742;0.57;0.604;0.652;0.492;0.561;0.605;1.323;1.201;1.256;0.894;0.695;0.739;0.769;0.655;0.612;0.584;0.456;3.111;2.285;1.144;0.609;1.009;1.166;0.929;0.852;0.762;0.292;0.911;0.621;0.651;0.344;1.185;0.927;0.726;0.8;0.722;0.705;0.905;0.822;0;0;0;0;0;0;0;0;0;0;0.362;0.329;0.298;0.363;0.616;0.326;0.38;0.369;0.47;0.361;0.121;0.285;0.551;0.33;0.291;0.367;0.342;0.37;0.345;0.367;1.465;0.63;2.151;0.606;0.363;1.097;0.376;0.589;0.916;0.494;0.472;0.402;0.419;0.476;0.386;0.398;0.455;0.481;0.454;0.524;0.517;0.09;0.07;0.249;0.214;0.214;0.192;0.233;0.127;0.074;0.122;0.231;0.085;0.094;0.275;0.266;0.162;0.093;0.055;0.051;0.078;0.22;0.126;0.248;0.102;0.075;0.072;0.094;0.104;0.099;0.083;0.066;0.073;0.409;0.24;0.554;0.324;0.419;0.353;0.293;0.282;0.353;0.759;0.141;0.156;0.117;0.169;0.206;0.184;0.182;0.224;0.188;0.248;0.238;0.221;0.234;0.189;0.204;0.206;0.235;0.263;0.22;0.288;0.373;0.481;0.365;0.498;0.469;0.303;0.319;0.263;0.441;0.471;0.52;0.343;0.307;0.41;0.4;0.333;0.18;0.15;0.206;0.484;0.1;0.093;0.877;0.281;0.137;0.129;0.095;0.589
2025;HND;Honduras;0.813;1.343;0.574;0.523;0.715;1.319;1.524;2.024;0.345;0.678;0.293;0.396;0.3;0.953;1.498;1.543;1.296;0.656;1.077;0.358;0.551;2.395;1.078;1.645;0.594;0.633;0.823;0.647;0.551;0.841;0.696;0.603;0.893;0.729;0.485;0.88;0.489;0.414;0.387;0.409;1.031;1.298;13.874;2.959;1.401;1.292;4.486;0.843;0.652;1.404;1.226;1.993;3.407;1.291;1.188;1.197;0.807;0.89;1.090;1.003;0.842;1.053;1.194;0.962;0.882;0.761;0.739;0.84;1.052;0.641;0.765;0.941;0.826;1.194;0.609;0.765;1.016;1.046;0.775;0.823;0.665;0.584;0.692;0.826;0.552;0.64;0.697;0.728;0.672;0.803;0.816;0.679;1.138;0.912;0.803;0.837;0.626;0.768;0.786;0.661;0.566;0.657;0.841;0.791;0.563;0.702;0.665;0.919;0.55;0.707;0.626;0.59;0.706;0.557;1.357;0.746;0.849;0.712;0.526;0.592;0.562;0.558;0.502;0.561;0.645;0.592;0.438;0.733;1.082;0.798;0.7;0.841;0.834;0.859;0.909;0.699;0.66;0.736;0.558;1.041;0.889;0.643;0.816;1.259;0.518;0.573;0.573;0.553;0.564;0.523;0.52;0.593;0.781;0.791;0.884;0.585;1.402;0.844;0.892;0.632;0.612;0.771;0.692;0.712;0.834;0.588;0.443;0.811;0.937;0.661;0.56;0.635;0.589;0.644;0.811;0.783;0.606;0.633;0.719;0.603;0.652;0.511;0.587;0.509;0.65;0.598;0.859;0.719;0.663;0.613;0.52;0.855;1.021;0.317;0.487;0.579;0.648;0.67;0.543;0.611;0.624;0.716;0.605;0.345;0.979;0.382;0.538;0.6;0.593;0.503;0.59;0.587;0.57;0.645;0.788;0.513;0.593;0.573;0.758;0.68;0.517;0.616;0.466;0.43;0.399;0.431;1.125;1.161;1.267;0.837;0.861;0.664;0.868;0.711;0.631;0.564;0.827;1.237;1.016;0.644;0.541;1.258;1.002;0.895;0.732;2.043;1.154;0.775;0.517;0.471;0.334;0.973;0.759;0.608;0.786;0.643;0.594;0.68;0.728;1.004;0.72;0.905;0.825;1.424;1.024;0.696;0.696;0.681;1.029;0.191;0.181;0.147;0.204;0.232;0.172;0.285;0.208;0.242;0.172;0.161;0.188;0.466;0.263;0.251;0.27;0.218;0.228;0.183;0.245;1.452;0.807;0.922;0.827;0.423;1.245;0.428;0.536;0.375;0.5;0.396;0.361;0.406;0.462;0.361;0.429;0.359;0.401;0.248;0.216;0.258;0.39;0.298;0.721;0.152;0.146;0.128;0.154;0.118;0.084;0.102;0.188;0.089;0.165;0.289;0.521;0.335;0.257;0.147;0.175;0.296;0.452;0.391;0.173;0.388;0.244;0.22;0.247;0.319;0.381;0.374;0.184;0.303;0.33;0.19;0.453;0.281;0.339;0.28;0.242;0.237;0.272;2.723;0.177;0.19;0.111;0.25;0.344;0.376;0.246;0.343;0.306;0.402;0.341;0.393;0.374;0.313;0.144;0.312;0.256;0.32;0.218;0.329;0.347;0.371;0.384;0.455;0.346;0.295;0.312;0.225;0.206;0.503;0.603;0.231;0.223;0.252;0.295;0.287;0.286;0.25;0.321;0.274;0.173;0.15;0.232;0.406;0.243;0.205;0.182;0.64
2025;HRV;Croatia;0.741;1.029;0.515;0.603;0.711;1.145;1.418;2.433;0.376;0.798;0.402;0.663;0.339;1.341;3.700;0.827;0.755;0.475;0.666;0.785;0.453;1.292;0.228;0.984;0.361;0.359;0.613;0.427;0.369;0.421;0.434;0.317;0.642;0.477;0.307;0.538;0.308;0.228;0.25;0.269;0.559;0.742;8.437;0.822;0.558;0.463;3.201;0.35;0.294;0.956;0.658;0.699;3.414;0.778;0.834;0.648;0.532;0.657;0.892;0.517;0.956;0.997;0.537;0.48;0.437;0.322;0.369;0.446;0.417;0.307;0.407;0.391;0.352;0.583;0.312;0.342;0.341;0.66;0.274;0.376;0.343;0.319;0.412;0.463;0.303;0.315;0.164;0.274;0.429;0.43;0.559;0.375;0.626;0.432;0.357;0.436;0.287;0.357;0.458;0.364;0.23;0.337;0.437;0.438;0.318;0.353;0.329;0.582;0.183;0.162;0.207;0.296;0.36;0.274;0.655;0.348;0.408;0.32;0.223;0.295;0.278;0.265;0.223;0.149;0.175;0.146;0.17;0.184;0.612;0.444;0.268;0.279;0.406;0.275;0.291;0.397;0.334;0.386;0.295;0.635;0.587;0.38;0.459;0.895;0.228;0.297;0.295;0.317;0.259;0.248;0.234;0.316;0.341;0.417;0.423;0.307;0.864;0.336;0.377;0.506;0.503;0.637;0.4;0.517;0.596;0.343;0.296;0.341;0.522;0.546;0.262;0.256;0.303;0.348;0.439;0.503;0.368;0.255;0.322;0.212;0.377;0.178;0.292;0.337;0.294;0.329;0.39;0.437;0.451;0.423;0.522;0.648;1.144;0.298;0.56;0.442;0.453;0.538;0.42;0.615;0.542;0.612;0.393;0.312;0.771;0.476;0.345;0.385;0.49;0.334;0.266;0.418;0.394;0.362;0.504;0.27;0.562;0.339;0.456;0.499;0.382;0.384;0.325;0.301;0.288;0.385;0.889;0.865;0.954;0.61;0.651;0.518;0.629;0.461;0.408;0.542;0.729;1.769;1.227;0.704;0.43;1.355;1.011;0.776;0.629;1.164;0.763;0.59;0.263;0.244;0.167;0.84;0.374;0.431;0.664;0.509;0.419;0.652;0.518;0.559;0.416;0.477;0.379;0.53;0.625;0.494;0.376;0.423;1.532;0.203;0.191;0.16;0.229;0.287;0.2;0.32;0.255;0.3;0.23;0.131;0.248;0.534;0.288;0.245;0.333;0.334;0.305;0.182;0.293;0.607;0.536;2.488;0.438;0.366;0.595;0.271;0.2;0.386;0.37;0.254;0.267;0.274;0.308;0.208;0.306;0.325;0.258;0.203;0.183;0.235;0.22;0.201;0.392;0.13;0.115;0.095;0.103;0.078;0.064;0.097;0.173;0.136;0.158;0.436;0.384;0.319;0.239;0.173;0.178;0.197;0.329;0.219;0.18;0.248;0.162;0.179;0.212;0.261;0.274;0.217;0.175;0.188;0.416;0.143;0.358;0.211;0.327;0.228;0.236;0.187;0.209;2.180;0.1;0.114;0.087;0.169;0.173;0.184;0.162;0.201;0.198;0.264;0.254;0.245;0.257;0.25;0.169;0.238;0.138;0.203;0.121;0.184;0.274;0.262;0.275;0.322;0.255;0.231;0.238;0.173;0.25;0.241;0.196;0.195;0.181;0.223;0.276;0.188;0.274;0.195;0.243;0.401;0.204;0.072;0.195;0.479;0.24;0.202;0.187;0.71
2025;HTI;Haiti;0.439;0.668;0.325;0.324;0.377;0.674;0.762;1.022;0.2;0.371;0.175;0.243;0.197;0.571;0.867;0.978;0.832;0.487;0.766;0.251;0.412;6.330;0.624;1.308;0.423;0.446;0.579;0.461;0.389;0.611;0.501;0.431;0.641;0.527;0.354;0.615;0.401;0.343;0.32;0.326;0.799;1.091;7.361;2.101;1.038;0.957;2.515;0.681;0.493;1.119;1.111;1.448;1.988;0.977;1.084;1.199;0.722;0.759;1.031;0.895;0.677;0.887;0.965;0.788;0.692;0.598;0.586;0.655;0.857;0.515;0.624;0.803;0.702;0.997;0.484;0.633;0.863;0.826;0.623;0.668;0.519;0.466;0.537;0.654;0.456;0.518;0.627;0.528;0.496;0.678;0.569;0.559;0.994;0.789;0.645;0.726;0.503;0.637;0.669;0.537;0.452;0.527;0.656;0.631;0.448;0.557;0.545;0.741;0.44;0.615;0.499;0.451;0.542;0.432;1.277;0.616;0.736;0.556;0.431;0.476;0.444;0.434;0.377;0.451;0.518;0.492;0.331;0.603;0.862;0.628;0.574;0.667;0.591;0.721;0.739;0.55;0.523;0.603;0.436;1.020;0.758;0.546;0.661;1.040;0.434;0.448;0.449;0.422;0.444;0.41;0.394;0.452;0.653;0.661;0.734;0.457;1.128;0.681;0.727;0.493;0.483;0.64;0.567;0.539;0.639;0.469;0.346;0.639;0.728;0.507;0.446;0.469;0.46;0.499;0.618;0.61;0.474;0.421;0.595;0.482;0.541;0.452;0.517;0.445;0.51;0.46;0.607;0.554;0.531;0.485;0.398;0.713;0.773;0.246;0.373;0.482;0.507;0.557;0.421;0.476;0.492;0.563;0.515;0.287;0.697;0.286;0.46;0.516;0.466;0.403;0.457;0.459;0.464;0.575;0.665;0.396;0.446;0.49;0.741;0.593;0.435;0.543;0.379;0.36;0.315;0.333;0.74;0.81;0.838;0.599;0.626;0.489;0.62;0.528;0.48;0.436;0.532;0.767;0.66;0.415;0.382;1.116;0.716;0.729;0.515;1.181;0.763;0.528;0.377;0.34;0.253;0.589;0.512;0.45;0.575;0.46;0.445;0.5;0.536;0.752;0.574;0.684;0.598;0.904;0.897;0.561;0.481;0.522;0.761;0.149;0.15;0.119;0.162;0.183;0.149;0.232;0.165;0.191;0.143;0.11;0.145;0.378;0.259;0.239;0.265;0.204;0.208;0.157;0.223;0.809;0.456;0.509;0.465;0.302;0.72;0.272;0.335;0.279;0.4;0.309;0.282;0.329;0.348;0.301;0.314;0.278;0.293;0.21;0.168;0.194;0.341;0.235;0.618;0.114;0.108;0.094;0.116;0.087;0.059;0.074;0.109;0.064;0.114;0.208;0.33;0.226;0.224;0.116;0.148;0.227;0.288;0.269;0.132;0.335;0.185;0.172;0.21;0.257;0.356;0.304;0.149;0.262;0.289;0.135;0.288;0.202;0.261;0.209;0.18;0.174;0.195;1.783;0.141;0.165;0.086;0.204;0.313;0.317;0.205;0.268;0.229;0.318;0.309;0.387;0.358;0.275;0.138;0.258;0.205;0.277;0.162;0.276;0.327;0.349;0.267;0.434;0.311;0.238;0.255;0.191;0.168;0.411;0.437;0.183;0.197;0.182;0.251;0.208;0.204;0.205;0.275;0.195;0.14;0.116;0.167;0.444;0.191;0.157;0.148;0.381
2025;HUN;Hungary;0.653;0.857;0.498;0.613;0.595;0.972;1.162;1.936;0.389;0.726;0.4;0.415;0.415;1.206;5.899;1.237;1.288;0.568;0.835;0.992;0.396;3.384;0.58;1.293;0.365;0.359;0.581;0.414;0.349;0.465;0.411;0.377;0.672;0.454;0.355;0.487;0.485;0.378;0.398;0.523;0.611;0.864;5.017;1.356;1.026;0.824;2.128;0.629;0.343;1.435;0.778;1.112;3.389;1.316;0.938;0.787;0.627;0.748;1.156;0.77;1.329;1.241;1.173;0.9;0.877;0.755;0.658;0.777;0.803;0.508;0.66;0.732;0.609;1.150;0.471;0.646;0.708;1.288;0.585;0.701;0.564;0.464;0.548;0.713;0.436;0.465;0.569;0.573;0.553;0.627;0.7;0.514;0.915;0.67;0.681;0.545;0.429;0.536;0.609;0.525;0.424;0.434;0.654;0.59;0.408;0.501;0.553;0.683;0.41;0.383;0.468;0.449;0.528;0.405;0.861;0.523;0.609;0.506;0.337;0.441;0.414;0.404;0.339;0.391;0.454;0.359;0.408;0.403;0.828;0.708;0.537;0.525;0.732;0.526;0.553;0.747;0.49;0.641;0.477;0.69;0.901;0.541;0.777;0.909;0.424;0.549;0.547;0.436;0.432;0.421;0.362;0.458;0.535;0.583;0.617;0.474;1.190;0.642;0.675;0.589;0.553;0.682;0.574;0.634;0.936;0.75;0.46;0.623;0.772;0.882;0.348;0.326;0.351;0.409;0.542;0.532;0.442;0.333;0.387;0.321;0.398;0.363;0.306;0.316;0.335;0.379;0.671;0.438;0.448;0.6;0.69;0.82;1.436;0.398;0.624;0.619;0.615;0.72;0.631;0.743;0.695;0.745;0.519;0.424;0.908;0.503;0.453;0.518;0.589;0.479;0.575;0.529;0.543;0.535;0.769;0.427;0.748;0.5;0.455;0.565;0.404;0.47;0.364;0.433;0.283;0.3;1.391;1.316;1.491;0.881;0.816;0.622;0.852;0.633;0.565;0.584;0.652;1.503;1.138;0.706;0.484;1.445;1.275;1.064;0.791;1.348;0.864;0.731;0.282;0.281;0.196;1.008;0.513;0.473;0.635;0.536;0.417;0.723;0.653;0.513;0.451;0.55;0.38;0.679;0.656;0.477;0.445;0.425;1.126;0.295;0.224;0.179;0.247;0.429;0.22;0.383;0.294;0.365;0.261;0.082;0.256;0.622;0.312;0.282;0.292;0.322;0.311;0.234;0.288;1.540;0.654;1.952;0.569;0.427;0.947;0.366;0.214;0.3;0.375;0.328;0.28;0.304;0.298;0.198;0.314;0.242;0.233;0.223;0.197;0.277;0.199;0.142;0.41;0.152;0.136;0.129;0.146;0.107;0.065;0.107;0.253;0.108;0.186;0.258;0.454;0.341;0.196;0.116;0.143;0.157;0.354;0.259;0.207;0.297;0.201;0.187;0.194;0.227;0.245;0.221;0.167;0.193;0.225;0.203;0.473;0.227;0.278;0.253;0.253;0.399;0.232;2.564;0.144;0.175;0.109;0.184;0.204;0.225;0.206;0.288;0.236;0.319;0.253;0.246;0.251;0.214;0.192;0.307;0.141;0.222;0.145;0.224;0.265;0.348;0.356;0.403;0.39;0.376;0.447;0.283;0.288;0.249;0.247;0.237;0.199;0.199;0.292;0.224;0.263;0.208;0.269;0.346;0.153;0.114;0.185;0.268;0.211;0.177;0.166;0.534
2025;IDN;Indonesia;0.235;0.266;0.168;0.222;0.187;0.334;0.314;0.48;0.114;0.202;0.125;0.074;0.162;0.745;1.171;0.74;0.638;0.336;0.541;0.526;0.464;12.490;3.172;1.728;0.72;0.706;0.888;0.674;0.625;0.904;0.729;0.676;1.074;0.871;0.616;0.858;0.469;0.558;0.468;0.569;1.572;2.245;22.172;2.338;1.413;1.246;8.143;1.086;0.668;2.092;1.869;1.660;4.004;1.815;1.771;0.748;0.984;0.758;1.201;1.460;1.199;1.676;1.622;1.638;1.389;1.326;1.155;1.403;1.273;1.026;0.741;1.512;1.411;1.901;0.767;1.158;1.689;1.667;1.201;1.335;0.933;0.798;0.92;1.141;0.808;0.952;0.799;0.695;1.483;1.083;2.005;1.055;1.704;1.347;1.061;1.161;0.848;1.018;1.252;0.971;0.836;0.885;1.102;0.967;0.73;1.081;0.921;1.247;0.55;0.624;0.939;0.633;0.737;0.585;2.053;0.939;0.901;0.623;0.595;0.687;0.727;0.602;0.464;0.587;0.671;0.596;0.432;0.569;1.482;0.821;0.819;0.934;0.949;0.817;1.013;0.78;0.781;0.849;0.574;1.264;1.212;0.807;1.048;1.571;0.622;0.375;0.398;0.291;0.337;0.316;0.314;0.465;0.537;0.916;0.628;0.53;1.064;0.611;0.559;0.651;0.462;0.778;0.672;0.61;0.835;0.702;0.564;0.549;0.71;0.767;0.674;0.828;0.73;1.087;1.376;1.528;1.068;0.806;1.104;0.852;0.762;0.771;0.72;0.512;0.902;0.72;0.912;1.230;0.966;0.357;0.291;0.378;0.539;0.234;0.265;0.423;0.465;0.381;0.36;0.305;0.326;0.315;0.387;0.176;0.329;0.147;0.381;0.413;0.396;0.442;0.432;0.375;0.357;0.484;0.479;0.31;0.479;0.438;0.623;0.645;0.529;0.58;0.435;0.395;0.375;0.369;1.475;1.414;1.614;0.961;1.022;0.752;0.947;0.867;0.659;0.753;0.709;1.039;0.977;0.616;0.699;3.147;1.460;1.180;1.022;2.458;1.758;1.289;0.716;0.51;0.549;1.934;0.821;0.686;0.927;0.761;0.585;0.854;0.74;1.657;1.310;1.455;1.202;1.637;1.876;1.323;0.505;0.682;0.644;0.314;0.272;0.225;0.356;0.348;0.274;0.484;0.328;0.451;0.273;0.02;0.316;0.928;0.418;0.351;0.37;0.373;0.347;0.234;0.355;0.862;0.974;2.653;0.857;0.437;1.621;0.462;0.697;0.707;0.987;0.653;0.649;0.759;0.992;1.001;0.575;0.799;0.79;0.675;0.365;0.463;2.236;0.987;3.752;0.123;0.106;0.084;0.103;0.055;0.032;0.058;0.083;0.11;0.125;0.21;0.305;0.274;0.237;0.214;0.199;1.229;0.872;0.63;0.133;0.311;0.243;0.312;0.231;0.202;0.323;0.227;0.144;0.252;0.296;0.142;0.314;0.178;0.33;0.229;0.198;0.175;0.203;2.622;0.235;0.277;0.187;0.51;0.649;0.539;0.436;0.663;0.446;0.731;0.729;0.781;0.712;0.617;0.258;0.426;0.293;0.424;0.156;0.334;0.524;0.383;0.274;0.562;0.386;0.27;0.256;0.258;0.311;0.615;0.734;0.295;0.493;0.233;0.505;0.333;0.342;0.381;0.471;0.113;0.297;0.317;0.53;0.978;0.435;0.343;0.29;1.061
2025;IND;India;0.429;0.51;0.485;0.557;0.383;0.629;0.984;1.012;0.301;0.509;0.245;0.105;0.461;1.024;1.523;1.659;1.533;0.814;1.305;0.57;0.453;11.620;1.149;1.728;0.874;0.853;1.163;0.835;0.677;1.309;0.948;0.809;1.299;1.016;0.845;0.896;0.334;0.263;0.386;0.605;0.988;1.254;10.498;2.146;1.672;1.324;4.053;0.82;0.644;1.408;1.082;1.490;5.189;1.589;2.711;1.403;0.985;1.339;1.598;1.660;1.941;1.770;1.916;1.821;1.531;1.338;1.311;1.693;1.808;1.145;1.015;1.490;1.292;1.709;0.74;1.173;1.517;1.805;1.143;1.601;1.400;1.299;1.359;1.858;1.387;1.488;2.823;1.007;1.616;1.848;2.055;1.701;2.976;1.934;1.996;2.528;1.488;1.907;2.202;1.368;1.187;1.347;1.922;1.470;1.180;1.641;1.594;1.864;1.439;1.774;1.988;1.239;1.711;1.234;3.876;1.352;2.110;1.282;1.524;1.316;1.533;1.193;1.183;1.363;1.485;1.561;1.002;2.073;1.993;1.636;2.127;2.110;1.668;2.758;2.369;1.433;1.423;1.473;1.271;2.175;2.317;1.064;2.025;2.972;1.637;1.397;1.363;1.077;2.152;1.737;1.100;1.217;2.119;1.759;2.322;1.392;3.605;2.353;2.382;1.539;1.272;1.984;1.467;1.206;1.531;1.433;0.944;2.133;2.543;1.407;0.755;1.124;0.823;1.236;1.755;1.696;1.144;1.076;0.883;0.96;1.091;0.816;0.824;0.719;1.006;0.873;1.053;1.316;0.975;0.697;0.551;0.635;0.712;0.427;0.468;0.666;0.708;0.619;0.618;0.897;0.844;0.91;0.739;0.367;0.705;0.247;0.692;0.767;0.556;0.717;0.626;0.673;0.661;1.077;0.903;0.639;0.733;0.703;0.941;0.925;0.765;0.876;0.775;0.944;0.664;0.569;1.557;1.736;1.830;1.190;1.274;0.925;1.156;1.002;0.936;1.354;0.708;2.097;1.409;0.871;0.525;1.304;1.580;1.046;0.685;2.295;1.453;0.894;0.441;0.425;0.378;0.786;0.629;0.709;0.843;0.636;0.68;0.834;0.765;1.470;1.067;1.194;1.051;1.519;1.590;1.223;0.749;0.888;1.708;0.387;0.31;0.322;0.386;0.43;0.366;0.624;0.369;0.518;0.355;0.096;0.381;1.206;0.571;0.541;0.669;0.552;0.556;0.355;0.509;2.784;1.087;2.123;0.945;0.807;1.976;0.722;0.752;1.453;1.134;0.926;0.933;1.033;1.138;1.438;1.280;2.064;1.086;3.159;1.718;2.797;0.68;0.482;0.674;1.179;1.103;0.861;1.522;0.957;0.374;0.415;0.619;0.147;0.162;0.452;1.756;1.148;0.975;0.652;0.727;0.301;0.613;0.516;1.227;0.939;0.89;0.801;0.854;1.140;1.158;0.977;0.664;0.962;1.144;0.438;1.350;0.637;0.766;0.703;0.688;0.597;0.677;5.358;0.299;0.39;0.233;0.321;0.403;0.276;0.269;0.242;0.323;0.442;0.393;0.405;0.632;0.555;0.31;0.638;0.461;0.655;0.448;0.509;0.851;0.908;0.735;1.075;0.873;0.539;0.546;0.673;0.284;0.845;0.934;0.703;1.385;0.369;1.196;0.996;0.407;0.522;0.501;0.302;0.395;0.331;0.389;0.664;0.354;0.293;0.264;0.662
2025;IRL;Ireland;0.371;0.471;0.324;0.397;0.422;0.585;0.679;1.037;0.257;0.45;0.228;0.378;0.262;0.55;0.633;0.846;0.868;0.759;0.846;1.554;0.403;1.663;0.209;0.479;0.243;0.245;0.312;0.236;0.219;0.255;0.237;0.211;0.313;0.238;0.204;0.285;0.313;0.228;0.265;0.293;0.352;0.4;8.445;0.914;0.732;0.619;1.407;0.321;0.31;0.744;0.416;0.825;4.405;0.78;0.663;0.521;0.469;0.64;0.655;0.707;0.62;0.796;0.507;0.557;0.346;0.305;0.321;0.432;0.375;0.35;0.513;0.304;0.292;0.527;0.253;0.242;0.389;0.723;0.099;0.282;0.199;0.172;0.261;0.291;0.146;0.215;0.393;0.336;0.756;0.262;1.001;0.295;0.444;0.298;0.301;0.29;0.141;0.265;0.281;0.231;0.139;0.196;0.221;0.211;0.234;0.247;0.221;0.248;0.243;0.177;0.402;0.243;0.425;0.246;0.393;0.202;0.266;0.391;0.191;0.236;0.44;0.207;0.245;0.213;0.203;0.21;0.137;0.213;0.531;0.533;0.412;0.39;1.026;0.62;0.494;0.407;0.336;0.358;0.25;0.468;0.531;0.372;0.375;0.763;0.316;0.261;0.307;0.321;0.568;0.48;0.373;0.542;0.474;0.417;0.613;0.41;1.308;0.573;0.522;0.442;0.484;0.581;0.324;0.443;0.9;0.58;0.279;0.758;0.815;0.647;0.139;0.142;0.153;0.145;0.178;0.151;0.14;0.097;0.108;0.125;0.158;0.092;0.107;0.139;0.111;0.1;0.302;0.137;0.121;0.258;0.248;0.409;0.548;0.19;0.262;0.297;0.316;0.273;0.278;0.301;0.258;0.315;0.233;0.214;0.386;0.373;0.345;0.328;0.247;0.308;0.341;0.345;0.322;0.272;0.307;0.245;0.298;0.193;0.264;0.371;0.37;0.32;0.224;0.245;0.173;0.241;0.586;0.577;0.65;0.323;0.321;0.251;0.395;0.277;0.188;0.213;0.144;0.332;0.254;0.189;0.167;0.239;0.197;0.212;0.197;1.018;0.515;0.116;0.093;0.157;0.08;0.128;0.168;0.217;0.23;0.156;0.168;0.295;0.219;0.294;0.267;0.266;0.301;0.292;0.396;0.2;0.254;0.338;0.803;0.145;0.088;0.075;0.109;0.12;0.091;0.156;0.11;0.162;0.102;0.012;0.092;0.213;0.126;0.096;0.093;0.113;0.109;0.095;0.125;3.580;0.221;1.046;0.185;0.143;0.295;0.133;0.1;0.178;0.175;0.176;0.095;0.153;0.106;0.055;0.113;0.074;0.08;0.105;0.109;0.145;0.19;0.189;0.221;0.18;0.136;0.155;0.146;0.084;0.072;0.142;0.161;0.039;0.054;0.043;0.163;0.139;0.078;0.068;0.074;0.137;0.234;0.19;0.175;0.106;0.106;0.087;0.078;0.115;0.153;0.118;0.081;0.103;0.111;0.12;0.176;0.112;0.131;0.139;0.153;0.124;0.115;0.681;0.035;0.05;0.039;0.065;0.077;0.084;0.052;0.094;0.076;0.107;0.093;0.09;0.114;0.09;0.05;0.097;0.069;0.112;0.07;0.094;0.101;0.145;0.136;0.166;0.155;0.114;0.137;0.089;0.141;0.077;0.072;0.152;0.154;0.155;0.189;0.113;0.123;0.058;0.095;0.234;0.086;0.052;0.082;0.206;0.106;0.099;0.079;0.29
2025;IRN;Iran, Islamic Republic of;2.298;4.122;1.607;1.347;2.189;3.824;4.754;6.326;1.061;1.988;0.793;1.132;0.755;2.743;4.449;4.428;3.648;1.613;2.896;0.69;1.188;12.441;3.357;4.249;1.146;1.168;1.908;1.378;1.098;1.699;1.452;1.166;2.079;1.572;1.012;1.835;0.892;0.924;0.719;0.808;2.392;2.992;42.787;7.750;3.543;3.106;13.387;1.548;1.159;3.351;2.792;5.278;10.078;3.619;2.320;2.776;1.571;1.915;2.450;1.851;2.220;2.456;3.134;2.346;2.255;1.776;1.568;2.183;2.107;1.367;1.842;2.077;1.861;2.996;1.069;1.632;2.224;2.846;1.590;1.960;1.488;1.100;1.563;1.963;0.99;1.256;1.238;1.109;1.385;1.812;1.812;1.422;2.649;1.985;1.798;1.839;1.217;1.553;1.765;1.211;1.089;1.268;2.032;1.727;1.030;1.433;1.311;2.175;0.795;1.104;0.984;0.921;1.071;0.915;2.505;1.209;1.519;1.187;0.838;1.047;1.011;0.974;0.765;0.943;1.075;1.001;0.619;1.217;1.939;1.610;1.497;1.909;1.698;1.981;2.172;1.584;1.262;1.555;1.002;2.177;2.003;1.183;1.894;2.615;0.896;1.009;1.016;0.966;1.076;1.049;0.893;1.194;1.510;1.515;1.813;1.135;3.758;1.891;1.884;1.301;1.169;1.523;1.263;1.293;1.827;1.153;0.775;1.666;2.056;1.431;1.113;1.454;1.228;1.415;1.912;1.937;1.309;1.534;1.451;1.102;1.215;0.962;1.134;1.049;1.360;1.241;1.604;1.557;1.556;1.586;1.537;2.875;3.268;0.84;1.429;1.541;1.376;1.908;1.123;1.879;1.797;2.173;1.344;0.866;2.482;0.947;1.389;1.472;1.455;1.162;1.146;1.363;1.419;1.233;2.056;0.853;1.255;1.349;1.794;1.405;1.084;1.283;0.842;0.864;0.659;0.756;2.678;2.673;3.274;1.654;1.710;1.214;1.839;1.373;1.193;1.121;2.570;3.338;2.771;1.730;1.121;3.160;2.658;2.051;1.668;5.362;2.773;1.713;0.868;0.736;0.592;2.550;1.262;1.234;1.570;1.154;1.021;1.516;1.310;2.498;1.828;2.014;2.082;3.388;2.267;1.609;1.467;1.416;2.458;0.437;0.344;0.293;0.443;0.544;0.334;0.658;0.429;0.571;0.368;0.21;0.496;1.252;0.553;0.56;0.536;0.547;0.457;0.354;0.518;4.159;2.414;2.537;2.423;1.159;3.605;1.110;1.511;0.869;1.016;0.726;0.663;0.756;0.881;0.646;0.731;0.667;0.797;0.452;0.378;0.516;0.758;0.563;1.638;0.245;0.254;0.213;0.238;0.189;0.116;0.155;0.477;0.143;0.307;0.742;1.399;0.816;0.543;0.251;0.302;0.525;1.000;0.712;0.304;0.762;0.41;0.372;0.465;0.607;0.686;0.548;0.351;0.523;0.685;0.289;1.099;0.451;0.676;0.505;0.412;0.483;0.522;7.744;0.389;0.422;0.206;0.432;0.626;0.691;0.42;0.542;0.526;0.72;0.703;0.807;0.776;0.661;0.316;0.635;0.397;0.539;0.304;0.511;0.647;0.715;0.831;0.928;0.751;0.674;0.702;0.476;0.433;0.973;1.268;0.416;0.417;0.491;0.628;0.6;0.719;0.471;0.67;0.672;0.331;0.297;0.504;0.85;0.514;0.408;0.38;1.800
2025;IRQ;Iraq;1.451;2.501;1.041;0.926;1.360;2.348;2.895;3.846;0.689;1.260;0.527;0.762;0.539;1.827;2.908;3.045;2.531;1.251;2.142;0.538;0.942;15.415;2.169;3.424;0.902;0.92;1.421;1.059;0.856;1.332;1.133;0.922;1.563;1.215;0.798;1.393;0.81;0.799;0.662;0.702;1.937;2.584;26.762;5.516;2.638;2.346;8.601;1.385;0.985;2.723;2.558;3.838;6.602;2.713;2.279;2.732;1.546;1.731;2.321;1.826;1.749;2.099;2.485;1.924;1.764;1.429;1.319;1.691;1.855;1.165;1.520;1.824;1.618;2.469;0.982;1.422;1.950;2.193;1.374;1.612;1.218;0.981;1.270;1.586;0.928;1.104;1.263;0.959;1.127;1.562;1.378;1.247;2.317;1.768;1.495;1.638;1.070;1.381;1.538;1.107;0.955;1.115;1.615;1.443;0.918;1.217;1.165;1.780;0.793;1.144;0.94;0.839;0.986;0.833;2.580;1.182;1.484;1.082;0.815;0.961;0.905;0.868;0.69;0.877;1.008;0.959;0.578;1.147;1.748;1.374;1.294;1.571;1.320;1.693;1.787;1.299;1.115;1.365;0.893;2.234;1.771;1.133;1.572;2.268;0.873;0.911;0.916;0.859;0.942;0.896;0.793;0.998;1.380;1.399;1.610;0.98;2.943;1.584;1.618;1.090;1.015;1.362;1.150;1.087;1.480;1.005;0.701;1.411;1.679;1.172;0.974;1.155;1.042;1.163;1.519;1.534;1.094;1.122;1.286;0.992;1.130;0.943;1.099;1.006;1.145;1.029;1.258;1.278;1.275;1.247;1.134;2.151;2.361;0.654;1.057;1.248;1.141;1.504;0.936;1.386;1.360;1.613;1.175;0.714;1.773;0.722;1.156;1.258;1.150;0.948;0.962;1.091;1.143;1.195;1.688;0.756;1.025;1.155;1.700;1.287;0.974;1.201;0.782;0.781;0.614;0.663;1.922;2.012;2.337;1.297;1.364;0.994;1.431;1.119;1.009;0.947;1.734;2.284;1.929;1.196;0.859;2.742;1.952;1.706;1.253;3.528;1.995;1.270;0.725;0.625;0.509;1.707;0.979;0.989;1.251;0.936;0.875;1.184;1.078;1.930;1.462;1.612;1.570;2.380;2.016;1.336;1.114;1.173;1.885;0.358;0.312;0.256;0.373;0.444;0.313;0.555;0.364;0.467;0.323;0.176;0.386;1.008;0.557;0.537;0.551;0.492;0.441;0.329;0.488;2.666;1.551;1.625;1.557;0.848;2.358;0.772;1.029;0.684;0.878;0.636;0.579;0.682;0.734;0.604;0.616;0.578;0.65;0.425;0.335;0.426;0.715;0.492;1.447;0.215;0.214;0.181;0.213;0.162;0.1;0.132;0.315;0.121;0.237;0.56;0.968;0.595;0.498;0.226;0.288;0.456;0.719;0.565;0.262;0.705;0.356;0.333;0.431;0.539;0.704;0.535;0.315;0.51;0.63;0.242;0.773;0.376;0.565;0.425;0.351;0.386;0.419;5.439;0.322;0.376;0.178;0.4;0.627;0.642;0.398;0.498;0.454;0.641;0.669;0.821;0.768;0.607;0.305;0.567;0.374;0.533;0.278;0.501;0.66;0.718;0.634;0.921;0.694;0.564;0.595;0.426;0.378;0.879;1.010;0.371;0.401;0.386;0.56;0.476;0.539;0.426;0.608;0.49;0.294;0.25;0.392;0.935;0.43;0.341;0.329;1.198
2025;ISL;Iceland;0.261;0.342;0.205;0.257;0.256;0.389;0.451;0.821;0.177;0.305;0.183;0.496;0.156;0.147;0.159;0.496;0.464;0.224;0.351;0.234;0.056;0.115;0.087;0.975;0.197;0.196;0.372;0.213;0.192;0.311;0.226;0.173;0.434;0.301;0.181;0.23;0.2;0.188;0.193;0.195;0.386;0.463;0.325;0.441;0.266;0.259;2.309;0.189;0.218;0.295;0.219;0.353;3.289;0.7;0.625;0.474;0.532;0.608;0.62;0.507;1.114;0.956;0.568;0.459;0.489;0.371;0.318;0.493;0.425;0.255;0.366;0.284;0.361;0.429;0.195;0.299;0.325;0.563;0.249;0.37;0.263;0.211;0.316;0.359;0.205;0.206;0.241;0.259;0.283;0.28;0.294;0.275;0.353;0.279;0.268;0.306;0.224;0.23;0.262;0.218;0.194;0.23;0.353;0.312;0.217;0.256;0.228;0.363;0.179;0.151;0.229;0.288;0.396;0.241;0.321;0.38;0.259;0.332;0.233;0.262;0.303;0.23;0.231;0.234;0.295;0.242;0.148;0.228;0.444;0.419;0.37;0.49;0.445;0.423;0.573;0.304;0.272;0.238;0.287;0.364;0.436;0.31;0.304;0.752;0.261;0.211;0.22;0.193;0.208;0.212;0.154;0.228;0.29;0.374;0.381;0.216;0.768;0.349;0.35;0.293;0.255;0.278;0.254;0.259;0.409;0.242;0.175;0.387;0.547;0.372;0.189;0.202;0.168;0.282;0.381;0.492;0.254;0.163;0.219;0.212;0.262;0.14;0.176;0.223;0.218;0.184;0.289;0.337;0.266;0.232;0.247;0.247;0.313;0.148;0.227;0.216;0.158;0.245;0.287;0.24;0.21;0.244;0.212;0.196;0.376;0.349;0.16;0.195;0.227;0.228;0.184;0.23;0.241;0.212;0.235;0.175;0.219;0.179;0.242;0.247;0.232;0.261;0.216;0.184;0.214;0.244;0.621;0.557;0.645;0.339;0.325;0.238;0.362;0.265;0.207;0.173;0.148;0.752;0.463;0.239;0.185;0.201;0.28;0.27;0.236;1.025;0.554;0.355;0.445;0.57;0.232;0.349;0.554;0.227;0.282;0.194;0.195;0.298;0.24;0.274;0.241;0.279;0.215;0.321;0.355;0.262;0.235;0.249;0.301;0.217;0.142;0.136;0.156;0.183;0.149;0.19;0.166;0.246;0.13;0.018;0.185;0.238;0.145;0.145;0.172;0.165;0.189;0.149;0.166;1.176;0.446;1.095;0.35;0.319;0.41;0.219;0.146;0.157;0.228;0.23;0.185;0.206;0.198;0.136;0.181;0.13;0.174;0.122;0.177;0.164;0.084;0.066;0.103;0.089;0.079;0.093;0.086;0.046;0.024;0.084;0.078;0.052;0.052;0.061;0.098;0.108;0.081;0.059;0.069;0.071;0.088;0.094;0.099;0.082;0.112;0.088;0.07;0.082;0.097;0.093;0.097;0.087;0.2;0.223;0.315;0.233;0.232;0.228;0.222;0.235;0.225;2.278;0.066;0.055;0.053;0.064;0.09;0.107;0.066;0.118;0.117;0.088;0.063;0.107;0.114;0.131;0.068;0.128;0.076;0.078;0.076;0.091;0.071;0.104;0.088;0.096;0.13;0.134;0.144;0.101;0.237;0.139;0.139;0.088;0.072;0.106;0.101;0.09;0.094;0.078;0.062;0.011;0.063;0.075;0.099;0.092;0.08;0.069;0.072;0.127
2025;ISR;Israel;0.356;0.341;0.444;0.688;0.304;0.459;0.673;0.598;0.326;0.509;0.25;0.334;0.334;1.078;1.813;0.313;0.28;0.15;0.232;0.261;0.145;3.975;0.582;1.043;0.195;0.198;0.34;0.211;0.18;0.317;0.234;0.211;0.377;0.247;0.178;0.272;0.208;0.22;0.187;0.224;0.363;0.423;11.178;1.435;0.759;0.619;1.343;0.445;0.208;0.565;0.453;0.975;3.526;0.689;1.030;0.578;0.477;0.59;1.019;0.637;1.357;1.296;0.609;0.464;0.456;0.356;0.339;0.505;0.463;0.291;0.364;0.32;0.334;0.502;0.232;0.318;0.347;0.678;0.245;0.386;0.344;0.27;0.388;0.43;0.205;0.242;0.147;0.187;0.258;0.36;0.391;0.324;0.566;0.387;0.332;0.438;0.282;0.357;0.41;0.294;0.205;0.297;0.408;0.416;0.206;0.324;0.273;0.485;0.118;0.117;0.149;0.214;0.28;0.279;0.434;0.204;0.249;0.249;0.134;0.266;0.252;0.229;0.137;0.101;0.151;0.126;0.105;0.129;0.426;0.394;0.223;0.282;0.35;0.319;0.379;0.278;0.323;0.326;0.221;0.342;0.457;0.309;0.385;0.736;0.177;0.249;0.263;0.243;0.254;0.339;0.221;0.413;0.408;0.338;0.63;0.279;1.244;0.472;0.507;0.416;0.36;0.536;0.334;0.361;0.76;0.294;0.227;0.566;0.769;0.634;0.375;0.474;0.452;0.399;0.586;0.686;0.463;0.336;0.301;0.278;0.519;0.205;0.251;0.592;0.35;0.278;0.491;0.484;0.401;0.252;0.258;0.472;0.423;0.139;0.318;0.29;0.256;0.323;0.234;0.402;0.304;0.391;0.291;0.243;0.371;0.237;0.216;0.263;0.294;0.209;0.218;0.281;0.27;0.302;0.268;0.223;0.229;0.244;0.427;0.362;0.312;0.339;0.256;0.249;0.201;0.202;0.647;0.68;0.762;0.444;0.472;0.318;0.507;0.343;0.286;0.222;0.465;1.058;0.637;0.433;0.226;0.647;0.344;0.382;0.245;1.511;0.753;0.156;0.146;0.13;0.084;0.182;0.232;0.235;0.268;0.178;0.177;0.263;0.258;0.408;0.345;0.385;0.314;0.532;0.468;0.306;0.297;0.288;0.642;0.051;0.05;0.044;0.086;0.081;0.059;0.112;0.073;0.085;0.067;0.05;0.058;0.159;0.096;0.085;0.08;0.121;0.075;0.066;0.085;0.573;0.331;1.012;0.309;0.215;0.465;0.174;0.106;0.176;0.203;0.151;0.128;0.153;0.131;0.112;0.12;0.07;0.099;0.076;0.051;0.062;0.055;0.03;0.14;0.1;0.086;0.088;0.079;0.039;0.038;0.075;0.08;0.02;0.023;0.03;0.163;0.126;0.147;0.058;0.056;0.031;0.074;0.045;0.096;0.115;0.079;0.071;0.068;0.107;0.177;0.127;0.101;0.108;0.043;0.008;0.063;0.019;0.038;0.023;0.018;0.019;0.026;1.458;0.047;0.06;0.03;0.048;0.105;0.088;0.052;0.076;0.07;0.094;0.091;0.145;0.18;0.128;0.076;0.155;0.026;0.027;0.017;0.023;0.049;0.043;0.043;0.061;0.343;0.234;0.255;0.188;0.101;0.313;0.286;0.205;0.286;0.171;0.35;0.168;0.094;0.072;0.086;0.265;0.156;0.084;0.065;0.359;0.194;0.186;0.124;0.429
2025;ITA;Italy;0.451;0.648;0.352;0.454;0.433;0.735;0.886;1.423;0.234;0.499;0.266;0.449;0.295;0.841;1.374;0.67;0.544;0.202;0.414;0.386;0.15;2.315;0.635;0.867;0.2;0.202;0.305;0.22;0.214;0.298;0.232;0.184;0.335;0.247;0.215;0.271;0.28;0.237;0.264;0.296;0.373;0.541;3.860;1.082;0.976;0.68;1.427;0.495;0.234;1.024;0.581;0.792;3.268;0.909;1.003;0.802;0.664;0.798;1.008;0.726;1.524;1.362;0.846;0.572;0.605;0.454;0.479;0.582;0.598;0.366;0.491;0.45;0.516;0.61;0.357;0.452;0.466;0.783;0.41;0.504;0.451;0.413;0.442;0.538;0.364;0.359;0.336;0.356;0.535;0.485;0.632;0.41;0.669;0.497;0.485;0.49;0.404;0.488;0.48;0.409;0.371;0.386;0.56;0.502;0.356;0.421;0.422;0.532;0.256;0.284;0.326;0.31;0.407;0.315;0.606;0.424;0.455;0.385;0.248;0.352;0.346;0.313;0.198;0.275;0.356;0.28;0.174;0.28;0.576;0.511;0.467;0.661;0.678;0.663;0.738;0.576;0.427;0.542;0.354;0.621;0.865;0.413;0.745;0.794;0.274;0.395;0.401;0.355;0.335;0.362;0.343;0.407;0.458;0.478;0.601;0.41;1.154;0.544;0.566;0.357;0.272;0.373;0.325;0.36;0.567;0.308;0.244;0.542;0.777;0.454;0.285;0.314;0.283;0.375;0.52;0.612;0.356;0.238;0.306;0.299;0.335;0.23;0.306;0.312;0.308;0.297;0.41;0.448;0.399;0.388;0.331;0.54;0.74;0.247;0.402;0.428;0.389;0.43;0.341;0.386;0.362;0.435;0.377;0.234;0.517;0.264;0.322;0.353;0.358;0.269;0.341;0.369;0.358;0.374;0.394;0.273;0.379;0.296;0.37;0.354;0.277;0.319;0.266;0.266;0.2;0.278;0.67;0.729;0.791;0.497;0.535;0.386;0.511;0.382;0.336;0.343;0.565;1.196;0.853;0.567;0.355;0.882;1.484;1.126;0.53;1.194;0.73;0.391;0.285;0.22;0.203;0.45;0.379;0.399;0.426;0.35;0.332;0.563;0.474;0.417;0.357;0.439;0.32;0.472;0.537;0.417;0.399;0.379;1.033;0.122;0.101;0.103;0.162;0.205;0.12;0.193;0.143;0.186;0.136;0.033;0.137;0.333;0.149;0.144;0.126;0.164;0.163;0.111;0.153;0.896;0.348;1.751;0.322;0.268;0.549;0.235;0.323;0.205;0.222;0.195;0.178;0.202;0.18;0.145;0.209;0.121;0.189;0.145;0.153;0.149;0.142;0.105;0.242;0.09;0.085;0.083;0.107;0.06;0.031;0.058;0.124;0.023;0.048;0.069;0.218;0.207;0.136;0.099;0.098;0.108;0.224;0.15;0.15;0.211;0.119;0.123;0.139;0.148;0.198;0.152;0.146;0.152;0.2;0.112;0.293;0.166;0.254;0.191;0.145;0.215;0.175;1.273;0.073;0.089;0.049;0.128;0.157;0.256;0.171;0.206;0.189;0.307;0.19;0.207;0.255;0.172;0.069;0.653;0.081;0.096;0.077;0.101;0.169;0.171;0.178;0.251;0.259;0.2;0.205;0.144;0.166;0.205;0.231;0.217;0.264;0.162;0.345;0.177;0.146;0.367;0.197;0.225;0.096;0.077;0.262;0.19;0.171;0.127;0.147;0.305
2025;JAM;Jamaica;0.949;1.626;0.665;0.583;0.86;1.561;1.854;2.466;0.411;0.8;0.333;0.457;0.329;1.110;1.770;1.785;1.487;0.705;1.203;0.359;0.567;2.685;1.298;1.787;0.594;0.626;0.873;0.666;0.556;0.849;0.71;0.601;0.946;0.752;0.494;0.9;0.472;0.423;0.374;0.405;1.083;1.345;16.755;3.306;1.533;1.387;5.326;0.82;0.634;1.486;1.252;2.221;4.017;1.457;1.152;1.209;0.78;0.895;1.100;0.958;0.922;1.095;1.303;1.021;0.956;0.801;0.75;0.918;1.047;0.65;0.805;0.958;0.847;1.277;0.582;0.773;1.032;1.161;0.775;0.867;0.686;0.567;0.717;0.87;0.527;0.632;0.657;0.681;0.68;0.826;0.855;0.681;1.178;0.923;0.829;0.849;0.616;0.762;0.805;0.637;0.556;0.646;0.893;0.81;0.545;0.704;0.656;0.966;0.501;0.649;0.582;0.552;0.656;0.525;1.287;0.695;0.806;0.673;0.488;0.566;0.541;0.535;0.468;0.53;0.607;0.558;0.401;0.692;1.042;0.795;0.708;0.872;0.849;0.889;0.957;0.725;0.644;0.739;0.537;1.013;0.905;0.617;0.85;1.261;0.488;0.547;0.548;0.528;0.552;0.521;0.494;0.592;0.761;0.768;0.879;0.576;1.544;0.868;0.901;0.636;0.601;0.76;0.668;0.695;0.857;0.581;0.423;0.816;0.964;0.676;0.554;0.664;0.594;0.662;0.857;0.839;0.619;0.683;0.715;0.583;0.63;0.491;0.568;0.5;0.657;0.605;0.853;0.736;0.695;0.663;0.596;1.030;1.217;0.345;0.558;0.629;0.659;0.75;0.547;0.711;0.707;0.83;0.615;0.367;1.077;0.411;0.577;0.628;0.633;0.526;0.584;0.615;0.61;0.621;0.851;0.488;0.603;0.596;0.775;0.676;0.516;0.609;0.446;0.425;0.375;0.413;1.215;1.232;1.405;0.847;0.868;0.654;0.894;0.71;0.622;0.562;0.986;1.398;1.147;0.725;0.553;1.333;1.113;0.93;0.772;2.307;1.247;0.813;0.496;0.444;0.323;1.095;0.735;0.614;0.792;0.628;0.57;0.704;0.712;1.084;0.777;0.939;0.899;1.540;1.042;0.725;0.718;0.689;1.098;0.199;0.177;0.146;0.208;0.243;0.168;0.296;0.21;0.254;0.173;0.147;0.207;0.512;0.257;0.252;0.26;0.229;0.223;0.179;0.244;1.695;0.955;1.063;0.972;0.472;1.457;0.476;0.615;0.395;0.501;0.384;0.352;0.394;0.458;0.346;0.413;0.352;0.403;0.239;0.208;0.26;0.38;0.292;0.742;0.144;0.141;0.123;0.144;0.112;0.077;0.096;0.21;0.084;0.164;0.317;0.588;0.363;0.256;0.14;0.166;0.287;0.477;0.387;0.167;0.38;0.233;0.21;0.24;0.312;0.36;0.343;0.178;0.286;0.329;0.179;0.493;0.268;0.339;0.273;0.233;0.24;0.272;3.132;0.182;0.194;0.108;0.238;0.327;0.363;0.233;0.321;0.294;0.388;0.337;0.382;0.366;0.312;0.144;0.309;0.238;0.3;0.199;0.304;0.33;0.356;0.399;0.444;0.347;0.304;0.32;0.225;0.207;0.493;0.616;0.223;0.214;0.253;0.297;0.293;0.311;0.243;0.32;0.297;0.169;0.149;0.24;0.39;0.246;0.205;0.183;0.739
2025;JOR;Jordan;1.021;1.753;0.719;0.632;0.925;1.681;2.001;2.653;0.44;0.859;0.356;0.489;0.353;1.214;1.939;1.969;1.638;0.781;1.332;0.38;0.61;5.812;1.397;2.052;0.626;0.658;0.918;0.701;0.587;0.889;0.749;0.632;0.994;0.791;0.521;0.944;0.522;0.473;0.412;0.443;1.207;1.527;18.276;3.480;1.631;1.475;5.810;0.905;0.691;1.648;1.453;2.352;4.372;1.570;1.331;1.421;0.878;0.989;1.264;1.088;0.994;1.211;1.402;1.110;1.019;0.86;0.807;0.979;1.142;0.704;0.87;1.059;0.933;1.407;0.628;0.843;1.139;1.238;0.841;0.942;0.73;0.61;0.763;0.931;0.574;0.686;0.743;0.722;0.735;0.907;0.922;0.743;1.313;1.025;0.895;0.943;0.666;0.834;0.886;0.692;0.6;0.698;0.949;0.872;0.589;0.76;0.716;1.040;0.548;0.732;0.636;0.594;0.711;0.564;1.497;0.761;0.898;0.723;0.537;0.613;0.583;0.574;0.5;0.577;0.66;0.615;0.431;0.766;1.131;0.85;0.771;0.936;0.898;0.979;1.037;0.776;0.69;0.796;0.574;1.170;0.986;0.679;0.916;1.384;0.536;0.585;0.585;0.56;0.592;0.56;0.524;0.627;0.833;0.839;0.958;0.615;1.658;0.934;0.977;0.679;0.648;0.832;0.732;0.745;0.906;0.628;0.452;0.875;1.026;0.714;0.607;0.724;0.65;0.718;0.926;0.905;0.672;0.734;0.79;0.637;0.69;0.552;0.638;0.548;0.715;0.653;0.903;0.794;0.756;0.706;0.628;1.118;1.318;0.366;0.594;0.683;0.716;0.814;0.593;0.75;0.754;0.883;0.676;0.4;1.127;0.437;0.631;0.686;0.679;0.57;0.624;0.658;0.661;0.7;0.928;0.527;0.649;0.657;0.902;0.76;0.572;0.68;0.483;0.468;0.405;0.442;1.313;1.351;1.543;0.904;0.93;0.697;0.966;0.768;0.678;0.608;1.050;1.494;1.218;0.769;0.584;1.528;1.189;1.017;0.824;2.491;1.349;0.868;0.524;0.469;0.346;1.170;0.773;0.65;0.844;0.665;0.607;0.741;0.758;1.188;0.856;1.023;0.984;1.653;1.169;0.797;0.774;0.751;1.177;0.221;0.197;0.163;0.231;0.269;0.19;0.333;0.231;0.279;0.191;0.154;0.227;0.582;0.304;0.296;0.307;0.263;0.256;0.2;0.28;1.818;1.021;1.140;1.044;0.498;1.585;0.509;0.663;0.431;0.555;0.416;0.384;0.433;0.498;0.386;0.44;0.387;0.435;0.269;0.226;0.286;0.432;0.317;0.862;0.155;0.153;0.132;0.156;0.119;0.082;0.102;0.225;0.089;0.172;0.35;0.637;0.39;0.293;0.153;0.186;0.314;0.512;0.414;0.18;0.43;0.252;0.229;0.268;0.348;0.418;0.381;0.193;0.324;0.375;0.189;0.527;0.285;0.368;0.293;0.249;0.255;0.291;3.488;0.2;0.218;0.117;0.262;0.376;0.407;0.259;0.351;0.317;0.427;0.389;0.45;0.427;0.35;0.166;0.338;0.262;0.337;0.213;0.34;0.383;0.41;0.433;0.517;0.393;0.33;0.35;0.247;0.226;0.545;0.668;0.241;0.243;0.266;0.332;0.319;0.333;0.265;0.361;0.31;0.185;0.161;0.256;0.483;0.269;0.222;0.198;0.803
2025;JPN;Japan;0.578;0.546;0.266;0.425;0.443;0.748;0.732;1.160;0.519;0.666;0.243;0.393;0.518;0.766;0.964;0.918;0.786;0.403;0.506;0.261;0.278;3.559;0.337;0.43;0.296;0.335;0.325;0.291;0.246;0.309;0.271;0.308;0.284;0.252;0.253;0.313;0.276;0.224;0.273;0.245;0.717;0.636;9.189;2.037;0.814;0.647;1.790;0.507;0.258;0.895;0.489;0.474;2.512;1.332;1.165;1.057;0.949;0.803;1.487;1.364;1.392;0.869;0.555;0.572;0.483;0.577;0.285;0.515;0.615;0.507;0.588;0.628;0.637;0.792;0.441;0.728;0.682;1.250;0.362;0.59;0.42;0.403;0.396;0.431;0.341;0.444;0.454;0.423;0.444;0.631;1.043;0.36;0.433;0.441;0.475;0.417;0.512;0.457;0.476;0.545;0.38;0.411;0.354;0.444;0.389;0.403;0.421;0.497;0.46;0.418;0.517;0.502;0.565;0.344;0.739;0.618;0.498;0.402;0.272;0.314;0.309;0.291;0.413;0.251;0.434;0.36;0.414;0.371;0.644;0.403;0.417;0.596;0.651;0.48;0.425;0.441;0.512;0.471;0.392;0.603;0.487;0.343;0.338;1.326;0.436;0.424;0.395;0.461;0.15;0.506;0.487;0.702;0.56;0.219;0.409;0.16;0.237;0.193;0.338;0.286;0.305;0.415;0.268;0.254;0.491;0.775;0.399;0.471;0.438;0.481;0.318;0.257;0.337;0.538;0.491;0.471;0.523;0.305;0.367;0.348;0.559;0.358;0.385;0.341;0.405;0.383;0.573;0.352;0.315;0.687;0.895;0.673;1.113;0.799;0.339;0.512;0.39;0.428;0.283;0.551;0.468;0.561;0.475;0.523;0.809;0.336;0.375;0.447;0.384;0.639;0.326;0.424;0.403;0.379;0.335;0.185;0.193;0.101;0.636;0.644;0.533;0.722;0.505;0.447;0.474;0.424;1.347;1.243;1.748;0.909;0.611;0.272;0.582;0.482;0.369;0.347;0.397;0.628;0.451;1.184;1.137;1.511;1.009;1.260;0.968;0.905;1.396;0.509;0.362;0.308;0.294;0.895;0.494;0.633;0.565;0.625;0.385;0.628;0.695;0.534;0.458;0.522;0.414;0.706;0.698;0.508;0.678;0.412;0.43;0.118;0.101;0.087;0.109;0.117;0.109;0.143;0.117;0.136;0.128;0.178;0.122;0.312;0.208;0.181;0.2;0.242;0.178;0.144;0.197;0.349;0.301;0.491;0.411;0.761;0.195;0.149;0.106;0.253;0.304;0.287;0.311;0.212;0.085;0.125;0.118;0.131;0.114;0.135;0.118;0.094;0.116;0.118;0.234;0.083;0.077;0.07;0.08;0.08;0.092;0.145;0.048;0.11;0.021;0.083;0.113;0.129;0.104;0.032;0.043;0.063;0.113;0.094;0.055;0.141;0.062;0.058;0.157;0.16;0.122;0.136;0.118;0.048;0.093;0.011;0.082;0.051;0.27;0.058;0.084;0.056;0.07;0.876;0.112;0.168;0.245;0.15;0.114;0.196;0.141;0.175;0.107;0.21;0.13;0.15;0.167;0.165;0.283;0.145;0.275;0.205;0.113;0.3;0.216;0.279;0.2;0.337;0.401;0.337;0.335;0.241;0.207;0.163;0.311;0.202;0.277;0.33;0.211;0.147;0.128;0.112;0.202;0.097;0.142;0.118;0.083;0.174;0.133;0.2;0.142;0.134
2025;KAZ;Kazakhstan;0.695;1.003;0.503;0.64;0.655;1.137;1.386;2.311;0.368;0.793;0.41;0.207;0.431;0.852;1.334;2.605;2.341;1.080;1.825;0.369;1.336;17.055;2.581;2.906;1.080;1.021;1.294;0.857;0.882;1.286;1.163;0.951;1.438;1.046;0.791;1.130;0.593;0.808;0.611;0.837;1.123;1.361;20.711;2.629;1.588;1.375;7.471;0.761;0.571;1.974;1.143;1.854;4.614;1.724;1.071;1.347;0.469;1.011;0.532;0.546;0.616;0.721;1.656;1.324;1.264;1.016;0.765;1.327;0.99;0.647;0.984;0.955;0.895;1.493;0.464;0.714;0.971;1.364;0.785;1.132;1.192;0.658;1.229;1.420;0.539;0.807;0.648;0.75;1.272;1.093;1.692;0.811;1.475;1.169;1.258;1.176;0.873;0.824;1.230;0.633;0.625;0.79;1.581;1.025;0.721;1.096;0.701;1.341;0.624;0.651;0.651;0.45;0.603;0.454;1.220;0.482;0.592;0.472;0.366;0.464;0.699;0.448;0.399;0.456;0.603;0.501;0.509;0.632;0.784;0.778;0.691;0.713;1.209;0.895;0.957;0.908;0.736;0.734;0.507;0.846;1.176;0.379;1.113;1.056;0.361;0.402;0.352;0.393;0.357;0.458;0.322;0.518;0.375;0.55;0.498;0.376;1.045;0.538;0.511;1.066;0.767;1.030;0.684;0.965;1.296;0.9;0.57;0.48;0.6;1.213;0.846;0.618;0.807;0.969;1.097;1.271;0.909;0.473;0.709;0.679;0.67;0.523;0.672;0.514;0.73;0.591;0.822;0.808;0.971;0.636;0.606;0.891;1.760;0.36;0.555;0.577;0.747;0.797;0.705;0.652;0.703;0.736;0.61;0.417;0.818;0.638;0.665;0.553;0.603;0.507;0.724;0.566;0.67;0.7;0.933;0.447;0.802;0.552;0.657;0.739;0.586;0.609;0.479;0.439;0.402;0.393;2.078;1.873;2.139;1.112;1.199;0.822;1.289;1.134;1.047;1.216;1.802;2.353;1.475;0.842;0.917;4.084;3.706;1.526;2.037;2.430;1.462;3.158;0.326;0.345;0.254;4.611;1.216;0.845;1.415;0.948;0.566;1.003;0.887;0.887;0.617;0.847;0.682;1.497;0.82;0.81;0.783;0.694;1.783;0.292;0.264;0.26;0.32;0.337;0.322;0.533;0.304;0.385;0.294;0.621;0.305;1.060;0.461;0.412;0.457;0.492;0.438;0.246;0.419;1.443;0.949;0.668;0.907;0.61;1.490;0.582;0.355;0.397;1.491;0.969;0.924;1.145;1.294;1.327;0.741;1.396;0.938;0.885;0.513;0.832;1.447;0.717;2.678;0.28;0.302;0.289;0.295;0.209;0.142;0.149;0.569;0.171;0.283;0.612;0.98;0.762;0.614;0.42;0.467;0.803;1.041;0.643;0.742;0.771;0.411;0.481;0.497;0.659;0.752;0.615;0.376;0.584;0.92;0.238;0.648;0.373;0.853;0.433;0.367;0.359;0.369;4.226;0.745;1.249;0.63;0.586;0.697;0.83;0.676;0.876;0.743;1.067;0.937;1.056;1.068;0.761;0.925;0.95;0.669;1.001;0.508;0.727;1.085;1.273;0.974;1.621;0.637;0.419;0.45;0.312;0.321;0.564;0.521;1.560;1.737;0.523;2.946;1.077;0.719;0.585;0.855;0.55;0.784;0.609;0.219;2.017;1.288;0.937;0.782;4.028
2025;KEN;Kenya;0.379;0.617;0.269;0.25;0.344;0.601;0.707;0.957;0.181;0.329;0.148;0.208;0.154;0.449;0.695;0.731;0.618;0.326;0.533;0.184;0.292;1.023;0.549;0.764;0.313;0.329;0.459;0.353;0.291;0.467;0.378;0.323;0.509;0.406;0.266;0.481;0.244;0.213;0.196;0.211;0.505;0.636;6.303;1.711;0.798;0.725;2.079;0.411;0.314;0.724;0.596;1.159;1.628;0.746;0.564;0.615;0.407;0.471;0.571;0.491;0.497;0.571;0.711;0.545;0.525;0.428;0.403;0.5;0.546;0.348;0.442;0.509;0.453;0.668;0.311;0.416;0.548;0.637;0.414;0.461;0.381;0.314;0.396;0.478;0.286;0.339;0.342;0.357;0.341;0.441;0.407;0.365;0.62;0.489;0.447;0.452;0.333;0.408;0.431;0.345;0.3;0.348;0.494;0.438;0.293;0.378;0.351;0.526;0.256;0.329;0.301;0.286;0.334;0.281;0.644;0.367;0.425;0.362;0.256;0.305;0.293;0.287;0.246;0.28;0.322;0.292;0.206;0.351;0.549;0.439;0.382;0.475;0.438;0.471;0.515;0.395;0.358;0.408;0.294;0.539;0.507;0.327;0.466;0.675;0.261;0.303;0.305;0.293;0.303;0.281;0.275;0.328;0.415;0.42;0.478;0.318;0.844;0.478;0.486;0.347;0.324;0.407;0.354;0.366;0.476;0.313;0.232;0.44;0.53;0.377;0.286;0.324;0.3;0.343;0.439;0.442;0.321;0.32;0.369;0.304;0.334;0.256;0.294;0.275;0.34;0.316;0.441;0.387;0.367;0.375;0.337;0.558;0.615;0.197;0.304;0.35;0.344;0.412;0.287;0.403;0.391;0.46;0.338;0.203;0.58;0.223;0.321;0.357;0.345;0.279;0.319;0.336;0.329;0.329;0.467;0.253;0.313;0.321;0.401;0.348;0.271;0.326;0.242;0.225;0.201;0.226;0.549;0.554;0.604;0.423;0.438;0.338;0.432;0.353;0.312;0.294;0.466;0.637;0.556;0.35;0.29;0.648;0.562;0.488;0.389;0.956;0.569;0.397;0.265;0.234;0.171;0.487;0.371;0.332;0.413;0.33;0.306;0.39;0.372;0.525;0.39;0.467;0.424;0.698;0.544;0.372;0.343;0.348;0.563;0.097;0.089;0.072;0.103;0.119;0.085;0.143;0.106;0.129;0.092;0.076;0.102;0.233;0.13;0.124;0.131;0.117;0.112;0.092;0.123;0.709;0.412;0.439;0.41;0.256;0.588;0.22;0.275;0.193;0.247;0.202;0.18;0.205;0.228;0.175;0.214;0.172;0.199;0.119;0.106;0.122;0.191;0.153;0.329;0.073;0.07;0.063;0.073;0.058;0.039;0.05;0.09;0.046;0.087;0.143;0.257;0.172;0.126;0.072;0.084;0.141;0.216;0.185;0.087;0.191;0.119;0.107;0.123;0.154;0.18;0.17;0.1;0.143;0.162;0.093;0.227;0.136;0.175;0.141;0.121;0.127;0.136;1.259;0.092;0.098;0.058;0.122;0.165;0.183;0.119;0.163;0.151;0.195;0.165;0.194;0.186;0.165;0.076;0.167;0.121;0.154;0.103;0.154;0.169;0.186;0.186;0.225;0.181;0.165;0.172;0.124;0.11;0.251;0.301;0.119;0.11;0.136;0.151;0.143;0.157;0.13;0.161;0.163;0.089;0.079;0.124;0.19;0.127;0.105;0.1;0.305
2025;KHM;Cambodia;0.294;0.389;0.212;0.255;0.254;0.419;0.499;0.758;0.145;0.275;0.156;0.011;0.172;0;0;1.763;1.485;0.598;1.100;0;0.27;9.983;1.475;1.639;0.393;0.386;0.681;0.338;0.329;0.674;0.364;0.355;0.989;0.527;0.393;0.393;0.179;0.195;0.163;0.197;1.360;1.529;26.112;1.203;0.862;0.793;9.293;0.589;0.528;1.407;1.195;1.243;3.360;1.296;0.625;0.726;0.428;0.652;0.599;0.517;0.776;0.805;1.062;0.739;0.679;0.656;0.584;0.71;0.715;0.537;0.603;0.697;0.63;0.862;0.553;0.615;0.898;1.050;0.661;0.77;0.408;0.424;0.403;0.469;0.423;0.364;0.531;0.521;0.295;0.345;0.328;0.414;0.506;0.456;0.449;0.436;0.423;0.404;0.441;0.444;0.366;0.376;0.373;0.442;0.375;0.386;0.334;0.474;0.469;0.476;0.448;0.567;0.672;0.44;0.982;0.606;0.487;0.52;0.362;0.431;0.393;0.358;0.342;0.346;0.401;0.351;0.351;0.331;0.81;0.561;0.48;0.41;0.583;0.495;0.444;0.395;0.506;0.458;0.502;0.638;0.541;0.419;0.45;1.030;0.413;0.624;0.558;0.557;0.529;0.451;0.458;0.496;0.624;0.606;0.594;0.552;0.876;0.657;0.662;0.329;0.266;0.409;0.468;0.497;0.595;0.448;0.383;0.607;0.614;0.505;0.637;0.748;0.677;0.57;0.738;0.612;0.628;0.667;0.501;0.415;0.554;0.404;0.411;0.32;0.527;0.511;0.659;0.664;0.571;0.531;0.419;0.608;1.029;0.377;0.423;0.608;0.675;0.533;0.489;0.55;0.629;0.588;0.62;0.311;0.476;0.203;0.489;0.52;0.598;0.579;0.588;0.516;0.586;0.702;0.909;0.471;0.86;0.583;0.796;0.606;0.476;0.63;0.408;0.453;0.405;0.411;1.010;1.149;1.233;0.897;1.041;0.677;0.948;0.822;0.72;0.554;0.46;1.606;1.117;0.666;0.376;0.993;0.61;0.676;0.45;2.416;1.472;0.136;0.179;0.177;0.117;0.209;0.216;0.541;0.44;0.426;0.511;0.481;0.556;1.152;0.893;1.161;0.899;1.677;1.280;1.013;0.841;0.753;1.043;0.383;0.289;0.25;0.341;0.406;0.283;0.514;0.346;0.458;0.262;0.141;0.272;0.747;0.274;0.287;0.313;0.235;0.388;0.301;0.405;2.621;1.375;1.278;1.162;0.517;1.790;0.569;0.355;0.355;0.676;0.534;0.445;0.549;0.582;0.441;0.386;0.49;0.633;0.442;0.436;0.6;0.783;0.635;2.139;0.175;0.167;0.141;0.158;0.147;0.058;0.1;0.405;0.125;0.308;0.764;0.999;0.479;0.643;0.506;0.49;0.738;1.005;0.705;0.133;0.609;0.512;0.495;0.479;0.642;0.366;0.596;0.383;0.552;0.845;0.294;0.843;0.428;0.373;0.397;0.453;0.397;0.414;6.931;0.257;0.261;0.235;0.192;0.2;0.214;0.236;0.265;0.207;0.295;0.265;0.211;0.263;0.278;0.236;0.257;0.26;0.27;0.308;0.233;0.263;0.283;0.362;0.35;0.432;0.366;0.419;0.348;0.336;0.546;0.555;0.211;0.28;0.152;0.334;0.323;0.25;0.209;0.227;0.112;0.441;0.35;0.265;1.148;0.626;0.458;0.467;2.309
2025;KIR;Kiribati;0.67;0.991;0.483;0.484;0.544;1.040;1.111;1.475;0.279;0.549;0.263;0.348;0.293;0.786;1.185;1.298;1.115;0.659;0.996;0.414;0.61;1.685;0.83;1.584;0.697;0.754;0.88;0.728;0.637;0.982;0.794;0.714;0.962;0.82;0.555;1.003;0.592;0.458;0.469;0.481;1.080;1.390;10.246;2.841;1.403;1.343;3.504;1.006;0.777;1.463;1.340;1.935;2.734;1.216;1.409;1.345;0.979;1.025;1.237;1.229;0.85;1.149;1.219;1.022;0.913;0.822;0.844;0.855;1.225;0.733;0.835;1.065;0.926;1.245;0.756;0.88;1.152;1.038;0.901;0.885;0.75;0.715;0.773;0.896;0.687;0.761;0.869;0.924;0.759;0.897;0.866;0.786;1.249;1.038;0.894;0.951;0.747;0.905;0.882;0.814;0.679;0.787;0.905;0.892;0.687;0.816;0.789;0.999;0.715;0.907;0.795;0.747;0.896;0.704;1.664;0.952;1.056;0.898;0.671;0.735;0.691;0.69;0.64;0.702;0.811;0.741;0.567;0.91;1.324;0.947;0.805;0.935;0.942;0.945;0.98;0.776;0.804;0.861;0.69;1.252;1.022;0.789;0.901;1.463;0.652;0.719;0.719;0.693;0.683;0.614;0.656;0.701;0.947;0.965;1.042;0.704;1.404;0.952;1.027;0.733;0.733;0.917;0.844;0.855;0.947;0.697;0.554;0.94;1.058;0.757;0.657;0.678;0.671;0.716;0.861;0.817;0.683;0.638;0.838;0.731;0.797;0.624;0.708;0.614;0.74;0.683;1.006;0.809;0.717;0.643;0.489;0.704;0.847;0.333;0.454;0.599;0.734;0.655;0.623;0.561;0.598;0.652;0.692;0.37;0.983;0.4;0.571;0.667;0.628;0.543;0.706;0.642;0.598;0.786;0.819;0.635;0.669;0.627;0.838;0.79;0.602;0.73;0.579;0.508;0.505;0.537;1.121;1.188;1.181;0.947;0.98;0.786;0.948;0.816;0.74;0.656;0.675;1.136;0.953;0.603;0.61;1.303;0.974;0.98;0.78;1.825;1.148;0.824;0.639;0.592;0.407;0.891;0.916;0.704;0.904;0.774;0.735;0.767;0.875;1.011;0.729;0.98;0.812;1.418;1.151;0.753;0.757;0.771;1.075;0.205;0.215;0.169;0.226;0.246;0.204;0.306;0.238;0.261;0.199;0.211;0.185;0.447;0.309;0.282;0.324;0.23;0.269;0.219;0.284;1.210;0.657;0.79;0.679;0.42;1.017;0.405;0.473;0.398;0.57;0.478;0.431;0.489;0.536;0.439;0.523;0.421;0.458;0.298;0.263;0.29;0.464;0.355;0.766;0.188;0.175;0.157;0.192;0.146;0.107;0.128;0.174;0.113;0.196;0.279;0.473;0.337;0.292;0.18;0.216;0.354;0.468;0.453;0.21;0.456;0.298;0.269;0.296;0.374;0.47;0.479;0.226;0.374;0.379;0.239;0.449;0.346;0.393;0.336;0.295;0.271;0.315;2.304;0.196;0.213;0.134;0.307;0.42;0.452;0.305;0.43;0.372;0.484;0.395;0.466;0.44;0.365;0.167;0.371;0.324;0.401;0.282;0.419;0.425;0.453;0.41;0.538;0.399;0.33;0.352;0.265;0.239;0.595;0.669;0.283;0.269;0.294;0.337;0.319;0.29;0.303;0.369;0.283;0.206;0.175;0.256;0.481;0.274;0.238;0.211;0.544
2025;KNA;Saint Kitts and Nevis;0.354;0.502;0.26;0.27;0.289;0.532;0.563;0.768;0.157;0.296;0.149;0.201;0.17;0.434;0.639;0.73;0.632;0.394;0.593;0.244;0.375;2.123;0.476;0.948;0.414;0.444;0.542;0.44;0.377;0.599;0.479;0.424;0.601;0.503;0.338;0.6;0.359;0.283;0.284;0.292;0.651;0.857;5.284;1.899;0.922;0.864;1.868;0.608;0.459;0.917;0.845;1.282;1.505;0.805;0.87;0.889;0.601;0.639;0.807;0.753;0.572;0.737;0.819;0.67;0.605;0.529;0.528;0.57;0.759;0.458;0.539;0.681;0.595;0.819;0.451;0.555;0.735;0.707;0.557;0.573;0.474;0.433;0.489;0.579;0.415;0.469;0.532;0.536;0.449;0.577;0.507;0.491;0.816;0.666;0.571;0.611;0.459;0.563;0.568;0.492;0.415;0.483;0.587;0.565;0.416;0.507;0.488;0.649;0.416;0.543;0.468;0.437;0.522;0.416;1.032;0.567;0.643;0.533;0.399;0.441;0.416;0.413;0.374;0.42;0.484;0.446;0.328;0.548;0.797;0.582;0.505;0.595;0.566;0.607;0.636;0.492;0.488;0.538;0.414;0.8;0.652;0.481;0.58;0.916;0.391;0.427;0.428;0.41;0.415;0.376;0.386;0.427;0.583;0.591;0.65;0.428;0.957;0.606;0.646;0.456;0.449;0.569;0.515;0.516;0.595;0.429;0.33;0.585;0.668;0.473;0.395;0.402;0.402;0.44;0.537;0.525;0.418;0.366;0.517;0.439;0.483;0.383;0.435;0.379;0.453;0.416;0.597;0.496;0.457;0.426;0.343;0.542;0.597;0.216;0.314;0.401;0.453;0.453;0.38;0.401;0.414;0.468;0.442;0.242;0.651;0.257;0.381;0.435;0.41;0.352;0.431;0.412;0.396;0.488;0.551;0.378;0.404;0.411;0.562;0.495;0.37;0.455;0.347;0.314;0.299;0.32;0.644;0.687;0.674;0.567;0.586;0.473;0.56;0.489;0.439;0.399;0.427;0.65;0.57;0.362;0.367;0.84;0.615;0.626;0.469;0.988;0.662;0.487;0.378;0.345;0.243;0.51;0.527;0.43;0.546;0.454;0.436;0.472;0.521;0.624;0.467;0.597;0.494;0.803;0.741;0.474;0.441;0.464;0.674;0.125;0.13;0.102;0.137;0.151;0.126;0.187;0.145;0.161;0.123;0.12;0.117;0.278;0.198;0.18;0.206;0.154;0.168;0.135;0.178;0.658;0.366;0.423;0.372;0.266;0.554;0.234;0.272;0.239;0.345;0.287;0.258;0.295;0.319;0.264;0.308;0.249;0.268;0.182;0.156;0.17;0.285;0.215;0.465;0.11;0.103;0.092;0.113;0.086;0.061;0.075;0.095;0.066;0.115;0.165;0.27;0.198;0.18;0.108;0.131;0.209;0.262;0.258;0.126;0.281;0.176;0.161;0.183;0.224;0.292;0.282;0.137;0.227;0.234;0.139;0.256;0.202;0.237;0.199;0.175;0.165;0.184;1.297;0.122;0.135;0.081;0.184;0.26;0.275;0.183;0.253;0.219;0.288;0.246;0.299;0.28;0.23;0.109;0.228;0.192;0.243;0.163;0.25;0.267;0.285;0.237;0.342;0.253;0.207;0.22;0.166;0.147;0.36;0.392;0.171;0.167;0.179;0.209;0.187;0.178;0.185;0.228;0.185;0.125;0.107;0.154;0.316;0.168;0.143;0.133;0.299
2025;KOR;South Korea;1.416;0.574;1.174;0.569;0.562;0.339;0.981;1.707;0.586;0.862;1.065;0.727;0.653;0.788;2.954;0.742;0.404;0.895;0.65;1.234;0.776;4.414;0.459;2.371;0.6;0.619;0.933;0.353;0.472;0.95;1.007;1.082;0.751;0.516;0.582;0.834;0.792;0.547;0.676;0.542;1.160;1.014;6.972;2.662;2.233;1.371;1.973;1.017;0.893;2.182;1.075;1.119;2.321;2.009;1.243;1.418;1.103;1.278;1.820;1.212;0.648;0.801;1.689;1.283;1.158;0.87;1.167;0.728;0.842;1.237;1.132;0.959;0.925;1.589;0.746;0.781;1.012;0.641;0.753;1.310;0.922;0.752;0.801;0.789;0.855;0.619;0.622;0.58;0.621;0.586;0.836;0.991;0.981;0.974;0.748;1.117;1.019;0.717;0.851;0.822;0.637;0.622;0.986;0.571;0.78;0.896;0.864;0.79;0.751;0.723;1.094;0.79;0.949;0.672;1.488;0.885;1.146;0.595;0.664;0.594;0.941;0.55;0.585;0.656;0.889;0.36;0.934;0.585;1.021;0.718;0.588;0.625;1.102;0.58;0.677;0.576;0.965;0.903;0.857;1.325;0.644;0.921;0.494;1.288;0.876;1.092;1.074;0.843;1.002;1.138;1.001;0.947;0.943;0.796;1.019;0.79;1.496;1.221;0.957;1.005;1.286;1.327;1.494;2.558;1.021;1.379;0.919;1.041;0.77;0.668;0.91;0.548;0.697;0.789;0.959;0.711;0.906;0.617;0.929;0.554;0.444;0.444;0.733;0.814;0.652;0.85;1.024;0.635;0.5;0.729;0.87;0.8;0.909;0.646;0.635;0.796;0.564;0.72;0.914;0.535;0.715;0.926;0.576;0.608;1.088;0.771;0.7;0.711;0.712;0.993;0.656;0.947;0.878;0.674;0.422;0.594;0.429;0.16;0.885;0.713;0.648;0.984;0.634;0.828;0.668;0.891;1.193;1.176;0.59;0.768;0.833;0.756;1.005;0.916;0.927;0.607;0.644;1.169;0.768;2.650;0.893;2.196;1.115;1.206;1.070;1.184;1.327;1.125;0.63;0.626;0.64;0.851;0.831;0.759;1.158;0.864;1.239;1.080;1.409;0.946;0.936;1.388;0.611;1.124;0.856;0.788;1.020;0.814;0.979;0.327;0.689;0.291;0.633;0.638;0.723;0.767;0.35;0.361;0.308;0.094;0.237;0.966;0.363;0.315;0.385;0.342;0.329;0.289;0.361;1.723;0.795;2.094;0.682;0.741;0.248;0.655;0.554;0.676;0.512;0.478;0.735;0.772;0.255;0.441;0.427;0.742;0.583;0.345;0.472;0.706;0.68;0.336;0.713;0.29;0.109;0.163;0.511;0.258;0.449;0.143;0.137;0.128;0.533;0.213;0.395;0.319;0.366;0.26;0.157;0.166;0.195;0.287;0.92;0.27;0.281;0.864;0.966;0.492;0.453;0.443;0.813;0.327;0.288;0.828;0.837;1.017;0.204;1.298;0.353;0.316;0.228;1.312;0.287;0.382;0.236;0.356;0.347;0.668;0.312;0.359;0.348;0.365;0.429;0.538;0.484;0.374;0.45;0.901;0.459;0.531;0.301;1.034;0.448;0.414;0.391;0.488;0.941;0.832;0.558;0.452;0.838;0.849;0.843;0;0.442;0.443;1.056;0.447;0.779;0.495;0.714;0.359;0.258;0.231;0.58;0.244;0.184;0.762;0.837;0.526
2025;KWT;Kuwait;1.188;2.031;0.857;0.771;1.083;1.935;2.336;3.080;0.523;1.006;0.416;0.587;0.43;1.523;2.424;2.557;2.125;1.062;1.802;0.443;0.768;19.284;1.690;3.081;0.725;0.75;1.081;0.823;0.683;1.030;0.885;0.728;1.175;0.931;0.619;1.081;0.715;0.678;0.567;0.589;1.682;2.277;22.202;4.197;2.043;1.836;7.130;1.235;0.883;2.310;2.316;2.908;5.398;2.068;2.093;2.419;1.312;1.406;2.021;1.639;1.335;1.725;1.880;1.517;1.316;1.119;1.047;1.264;1.540;0.932;1.171;1.507;1.318;1.994;0.805;1.148;1.614;1.617;1.115;1.274;0.921;0.78;0.96;1.206;0.768;0.909;1.114;0.832;0.928;1.273;1.142;1.009;1.927;1.478;1.185;1.362;0.872;1.139;1.254;0.913;0.778;0.912;1.206;1.140;0.759;0.986;0.966;1.380;0.715;1.065;0.829;0.734;0.893;0.699;2.405;1.020;1.286;0.903;0.72;0.797;0.741;0.717;0.599;0.756;0.86;0.842;0.523;1.049;1.472;1.076;1.042;1.216;1.055;1.378;1.401;1.000;0.875;1.053;0.716;1.909;1.366;0.945;1.213;1.901;0.73;0.728;0.726;0.674;0.751;0.714;0.625;0.766;1.138;1.139;1.302;0.77;2.211;1.230;1.308;0.859;0.832;1.135;0.985;0.917;1.115;0.816;0.561;1.119;1.290;0.877;0.815;0.944;0.868;0.941;1.204;1.191;0.884;0.894;1.101;0.842;0.938;0.817;0.944;0.776;0.945;0.838;1.049;1.024;1.017;0.913;0.794;1.584;1.780;0.466;0.767;0.944;0.941;1.134;0.768;0.967;0.99;1.160;0.951;0.551;1.331;0.546;0.892;0.966;0.883;0.763;0.781;0.844;0.899;1.041;1.298;0.662;0.821;0.937;1.494;1.123;0.808;0.997;0.635;0.652;0.514;0.549;1.609;1.744;1.984;1.090;1.138;0.838;1.205;0.968;0.874;0.781;1.285;1.774;1.451;0.908;0.684;2.382;1.490;1.395;1.002;2.947;1.662;1.036;0.608;0.537;0.424;1.373;0.848;0.78;1.021;0.773;0.729;0.885;0.909;1.588;1.192;1.341;1.296;1.960;1.730;1.100;0.943;0.982;1.489;0.303;0.278;0.227;0.319;0.373;0.281;0.48;0.311;0.381;0.266;0.162;0.311;0.867;0.512;0.489;0.516;0.424;0.399;0.29;0.435;2.120;1.197;1.316;1.228;0.603;1.939;0.609;0.811;0.565;0.766;0.536;0.501;0.587;0.638;0.543;0.523;0.515;0.544;0.388;0.292;0.377;0.645;0.413;1.346;0.193;0.19;0.158;0.194;0.141;0.092;0.117;0.258;0.1;0.191;0.473;0.79;0.477;0.446;0.2;0.264;0.409;0.601;0.486;0.224;0.636;0.315;0.296;0.384;0.483;0.668;0.519;0.252;0.476;0.568;0.213;0.621;0.333;0.475;0.36;0.301;0.308;0.351;4.673;0.272;0.325;0.148;0.357;0.583;0.582;0.361;0.454;0.392;0.571;0.612;0.756;0.699;0.515;0.267;0.462;0.346;0.49;0.251;0.476;0.612;0.65;0.54;0.843;0.598;0.444;0.478;0.346;0.308;0.75;0.844;0.311;0.364;0.308;0.482;0.404;0.415;0.357;0.531;0.36;0.248;0.205;0.311;0.907;0.359;0.286;0.265;0.987
2025;LAO;Lao People’s Democratic Rep.;0.271;0.308;0.25;0.315;0.241;0.364;0.435;0.593;0.198;0.282;0.229;0.115;0.3;1.031;0.554;1.053;1.259;0.758;1.000;0.591;0.735;11.286;1.671;1.861;0.841;0.838;1.157;0.754;0.772;1.089;0.87;0.685;1.300;1.000;0.704;1.035;0.306;0.276;0.36;0.474;0.645;1.055;1.722;1.006;0.93;0.894;0.887;0.831;0.541;1.081;1.126;0.983;3.767;2.298;1.057;1.061;0.886;1.072;1.307;1.061;1.578;1.811;2.016;1.871;1.557;1.406;1.120;1.612;1.271;1.057;1.169;1.420;1.297;1.757;0.837;1.047;1.353;1.792;1.244;1.399;0.912;0.851;1.149;0.99;0.614;0.897;0.951;0.938;0.872;0.878;0.646;0.745;1.316;1.134;0.989;0.912;0.992;0.904;1.045;0.764;0.78;0.819;1.122;0.938;0.837;1.131;0.862;1.133;0.671;1.014;1.016;0.8;0.86;0.919;1.402;1.006;1.059;1.091;0.78;0.917;1.163;0.874;0.695;1.030;1.300;1.088;0.569;1.085;1.204;1.150;1.340;1.853;1.970;2.046;1.841;1.000;1.071;1.204;0.907;1.178;1.492;0.683;1.429;1.142;0.717;1.046;0.921;1.010;1.014;1.130;0.975;1.332;1.369;1.029;1.542;1.168;2.411;1.563;1.556;0.609;0.437;0.6;0.553;0.528;0.853;0.799;0.495;1.498;1.740;1.155;0.6;0.907;0.686;0.739;0.884;0.89;0.68;1.130;0.707;0.614;0.699;0.64;0.633;0.709;0.702;0.652;0.664;0.886;0.452;0.594;0.46;0.487;0.537;0.422;0.373;0.676;0.702;0.536;0.57;0.53;0.534;0.525;0.633;0.283;0.474;0.218;0.618;0.663;0.593;0.78;0.645;0.57;0.581;0.861;0.751;0.573;0.713;0.653;0.645;0.565;0.476;0.594;0.554;0.513;0.407;0.418;0.666;0.659;0.725;0.576;0.674;0.462;0.677;0.626;0.634;0.425;0.508;0.881;0.687;0.361;0.465;0.783;0.687;0.682;0.391;2.225;1.362;0.466;0.339;0.375;0.293;0.599;0.339;0.433;0.55;0.464;0.459;0.543;0.53;1.389;0.842;1.154;1.025;2.310;0.965;0.889;0.956;0.906;1.405;0.562;0.52;0.509;0.634;0.798;0.58;0.888;0.597;0.797;0.572;0.075;0.58;1.667;0.828;0.771;0.728;0.731;0.77;0.618;0.798;1.710;1.044;4.628;0.723;0.756;1.069;0.711;0.357;1.355;1.464;1.175;1.086;1.071;1.235;1.150;0.88;1.287;1.316;0.71;0.483;0.648;1.031;0.948;1.875;0.636;0.592;0.413;0.641;0.351;0.193;0.259;0.445;0.269;0.295;0.527;1.105;0.801;0.713;0.526;0.548;0.931;1.198;1.101;0.92;0.861;0.656;0.665;0.661;0.828;0.665;0.77;0.499;0.63;1.100;0.651;1.536;0.767;0.799;0.713;0.738;0.897;0.769;3.791;0.385;0.454;0.486;0.75;0.775;1.039;0.779;0.849;0.828;1.179;1.227;0.968;1.056;0.793;0.504;0.925;0.561;1.074;0.44;0.734;1.073;1.042;0.819;1.066;0.98;0.617;0.632;0.498;0.689;0.558;0.806;0.688;0.922;0.469;0.733;0.694;1.215;0.9;1.084;0.263;0.69;0.489;0.509;1.444;0.684;0.663;0.572;1.624
2025;LBN;Lebanon;0.856;1.452;0.603;0.535;0.775;1.398;1.657;2.209;0.376;0.724;0.305;0.421;0.306;1.012;1.606;1.639;1.368;0.665;1.125;0.339;0.541;3.472;1.184;1.693;0.563;0.593;0.826;0.632;0.527;0.811;0.675;0.571;0.9;0.716;0.471;0.853;0.457;0.408;0.362;0.39;1.029;1.295;15.044;3.138;1.462;1.323;4.816;0.79;0.604;1.423;1.221;2.113;3.654;1.388;1.129;1.205;0.763;0.869;1.087;0.938;0.89;1.062;1.259;0.988;0.921;0.77;0.723;0.883;1.011;0.627;0.78;0.933;0.824;1.237;0.56;0.75;1.005;1.120;0.748;0.837;0.661;0.548;0.69;0.839;0.511;0.611;0.645;0.648;0.645;0.803;0.802;0.66;1.151;0.901;0.801;0.829;0.595;0.74;0.784;0.616;0.536;0.624;0.86;0.782;0.526;0.679;0.635;0.934;0.482;0.634;0.561;0.528;0.628;0.505;1.272;0.673;0.787;0.647;0.473;0.546;0.522;0.514;0.447;0.512;0.586;0.541;0.383;0.67;1.005;0.767;0.685;0.841;0.804;0.863;0.925;0.698;0.622;0.716;0.517;1.009;0.883;0.599;0.823;1.224;0.474;0.526;0.528;0.507;0.532;0.501;0.474;0.568;0.741;0.747;0.854;0.554;1.493;0.84;0.872;0.612;0.58;0.738;0.647;0.666;0.824;0.561;0.407;0.786;0.927;0.649;0.533;0.628;0.568;0.634;0.818;0.805;0.593;0.635;0.692;0.562;0.61;0.48;0.555;0.488;0.63;0.579;0.809;0.705;0.669;0.641;0.574;0.999;1.159;0.332;0.535;0.611;0.633;0.728;0.525;0.685;0.681;0.8;0.6;0.357;1.026;0.393;0.563;0.614;0.61;0.508;0.562;0.593;0.59;0.61;0.828;0.468;0.575;0.582;0.771;0.659;0.501;0.596;0.431;0.412;0.361;0.397;1.127;1.151;1.301;0.801;0.823;0.623;0.843;0.675;0.593;0.539;0.916;1.288;1.067;0.674;0.524;1.296;1.052;0.899;0.728;2.099;1.159;0.762;0.473;0.422;0.309;1.006;0.691;0.586;0.754;0.596;0.545;0.673;0.678;1.028;0.745;0.894;0.847;1.424;1.018;0.698;0.674;0.658;1.044;0.19;0.171;0.14;0.199;0.232;0.164;0.284;0.201;0.243;0.168;0.139;0.197;0.488;0.256;0.249;0.259;0.225;0.219;0.174;0.239;1.538;0.87;0.962;0.883;0.448;1.324;0.44;0.567;0.374;0.48;0.369;0.337;0.381;0.436;0.335;0.393;0.336;0.381;0.232;0.199;0.246;0.371;0.281;0.713;0.137;0.134;0.117;0.138;0.107;0.073;0.091;0.191;0.08;0.155;0.297;0.542;0.339;0.249;0.135;0.161;0.274;0.441;0.362;0.16;0.37;0.223;0.201;0.234;0.3;0.356;0.331;0.173;0.279;0.32;0.17;0.456;0.254;0.324;0.261;0.222;0.229;0.257;2.882;0.175;0.188;0.104;0.23;0.322;0.352;0.226;0.308;0.28;0.373;0.329;0.381;0.363;0.305;0.143;0.3;0.23;0.293;0.19;0.296;0.327;0.353;0.374;0.44;0.34;0.294;0.309;0.219;0.2;0.475;0.582;0.215;0.21;0.241;0.288;0.277;0.293;0.235;0.311;0.283;0.163;0.144;0.227;0.396;0.237;0.196;0.177;0.674
2025;LCA;Saint Lucia;0.375;0.54;0.275;0.284;0.309;0.567;0.607;0.825;0.167;0.314;0.156;0.211;0.177;0.464;0.687;0.782;0.674;0.415;0.63;0.25;0.387;2.813;0.508;1.018;0.423;0.453;0.557;0.451;0.386;0.611;0.49;0.433;0.617;0.515;0.346;0.613;0.371;0.296;0.294;0.301;0.684;0.905;5.726;1.961;0.954;0.892;2.008;0.629;0.473;0.962;0.896;1.327;1.610;0.841;0.914;0.945;0.627;0.665;0.85;0.786;0.595;0.769;0.851;0.696;0.626;0.547;0.545;0.591;0.785;0.473;0.559;0.709;0.619;0.856;0.463;0.574;0.764;0.734;0.576;0.595;0.487;0.444;0.503;0.598;0.427;0.484;0.554;0.545;0.463;0.6;0.526;0.508;0.854;0.693;0.591;0.636;0.473;0.582;0.59;0.507;0.427;0.497;0.606;0.583;0.427;0.522;0.504;0.672;0.427;0.563;0.481;0.447;0.535;0.425;1.083;0.583;0.667;0.545;0.41;0.453;0.427;0.423;0.381;0.431;0.497;0.46;0.335;0.566;0.819;0.598;0.522;0.614;0.58;0.632;0.66;0.508;0.5;0.555;0.423;0.841;0.676;0.497;0.6;0.949;0.403;0.437;0.438;0.418;0.425;0.387;0.394;0.438;0.602;0.61;0.672;0.439;0.994;0.625;0.668;0.468;0.461;0.588;0.531;0.528;0.61;0.441;0.337;0.602;0.687;0.485;0.409;0.418;0.417;0.456;0.557;0.545;0.433;0.381;0.537;0.452;0.499;0.399;0.453;0.392;0.468;0.43;0.611;0.513;0.475;0.44;0.355;0.573;0.631;0.223;0.326;0.418;0.469;0.474;0.393;0.416;0.431;0.487;0.459;0.252;0.669;0.265;0.397;0.453;0.424;0.365;0.442;0.425;0.412;0.508;0.574;0.388;0.417;0.429;0.595;0.517;0.385;0.474;0.357;0.325;0.306;0.328;0.671;0.719;0.712;0.583;0.603;0.484;0.579;0.504;0.453;0.411;0.449;0.679;0.593;0.376;0.376;0.893;0.639;0.65;0.485;1.040;0.69;0.503;0.385;0.351;0.249;0.532;0.536;0.441;0.56;0.464;0.445;0.483;0.533;0.653;0.49;0.62;0.518;0.835;0.775;0.494;0.455;0.481;0.698;0.13;0.136;0.106;0.143;0.158;0.131;0.197;0.15;0.168;0.128;0.121;0.123;0.297;0.21;0.192;0.217;0.163;0.176;0.14;0.187;0.695;0.387;0.446;0.394;0.275;0.591;0.245;0.287;0.249;0.359;0.295;0.266;0.305;0.329;0.274;0.314;0.258;0.277;0.189;0.16;0.177;0.298;0.222;0.495;0.113;0.105;0.094;0.115;0.088;0.062;0.076;0.099;0.067;0.117;0.175;0.284;0.205;0.189;0.111;0.136;0.215;0.272;0.265;0.129;0.294;0.181;0.165;0.19;0.233;0.306;0.291;0.141;0.236;0.246;0.141;0.265;0.206;0.245;0.204;0.179;0.169;0.189;1.395;0.126;0.141;0.083;0.19;0.272;0.286;0.19;0.26;0.225;0.298;0.259;0.316;0.295;0.24;0.114;0.236;0.198;0.252;0.166;0.259;0.28;0.299;0.246;0.36;0.265;0.215;0.228;0.172;0.152;0.373;0.406;0.175;0.174;0.183;0.218;0.194;0.185;0.191;0.238;0.189;0.13;0.11;0.159;0.339;0.174;0.148;0.137;0.318
2025;LKA;Sri Lanka;0.499;0.811;0.357;0.332;0.448;0.792;0.928;1.249;0.231;0.428;0.191;0.267;0.2;0.604;0.937;0.994;0.838;0.444;0.726;0.238;0.383;2.651;0.714;1.102;0.402;0.423;0.583;0.45;0.374;0.592;0.484;0.413;0.643;0.516;0.34;0.608;0.333;0.291;0.266;0.283;0.698;0.9;8.454;2.179;1.029;0.936;2.785;0.567;0.426;0.988;0.866;1.479;2.168;0.968;0.822;0.9;0.572;0.642;0.81;0.696;0.645;0.771;0.92;0.719;0.673;0.558;0.53;0.641;0.738;0.46;0.576;0.688;0.608;0.893;0.416;0.554;0.74;0.815;0.549;0.609;0.489;0.411;0.508;0.617;0.384;0.451;0.484;0.469;0.452;0.591;0.54;0.487;0.845;0.666;0.587;0.614;0.441;0.548;0.579;0.46;0.397;0.462;0.632;0.574;0.389;0.498;0.47;0.686;0.354;0.47;0.411;0.384;0.454;0.373;0.945;0.502;0.59;0.48;0.351;0.407;0.387;0.38;0.326;0.378;0.435;0.401;0.278;0.488;0.738;0.57;0.506;0.618;0.567;0.631;0.677;0.512;0.467;0.537;0.385;0.774;0.668;0.449;0.607;0.901;0.356;0.395;0.397;0.379;0.396;0.369;0.355;0.421;0.555;0.562;0.637;0.413;1.088;0.622;0.643;0.451;0.428;0.547;0.478;0.482;0.609;0.414;0.304;0.578;0.683;0.481;0.385;0.432;0.404;0.453;0.578;0.576;0.426;0.419;0.503;0.41;0.454;0.358;0.412;0.372;0.453;0.416;0.572;0.507;0.484;0.475;0.418;0.717;0.795;0.246;0.383;0.452;0.456;0.533;0.379;0.501;0.495;0.579;0.448;0.264;0.727;0.283;0.419;0.465;0.444;0.368;0.415;0.433;0.43;0.458;0.612;0.34;0.411;0.429;0.575;0.483;0.368;0.446;0.323;0.304;0.268;0.295;0.729;0.752;0.818;0.557;0.578;0.445;0.575;0.473;0.42;0.389;0.594;0.822;0.708;0.445;0.371;0.916;0.723;0.65;0.503;1.264;0.753;0.517;0.343;0.305;0.225;0.632;0.482;0.426;0.537;0.427;0.399;0.491;0.487;0.701;0.522;0.623;0.567;0.916;0.746;0.499;0.454;0.466;0.732;0.132;0.123;0.099;0.14;0.162;0.119;0.198;0.143;0.172;0.123;0.099;0.135;0.327;0.191;0.181;0.193;0.165;0.161;0.128;0.175;0.921;0.529;0.573;0.531;0.318;0.784;0.285;0.358;0.257;0.34;0.269;0.242;0.278;0.307;0.243;0.282;0.236;0.266;0.168;0.143;0.168;0.27;0.204;0.484;0.098;0.095;0.083;0.099;0.077;0.052;0.065;0.117;0.059;0.11;0.194;0.34;0.225;0.179;0.098;0.118;0.193;0.285;0.247;0.116;0.268;0.16;0.145;0.171;0.213;0.264;0.239;0.131;0.204;0.23;0.122;0.295;0.18;0.232;0.187;0.16;0.164;0.179;1.743;0.124;0.136;0.076;0.167;0.237;0.255;0.165;0.223;0.201;0.267;0.238;0.285;0.269;0.227;0.107;0.223;0.167;0.217;0.138;0.216;0.245;0.266;0.249;0.327;0.252;0.216;0.227;0.165;0.147;0.345;0.401;0.159;0.155;0.174;0.208;0.19;0.203;0.174;0.225;0.203;0.12;0.104;0.16;0.298;0.169;0.14;0.131;0.406
2025;LSO;Lesotho;0.675;0.972;0.489;0.5;0.538;1.038;1.088;1.442;0.281;0.551;0.27;0.356;0.306;0.791;1.182;1.313;1.133;0.691;1.027;0.444;0.649;1.201;0.821;1.645;0.75;0.815;0.932;0.779;0.684;1.057;0.852;0.771;1.021;0.876;0.595;1.078;0.639;0.487;0.507;0.517;1.139;1.471;10.052;2.928;1.461;1.410;3.486;1.083;0.837;1.539;1.421;2.004;2.736;1.254;1.515;1.432;1.059;1.100;1.320;1.329;0.888;1.218;1.276;1.077;0.959;0.87;0.903;0.895;1.313;0.784;0.887;1.136;0.986;1.309;0.82;0.942;1.230;1.080;0.967;0.936;0.801;0.774;0.824;0.949;0.746;0.82;0.941;1.005;0.811;0.955;0.915;0.843;1.324;1.108;0.951;1.016;0.806;0.973;0.939;0.882;0.733;0.849;0.958;0.951;0.743;0.875;0.85;1.058;0.78;0.987;0.865;0.811;0.974;0.766;1.798;1.037;1.145;0.977;0.73;0.798;0.748;0.748;0.696;0.761;0.88;0.804;0.618;0.985;1.433;1.021;0.861;0.996;1.006;1.004;1.037;0.827;0.871;0.926;0.748;1.352;1.096;0.854;0.957;1.570;0.708;0.782;0.782;0.754;0.738;0.66;0.714;0.755;1.024;1.045;1.121;0.761;1.463;1.017;1.100;0.787;0.79;0.987;0.913;0.922;1.013;0.75;0.602;1.008;1.130;0.81;0.707;0.719;0.719;0.762;0.909;0.86;0.729;0.67;0.899;0.79;0.863;0.675;0.765;0.664;0.792;0.731;1.082;0.864;0.76;0.679;0.504;0.698;0.846;0.352;0.466;0.631;0.784;0.68;0.667;0.574;0.618;0.666;0.741;0.391;1.024;0.421;0.603;0.713;0.663;0.574;0.762;0.682;0.63;0.85;0.861;0.687;0.715;0.665;0.888;0.846;0.646;0.787;0.629;0.546;0.55;0.584;1.173;1.248;1.220;1.010;1.047;0.845;1.007;0.873;0.795;0.704;0.676;1.173;0.988;0.624;0.651;1.369;1.012;1.040;0.826;1.871;1.202;0.872;0.693;0.643;0.44;0.917;0.99;0.756;0.969;0.836;0.798;0.821;0.943;1.057;0.763;1.038;0.846;1.486;1.224;0.798;0.804;0.824;1.132;0.217;0.231;0.181;0.241;0.26;0.22;0.324;0.254;0.277;0.214;0.23;0.193;0.464;0.331;0.3;0.348;0.243;0.289;0.236;0.304;1.223;0.661;0.803;0.684;0.44;1.022;0.421;0.483;0.421;0.609;0.516;0.465;0.527;0.575;0.474;0.565;0.452;0.49;0.321;0.284;0.309;0.499;0.383;0.81;0.203;0.188;0.17;0.209;0.158;0.116;0.139;0.179;0.122;0.212;0.29;0.487;0.354;0.312;0.194;0.233;0.381;0.494;0.486;0.227;0.489;0.322;0.291;0.319;0.401;0.508;0.521;0.246;0.404;0.406;0.259;0.469;0.375;0.422;0.363;0.319;0.29;0.338;2.332;0.208;0.227;0.145;0.332;0.454;0.488;0.33;0.467;0.403;0.523;0.423;0.501;0.473;0.391;0.178;0.4;0.352;0.435;0.308;0.455;0.459;0.489;0.434;0.578;0.428;0.353;0.377;0.286;0.257;0.641;0.713;0.306;0.29;0.315;0.36;0.34;0.305;0.327;0.395;0.297;0.222;0.187;0.273;0.517;0.293;0.255;0.226;0.552
2025;LTU;Lithuania;0.451;0.561;0.352;0.429;0.433;0.633;0.693;1.139;0.257;0.458;0.27;0.365;0.245;0.625;1.067;0.843;0.746;0.4;0.648;0.293;0.226;0.946;0.283;1.195;0.18;0.201;0.435;0.223;0.203;0.313;0.227;0.179;0.554;0.309;0.191;0.262;0.281;0.182;0.226;0.22;0.546;0.666;9.998;0.816;0.447;0.428;2.134;0.28;0.267;0.649;0.501;0.543;3.431;0.794;0.822;0.563;0.524;0.643;0.882;0.558;0.85;0.905;0.569;0.595;0.437;0.335;0.357;0.371;0.429;0.311;0.482;0.427;0.379;0.543;0.294;0.352;0.387;0.72;0.358;0.406;0.651;0.325;0.686;0.781;0.375;0.442;0.22;0.292;0.496;0.533;0.603;0.43;0.921;0.677;0.665;0.657;0.429;0.572;0.632;0.389;0.361;0.491;0.784;0.594;0.423;0.539;0.478;0.894;0.164;0.191;0.207;0.263;0.285;0.246;0.592;0.338;0.481;0.282;0.21;0.274;0.295;0.261;0.175;0.22;0.297;0.224;0.135;0.265;0.697;0.477;0.443;0.609;0.542;0.556;0.733;0.47;0.391;0.469;0.39;0.61;0.563;0.387;0.544;0.712;0.245;0.331;0.352;0.342;0.362;0.461;0.24;0.453;0.442;0.415;0.589;0.338;1.442;0.691;0.679;0.407;0.361;0.38;0.409;0.483;0.401;0.355;0.281;0.706;0.774;0.399;0.238;0.221;0.233;0.221;0.283;0.235;0.239;0.183;0.254;0.244;0.309;0.196;0.212;0.197;0.198;0.217;0.35;0.256;0.264;0.303;0.298;0.458;0.828;0.214;0.351;0.318;0.364;0.375;0.307;0.371;0.344;0.382;0.254;0.239;0.472;0.293;0.254;0.285;0.316;0.258;0.263;0.309;0.314;0.243;0.405;0.233;0.449;0.241;0.281;0.36;0.275;0.272;0.253;0.258;0.16;0.233;0.752;0.664;0.773;0.457;0.459;0.314;0.518;0.348;0.317;0.267;0.601;1.774;1.303;0.709;0.419;0.908;0.777;0.685;0.629;1.214;0.727;0.453;0.183;0.191;0.139;0.548;0.299;0.399;0.561;0.425;0.353;0.552;0.554;0.378;0.298;0.381;0.31;0.574;0.454;0.349;0.392;0.306;0.523;0.087;0.065;0.065;0.084;0.134;0.07;0.137;0.129;0.151;0.09;0.042;0.095;0.214;0.089;0.092;0.093;0.116;0.089;0.078;0.105;0.401;0.407;1.297;0.369;0.305;0.467;0.204;0.159;0.177;0.344;0.275;0.25;0.258;0.32;0.239;0.252;0.264;0.297;0.164;0.131;0.182;0.121;0.116;0.227;0.088;0.085;0.071;0.084;0.063;0.037;0.045;0.146;0.084;0.179;0.155;0.276;0.196;0.132;0.081;0.087;0.098;0.195;0.137;0.11;0.143;0.126;0.117;0.106;0.147;0.161;0.118;0.108;0.122;0.203;0.074;0.387;0.142;0.23;0.156;0.147;0.158;0.175;1.944;0.084;0.076;0.063;0.077;0.102;0.104;0.095;0.111;0.102;0.134;0.127;0.128;0.126;0.133;0.086;0.143;0.062;0.099;0.059;0.082;0.129;0.151;0.183;0.179;0.194;0.172;0.198;0.124;0.119;0.163;0.186;0.124;0.112;0.106;0.154;0.109;0.14;0.077;0.13;0.194;0.086;0.046;0.097;0.16;0.135;0.109;0.093;0.429
2025;LUX;Luxembourg;0.467;0.633;0.384;0.422;0.549;0.685;0.871;1.525;0.329;0.541;0.263;0;0.4;0;0;0.894;0.78;0.348;0.669;0;0.257;0.59;0.282;0.389;0.187;0.194;0.349;0.257;0.192;0.326;0.245;0.184;0.35;0.229;0.203;0.237;0.327;0.212;0.225;0.253;0.517;0.511;5.556;1.198;1.077;0.779;1.594;0.489;0.252;0.985;0.553;0.865;4.009;1.592;0.825;0.537;0.52;0.71;1.033;0.607;1.918;1.679;1.589;1.007;1.414;1.045;0.747;1.533;0.86;0.693;0.892;0.793;0.911;1.369;0.392;0.709;1.034;1.434;0.588;1.014;1.019;0.634;0.954;1.222;0.424;0.677;0.183;0.241;0.644;0.999;0.71;0.679;1.134;0.746;0.959;0.87;0.889;0.739;0.989;0.513;0.544;0.588;1.556;0.969;0.491;0.945;0.645;1.241;0.171;0.136;0.245;0.317;0.4;0.443;0.467;0.403;0.49;0.569;0.264;0.483;0.511;0.439;0.204;0.168;0.31;0.194;0.118;0.186;0.526;0.663;0.348;0.56;0.514;0.485;0.582;0.815;0.661;0.756;0.476;0.67;1.206;0.399;1.004;0.861;0.28;0.385;0.435;0.374;0.423;0.509;0.341;0.611;0.611;0.573;0.914;0.41;2.036;0.837;0.855;1.027;0.666;0.75;0.457;0.464;1.117;0.549;0.287;0.95;1.271;1.222;0.202;0.316;0.216;0.488;0.587;0.859;0.496;0.243;0.387;0.322;0.321;0.154;0.246;0.292;0.367;0.253;0.337;0.604;0.444;0.281;0.317;0.547;0.513;0.209;0.35;0.458;0.289;0.321;0.256;0.201;0.216;0.199;0.217;0.174;0.531;0.376;0.24;0.259;0.387;0.326;0.221;0.383;0.334;0.22;0.33;0.276;0.263;0.27;0.425;0.442;0.315;0.375;0.274;0.291;0.203;0.224;0.722;0.769;0.829;0.512;0.571;0.428;0.557;0.45;0.368;0.348;0;0;0;0;0.23;0.486;1.463;0.875;0.287;1.205;0.753;0.332;0.218;0.252;0.138;0.416;0.292;0.445;0.509;0.308;0.339;0.516;0.45;0.596;0.53;0.485;0.393;0.55;0.706;0.547;0.389;0.43;1.569;0.136;0.126;0.1;0.123;0.145;0.126;0.163;0.149;0.187;0.121;0.04;0.098;0.227;0.137;0.112;0.128;0.127;0.136;0.119;0.136;0.96;0.254;1.062;0.193;0.133;0.319;0.147;0.292;0.232;0.185;0.19;0.158;0.203;0.194;0.162;0.219;0.203;0.197;0.139;0.143;0.151;0.227;0.225;0.185;0.167;0.148;0.142;0.158;0.129;0.129;0.169;0.148;0.073;0.108;0.106;0.215;0.186;0.116;0.106;0.112;0.198;0.242;0.244;0.195;0.14;0.144;0.127;0.11;0.148;0.178;0.123;0.134;0.13;0.265;0.177;0.524;0.23;0.286;0.237;0.249;0.301;0.253;0.538;0.047;0.056;0.031;0.056;0.071;0.069;0.057;0.078;0.065;0.082;0.083;0.079;0.092;0.075;0.044;0.104;0.093;0.153;0.092;0.116;0.132;0.116;0.125;0.139;0.142;0.157;0.178;0.145;0.184;0.18;0.23;0.13;0.095;0.107;0.121;0.089;0.098;0.06;0.101;0.239;0.053;0.05;0.177;0.081;0.079;0.062;0.059;0.172
2025;LVA;Latvia;0.658;0.937;0.526;0.655;0.655;1.030;1.411;2.284;0.434;0.876;0.389;0.47;0.429;0.273;0.229;0.793;0.666;0.34;0.555;0.36;0.175;1.662;0.46;1.356;0.338;0.303;0.384;0.338;0.305;0.34;0.328;0.278;0.405;0.335;0.296;0.396;0.322;0.273;0.269;0.262;0.498;0.538;12.280;0.749;0.536;0.393;2.233;0.399;0.302;0.754;0.518;0.623;3.666;0.958;1.128;1.045;0.949;0.833;1.302;1.115;0.855;1.135;0.858;0.807;0.67;0.481;0.508;0.567;0.681;0.388;0.573;0.639;0.552;0.736;0.349;0.517;0.621;0.891;0.481;0.646;0.474;0.367;0.447;0.697;0.37;0.43;0.282;0.33;0.42;0.517;0.521;0.372;0.713;0.551;0.608;0.488;0.37;0.45;0.507;0.345;0.374;0.383;0.651;0.532;0.374;0.442;0.464;0.638;0.225;0.231;0.283;0.296;0.334;0.264;0.698;0.368;0.446;0.314;0.231;0.271;0.255;0.237;0.18;0.229;0.254;0.226;0.21;0.227;0.598;0.402;0.284;0.334;0.417;0.358;0.373;0.346;0.327;0.279;0.307;0.741;0.493;0.321;0.363;0.837;0.24;0.396;0.495;0.492;0.637;0.68;0.46;0.788;0.814;0.364;0.983;0.561;1.706;1.124;1.049;0.497;0.328;0.493;0.425;0.421;0.578;0.397;0.302;0.985;1.044;0.611;0.317;0.291;0.307;0.306;0.365;0.32;0.361;0.25;0.497;0.463;0.376;0.362;0.304;0.267;0.331;0.262;0.349;0.325;0.427;0.419;0.483;0.715;1.121;0.3;0.559;0.419;0.48;0.571;0.426;0.672;0.553;0.682;0.405;0.399;0.834;0.387;0.378;0.413;0.506;0.357;0.432;0.447;0.468;0.434;0.56;0.319;0.521;0.411;0.87;0.795;0.328;0.389;0.233;0.239;0.237;0.224;0.812;0.89;0.843;0.54;0.508;0.481;0.646;0.462;0.352;0.29;0.632;1.686;1.084;0.585;0.315;0.906;0.718;0.54;0.592;1.220;0.82;0.38;0.187;0.166;0.135;0.525;0.32;0.342;0.455;0.35;0.365;0.453;0.445;0.6;0.493;0.413;0.392;0.498;0.632;0.53;0.376;0.404;1.365;0.149;0.118;0.119;0.155;0.222;0.144;0.241;0.177;0.204;0.159;0.01;0.168;0.413;0.187;0.17;0.181;0.208;0.161;0.12;0.19;0.885;0.714;0.567;0.587;0.405;0.989;0.388;0.189;0.249;0.317;0.232;0.196;0.222;0.286;0.175;0.228;0.288;0.215;0.17;0.136;0.173;0.132;0.091;0.338;0.108;0.102;0.092;0.107;0.06;0.034;0.078;0.138;0.064;0.092;0.177;0.328;0.243;0.146;0.101;0.092;0.118;0.253;0.155;0.14;0.16;0.13;0.116;0.107;0.161;0.182;0.121;0.11;0.13;0.311;0.174;0.41;0.232;0.3;0.223;0.227;0.256;0.228;2.056;0.144;0.179;0.11;0.132;0.204;0.17;0.186;0.208;0.152;0.226;0.261;0.28;0.268;0.213;0.186;0.244;0.119;0.234;0.104;0.193;0.244;0.303;0.227;0.352;0.319;0.234;0.248;0.189;0.186;0.258;0.286;0.191;0.199;0.218;0.263;0.192;0.209;0.18;0.267;0.424;0.099;0.053;0.103;0.255;0.163;0.127;0.112;0.432
2025;MAR;Morocco;0.668;0.915;0.581;0.711;0.628;1.000;1.259;1.971;0.342;0.719;0.346;0.337;0.432;0.111;0.167;1.914;1.549;0.669;1.200;0.146;0.59;7.332;0.796;1.217;0.628;0.607;1.003;0.702;0.569;0.821;0.758;0.586;1.015;0.823;0.535;0.866;0.389;0.305;0.316;0.341;1.067;1.404;15.021;2.391;1.766;1.345;5.445;0.961;0.597;1.989;1.405;1.685;3.615;1.400;1.198;0.836;0.558;0.706;1.194;0.949;1.109;1.352;1.291;1.022;0.959;0.784;0.783;0.925;1.049;0.632;0.885;0.976;0.859;1.233;0.503;0.697;0.891;1.245;0.663;0.925;0.701;0.535;0.812;1.028;0.606;0.733;0.804;0.657;0.784;0.894;0.929;0.755;1.380;1.055;0.817;0.984;0.653;0.823;0.939;0.61;0.57;0.709;1.056;0.68;0.603;0.731;0.75;1.106;0.666;0.814;0.684;0.554;0.603;0.444;0.941;0.577;0.649;0.522;0.411;0.447;0.49;0.38;0.295;0.547;0.639;0.567;0.488;0.711;0.783;0.593;0.668;0.761;0.753;0.846;0.854;0.541;0.549;0.569;0.617;0.742;0.809;0.497;0.794;0.885;0.419;0.623;0.578;0.527;0.519;0.448;0.392;0.541;0.862;0.587;0.825;0.625;1.234;0.663;0.851;0.414;0.323;0.457;0.412;0.468;0.596;0.333;0.276;0.719;0.701;0.642;0.363;0.351;0.357;0.407;0.55;0.57;0.396;0.335;0.499;0.417;0.433;0.356;0.361;0.352;0.394;0.36;0.508;0.496;0.479;0.586;0.573;0.911;1.255;0.345;0.557;0.65;0.644;0.745;0.596;0.767;0.752;0.818;0.611;0.36;0.884;0.37;0.631;0.63;0.644;0.575;0.561;0.584;0.635;0.629;0.868;0.478;0.728;0.569;0.696;0.651;0.512;0.58;0.439;0.42;0.373;0.403;1.343;1.223;1.445;0.721;0.727;0.498;0.82;0.51;0.507;0.486;0.741;1.115;0.982;0.657;0.486;1.195;0.949;0.771;0.635;1.722;1.278;0.487;0.26;0.286;0.188;0.493;0.384;0.601;0.629;0.501;0.511;0.495;0.627;1.129;0.94;1.016;0.894;1.141;1.653;1.034;0.905;0.78;1.297;0.308;0.259;0.221;0.305;0.366;0.241;0.457;0.288;0.422;0.262;0.138;0.281;0.854;0.432;0.391;0.319;0.322;0.341;0.276;0.369;2.358;0.955;1.371;0.854;0.521;1.440;0.498;0.518;0.459;1.106;0.836;0.807;0.898;1.061;0.947;0.821;1.084;0.991;0.706;0.365;0.591;0.109;0.068;0.273;0.149;0.184;0.119;0.178;0.084;0.039;0.088;0.113;0.023;0.03;0.073;0.196;0.123;0.102;0.039;0.047;0.065;0.166;0.112;0.224;0.093;0.065;0.057;0.053;0.107;0.105;0.088;0.068;0.077;0.131;0.05;0.248;0.084;0.164;0.087;0.084;0.082;0.101;2.399;0.163;0.198;0.1;0.214;0.3;0.249;0.221;0.265;0.191;0.327;0.372;0.366;0.356;0.297;0.22;0.284;0.234;0.367;0.215;0.279;0.332;0.454;0.416;0.611;0.648;0.388;0.474;0.285;0.266;0.325;0.281;0.287;0.338;0.299;0.489;0.297;0.263;0.143;0.3;0.319;0.242;0.14;0.198;0.61;0.34;0.267;0.224;1.446
2025;MDA;Moldova, Republic of;1.240;2.170;0.867;0.745;1.134;2.063;2.480;3.276;0.53;1.042;0.421;0.579;0.408;1.462;2.358;2.355;1.950;0.891;1.550;0.417;0.67;6.267;1.690;2.362;0.682;0.714;1.021;0.771;0.644;0.961;0.821;0.686;1.098;0.865;0.568;1.036;0.558;0.52;0.441;0.479;1.358;1.698;22.549;3.905;1.817;1.634;7.088;0.975;0.75;1.839;1.596;2.638;5.290;1.776;1.429;1.526;0.935;1.069;1.357;1.155;1.098;1.323;1.544;1.216;1.121;0.941;0.873;1.081;1.231;0.762;0.949;1.143;1.009;1.549;0.668;0.908;1.230;1.370;0.908;1.031;0.791;0.649;0.829;1.016;0.607;0.735;0.784;0.768;0.813;0.982;1.042;0.801;1.423;1.103;0.971;1.015;0.713;0.894;0.958;0.736;0.642;0.747;1.037;0.944;0.628;0.819;0.767;1.133;0.577;0.768;0.673;0.631;0.755;0.597;1.584;0.801;0.949;0.765;0.565;0.651;0.62;0.61;0.529;0.612;0.699;0.65;0.455;0.813;1.207;0.912;0.832;1.017;0.987;1.065;1.133;0.845;0.736;0.854;0.611;1.236;1.058;0.721;0.994;1.490;0.566;0.62;0.62;0.595;0.633;0.603;0.556;0.675;0.886;0.891;1.026;0.658;1.828;1.011;1.053;0.732;0.694;0.89;0.778;0.8;0.981;0.674;0.479;0.943;1.111;0.773;0.66;0.814;0.714;0.789;1.028;1.003;0.736;0.845;0.854;0.683;0.735;0.587;0.682;0.584;0.781;0.713;0.984;0.87;0.829;0.774;0.7;1.261;1.514;0.404;0.666;0.749;0.781;0.902;0.645;0.839;0.839;0.988;0.727;0.436;1.251;0.484;0.688;0.74;0.745;0.623;0.669;0.718;0.725;0.741;1.016;0.562;0.713;0.712;0.969;0.818;0.618;0.728;0.513;0.503;0.428;0.47;1.515;1.546;1.808;0.995;1.022;0.753;1.080;0.841;0.739;0.659;1.238;1.756;1.412;0.891;0.643;1.696;1.350;1.111;0.924;2.974;1.556;0.977;0.56;0.5;0.37;1.376;0.841;0.704;0.921;0.72;0.647;0.811;0.818;1.343;0.957;1.137;1.123;1.913;1.263;0.878;0.869;0.825;1.312;0.246;0.213;0.178;0.255;0.3;0.204;0.371;0.252;0.31;0.207;0.163;0.257;0.665;0.323;0.321;0.326;0.288;0.274;0.215;0.302;2.193;1.232;1.373;1.260;0.561;1.916;0.594;0.784;0.484;0.608;0.447;0.415;0.465;0.544;0.413;0.473;0.422;0.481;0.288;0.243;0.318;0.464;0.341;0.965;0.167;0.165;0.142;0.166;0.127;0.087;0.108;0.266;0.094;0.187;0.404;0.751;0.447;0.32;0.163;0.197;0.341;0.589;0.459;0.193;0.463;0.27;0.244;0.287;0.379;0.442;0.402;0.205;0.344;0.407;0.202;0.61;0.306;0.401;0.317;0.267;0.278;0.32;4.167;0.22;0.238;0.125;0.28;0.399;0.436;0.276;0.373;0.341;0.461;0.421;0.478;0.456;0.375;0.177;0.363;0.276;0.356;0.224;0.358;0.404;0.433;0.489;0.551;0.423;0.36;0.381;0.265;0.245;0.589;0.745;0.256;0.259;0.287;0.361;0.355;0.376;0.283;0.392;0.342;0.199;0.174;0.283;0.51;0.294;0.242;0.213;0.964
2025;MDV;Maldives;0.657;0.977;0.473;0.473;0.536;1.022;1.096;1.458;0.274;0.539;0.258;0.341;0.286;0.772;1.166;1.274;1.093;0.642;0.975;0.401;0.593;1.716;0.821;1.546;0.675;0.729;0.857;0.706;0.617;0.951;0.769;0.69;0.937;0.796;0.538;0.972;0.573;0.445;0.453;0.466;1.051;1.352;10.109;2.800;1.377;1.313;3.449;0.974;0.752;1.427;1.303;1.903;2.690;1.196;1.364;1.308;0.946;0.994;1.203;1.188;0.834;1.119;1.195;0.998;0.894;0.802;0.82;0.839;1.189;0.712;0.813;1.035;0.901;1.217;0.73;0.855;1.120;1.020;0.874;0.864;0.729;0.691;0.752;0.874;0.663;0.738;0.839;0.891;0.735;0.873;0.841;0.763;1.218;1.009;0.87;0.925;0.724;0.877;0.858;0.786;0.658;0.762;0.883;0.867;0.665;0.792;0.765;0.974;0.689;0.874;0.767;0.72;0.864;0.679;1.608;0.918;1.020;0.866;0.647;0.71;0.668;0.666;0.617;0.678;0.783;0.715;0.547;0.88;1.280;0.917;0.781;0.91;0.915;0.921;0.956;0.756;0.777;0.835;0.666;1.212;0.992;0.763;0.877;1.420;0.629;0.694;0.694;0.669;0.661;0.595;0.632;0.679;0.916;0.934;1.010;0.682;1.379;0.926;0.997;0.712;0.71;0.888;0.817;0.828;0.92;0.675;0.535;0.913;1.029;0.735;0.636;0.658;0.65;0.695;0.839;0.798;0.663;0.62;0.812;0.707;0.77;0.604;0.685;0.593;0.718;0.663;0.975;0.785;0.699;0.629;0.482;0.704;0.843;0.324;0.448;0.586;0.713;0.644;0.604;0.555;0.589;0.646;0.672;0.361;0.965;0.391;0.557;0.649;0.614;0.531;0.683;0.626;0.585;0.76;0.801;0.613;0.649;0.612;0.817;0.766;0.583;0.707;0.559;0.492;0.487;0.518;1.092;1.155;1.153;0.919;0.951;0.762;0.92;0.792;0.716;0.636;0.668;1.110;0.932;0.591;0.592;1.271;0.954;0.954;0.759;1.784;1.119;0.802;0.618;0.571;0.393;0.872;0.886;0.683;0.877;0.748;0.71;0.744;0.846;0.987;0.713;0.953;0.794;1.380;1.120;0.734;0.735;0.748;1.049;0.2;0.208;0.164;0.22;0.239;0.198;0.297;0.231;0.254;0.193;0.203;0.181;0.437;0.299;0.274;0.313;0.225;0.261;0.212;0.275;1.187;0.646;0.774;0.667;0.41;0.999;0.396;0.463;0.387;0.553;0.462;0.418;0.473;0.519;0.425;0.505;0.407;0.443;0.289;0.254;0.281;0.449;0.344;0.745;0.181;0.169;0.152;0.186;0.141;0.103;0.124;0.17;0.109;0.19;0.273;0.463;0.329;0.283;0.174;0.208;0.342;0.455;0.438;0.203;0.442;0.288;0.26;0.287;0.362;0.454;0.462;0.219;0.361;0.368;0.23;0.437;0.335;0.381;0.325;0.285;0.263;0.305;2.261;0.19;0.207;0.13;0.297;0.407;0.438;0.294;0.415;0.36;0.468;0.383;0.452;0.427;0.354;0.162;0.359;0.313;0.387;0.272;0.404;0.411;0.438;0.398;0.522;0.387;0.321;0.342;0.257;0.232;0.576;0.649;0.273;0.261;0.285;0.327;0.309;0.283;0.293;0.358;0.278;0.199;0.169;0.249;0.467;0.266;0.231;0.205;0.533
2025;MEX;Mexico;0.679;0.946;0.52;0.626;0.637;1.091;1.267;2.132;0.317;0.691;0.326;0.608;0.37;1.362;2.364;1.402;1.134;0.604;1.001;0.303;0.649;6.801;0.641;2.205;0.267;0.306;0.396;0.317;0.254;0.4;0.333;0.282;0.442;0.345;0.242;0.404;0.44;0.46;0.351;0.456;1.150;1.480;12.607;2.165;1.205;1.093;3.243;0.821;0.524;1.542;1.611;1.662;2.848;1.196;0.976;1.013;0.615;0.843;0.911;0.889;0.764;1.026;1.177;0.956;0.893;0.729;0.647;0.847;1.048;0.602;0.8;0.964;0.853;1.187;0.542;0.719;0.933;0.894;0.746;0.832;0.551;0.425;0.524;0.665;0.389;0.48;0.554;0.547;0.531;0.679;0.601;0.535;0.969;0.718;0.635;0.724;0.497;0.572;0.612;0.524;0.416;0.485;0.701;0.545;0.38;0.551;0.506;0.711;0.387;0.429;0.508;0.442;0.545;0.392;1.304;0.579;0.741;0.538;0.415;0.487;0.526;0.434;0.365;0.403;0.446;0.387;0.44;0.423;0.965;0.712;0.565;0.565;0.762;0.559;0.594;0.676;0.558;0.669;0.435;0.958;0.955;0.582;0.832;1.456;0.45;0.512;0.466;0.453;0.492;0.426;0.498;0.544;0.699;0.676;0.771;0.532;1.199;0.777;0.728;0.419;0.439;0.598;0.546;0.527;0.725;0.528;0.386;0.696;0.821;0.628;0.633;0.577;0.651;0.641;0.857;0.767;0.651;0.494;0.717;0.565;0.617;0.585;0.503;0.436;0.598;0.6;0.959;0.711;0.807;0.487;0.497;0.99;1.095;0.264;0.523;0.559;0.527;0.66;0.41;0.582;0.57;0.731;0.514;0.366;0.969;0.44;0.441;0.513;0.502;0.329;0.525;0.478;0.489;0.456;0.658;0.418;0.546;0.501;0.966;0.72;0.463;0.591;0.403;0.35;0.332;0.434;1.416;1.421;1.535;0.859;0.86;0.636;0.954;0.705;0.634;0.53;1.226;2.619;1.869;1.111;0.848;1.663;1.266;0.907;0.934;2.003;1.235;1.240;0.551;0.371;0.416;1.251;0.838;0.499;0.698;0.577;0.439;0.734;0.644;0.955;0.726;0.789;0.65;0.93;1.270;0.682;0.62;0.659;0.871;0.134;0.114;0.112;0.147;0.167;0.146;0.217;0.149;0.193;0.151;0.145;0.158;0.493;0.217;0.213;0.206;0.247;0.174;0.117;0.191;1.060;0.84;1.680;0.72;0.532;1.035;0.351;0.767;0.286;0.539;0.346;0.32;0.42;0.309;0.372;0.324;0.388;0.36;0.189;0.165;0.182;0.363;0.278;0.423;0.114;0.114;0.096;0.113;0.081;0.048;0.057;0.137;0.024;0.035;0.084;0.452;0.257;0.26;0.088;0.121;0.162;0.315;0.256;0.129;0.333;0.156;0.143;0.168;0.267;0.363;0.241;0.148;0.229;0.285;0.061;0.274;0.147;0.224;0.149;0.114;0.105;0.14;2.355;0.099;0.153;0.069;0.192;0.241;0.304;0.224;0.275;0.235;0.342;0.343;0.347;0.312;0.266;0.178;0.294;0.112;0.173;0.101;0.141;0.232;0.298;0.21;0.354;0.36;0.25;0.317;0.19;0.142;0.377;0.464;0.175;0.217;0.135;0.375;0.24;0.246;0.201;0.39;0.143;0.179;0.104;0.247;0.559;0.311;0.242;0.208;0.857
2025;MKD;Macedonia, the former Yugoslav Republic of;1.042;1.761;0.731;0.651;0.919;1.716;2.002;2.630;0.432;0.863;0.36;0.485;0.362;1.212;1.933;1.955;1.631;0.789;1.317;0.412;0.628;3.682;1.349;2.035;0.678;0.723;0.934;0.736;0.633;0.939;0.791;0.686;1.002;0.82;0.547;1.002;0.56;0.482;0.443;0.469;1.230;1.538;18.213;3.262;1.557;1.442;5.801;0.97;0.756;1.633;1.444;2.215;4.339;1.465;1.385;1.368;0.927;1.015;1.237;1.155;0.93;1.194;1.314;1.072;0.97;0.848;0.828;0.924;1.190;0.722;0.853;1.059;0.927;1.345;0.694;0.859;1.143;1.143;0.876;0.922;0.739;0.659;0.77;0.914;0.626;0.723;0.798;0.831;0.785;0.899;0.968;0.766;1.278;1.024;0.895;0.941;0.705;0.867;0.88;0.75;0.639;0.741;0.928;0.882;0.637;0.789;0.751;1.018;0.635;0.814;0.719;0.676;0.812;0.634;1.569;0.852;0.968;0.809;0.602;0.673;0.635;0.631;0.573;0.639;0.734;0.675;0.503;0.839;1.232;0.896;0.788;0.938;0.952;0.968;1.013;0.78;0.743;0.822;0.631;1.184;0.991;0.731;0.906;1.422;0.59;0.651;0.65;0.627;0.637;0.59;0.59;0.666;0.882;0.894;0.992;0.659;1.533;0.94;0.999;0.706;0.69;0.869;0.785;0.806;0.926;0.663;0.502;0.907;1.042;0.736;0.648;0.753;0.686;0.739;0.929;0.884;0.696;0.765;0.823;0.691;0.743;0.586;0.674;0.577;0.746;0.684;0.982;0.821;0.749;0.673;0.561;0.921;1.155;0.353;0.536;0.641;0.739;0.738;0.62;0.658;0.682;0.774;0.678;0.385;1.071;0.428;0.596;0.666;0.658;0.56;0.664;0.652;0.631;0.734;0.87;0.584;0.682;0.638;0.856;0.778;0.594;0.703;0.53;0.49;0.455;0.489;1.364;1.407;1.569;0.962;0.991;0.753;1.020;0.82;0.733;0.644;0.98;1.512;1.209;0.763;0.617;1.471;1.154;1.010;0.851;2.577;1.397;0.908;0.586;0.536;0.379;1.188;0.876;0.684;0.895;0.736;0.674;0.766;0.829;1.180;0.829;1.050;0.98;1.731;1.158;0.797;0.824;0.79;1.173;0.225;0.209;0.172;0.239;0.271;0.199;0.337;0.241;0.282;0.197;0.185;0.221;0.564;0.303;0.292;0.312;0.248;0.263;0.21;0.284;1.835;1.012;1.170;1.044;0.482;1.588;0.518;0.66;0.442;0.582;0.452;0.416;0.466;0.535;0.417;0.49;0.419;0.47;0.286;0.249;0.306;0.452;0.339;0.874;0.174;0.169;0.147;0.177;0.134;0.096;0.116;0.234;0.101;0.189;0.352;0.644;0.401;0.301;0.168;0.201;0.345;0.549;0.462;0.196;0.448;0.28;0.251;0.282;0.372;0.44;0.432;0.208;0.35;0.386;0.217;0.549;0.322;0.39;0.322;0.276;0.269;0.317;3.466;0.204;0.219;0.126;0.286;0.396;0.433;0.283;0.395;0.352;0.466;0.399;0.452;0.431;0.356;0.163;0.355;0.293;0.367;0.249;0.378;0.397;0.423;0.459;0.523;0.396;0.334;0.356;0.254;0.236;0.581;0.712;0.261;0.255;0.281;0.341;0.339;0.333;0.283;0.372;0.3;0.197;0.169;0.267;0.472;0.279;0.236;0.203;0.81
2025;MLI;Mali;0.437;0.686;0.314;0.301;0.382;0.685;0.78;1.054;0.199;0.371;0.171;0.236;0.183;0.527;0.807;0.87;0.739;0.409;0.653;0.232;0.366;2.069;0.612;0.999;0.393;0.417;0.549;0.431;0.362;0.574;0.465;0.402;0.607;0.494;0.328;0.585;0.328;0.275;0.261;0.274;0.653;0.843;7.145;2.013;0.956;0.878;2.392;0.558;0.421;0.922;0.815;1.361;1.877;0.874;0.797;0.845;0.553;0.611;0.766;0.681;0.594;0.725;0.847;0.672;0.623;0.526;0.508;0.592;0.714;0.44;0.539;0.655;0.576;0.828;0.41;0.53;0.705;0.745;0.529;0.571;0.465;0.401;0.482;0.579;0.378;0.438;0.476;0.476;0.434;0.56;0.51;0.468;0.796;0.636;0.558;0.585;0.429;0.529;0.549;0.451;0.387;0.45;0.592;0.548;0.382;0.481;0.456;0.645;0.361;0.473;0.414;0.388;0.46;0.373;0.925;0.503;0.58;0.479;0.352;0.401;0.382;0.376;0.331;0.377;0.433;0.399;0.285;0.488;0.728;0.551;0.484;0.585;0.547;0.595;0.634;0.485;0.454;0.514;0.379;0.739;0.632;0.439;0.573;0.867;0.352;0.39;0.391;0.375;0.386;0.356;0.351;0.407;0.54;0.547;0.614;0.401;0.999;0.591;0.617;0.435;0.418;0.531;0.471;0.476;0.58;0.402;0.3;0.557;0.651;0.459;0.372;0.405;0.387;0.431;0.541;0.536;0.406;0.387;0.486;0.403;0.444;0.349;0.4;0.356;0.434;0.4;0.562;0.483;0.455;0.439;0.376;0.626;0.696;0.226;0.345;0.415;0.437;0.482;0.364;0.447;0.448;0.518;0.426;0.245;0.678;0.263;0.387;0.433;0.415;0.347;0.404;0.409;0.401;0.446;0.564;0.34;0.392;0.404;0.539;0.464;0.352;0.428;0.317;0.294;0.268;0.292;0.676;0.703;0.74;0.542;0.56;0.439;0.55;0.461;0.41;0.377;0.517;0.737;0.637;0.402;0.357;0.845;0.66;0.615;0.474;1.134;0.697;0.489;0.343;0.309;0.223;0.572;0.483;0.412;0.521;0.422;0.397;0.466;0.482;0.647;0.481;0.59;0.521;0.849;0.71;0.469;0.434;0.447;0.685;0.124;0.12;0.096;0.133;0.151;0.116;0.185;0.138;0.161;0.118;0.103;0.123;0.295;0.183;0.171;0.187;0.152;0.155;0.124;0.167;0.806;0.458;0.506;0.462;0.288;0.682;0.258;0.317;0.241;0.327;0.264;0.238;0.272;0.299;0.24;0.281;0.231;0.256;0.165;0.142;0.162;0.262;0.2;0.454;0.099;0.094;0.083;0.1;0.077;0.054;0.066;0.107;0.059;0.108;0.177;0.305;0.208;0.17;0.097;0.117;0.191;0.268;0.242;0.115;0.26;0.16;0.145;0.167;0.208;0.26;0.244;0.127;0.202;0.22;0.124;0.272;0.182;0.225;0.184;0.159;0.158;0.175;1.528;0.118;0.129;0.075;0.166;0.233;0.251;0.164;0.224;0.2;0.263;0.229;0.274;0.258;0.217;0.102;0.215;0.169;0.216;0.142;0.219;0.24;0.258;0.236;0.314;0.24;0.204;0.215;0.157;0.14;0.335;0.383;0.156;0.152;0.17;0.199;0.182;0.187;0.171;0.215;0.19;0.117;0.101;0.152;0.285;0.162;0.136;0.126;0.357
2025;MLT;Malta;0.413;0.497;0.383;0.502;0.456;0.583;0.646;0.951;0.277;0.468;0.348;1.286;0.388;0.966;1.023;1.152;1.031;0.5;0.826;1.583;0.374;3.024;1.164;1.093;0.381;0.39;0.543;0.454;0.388;0.514;0.467;0.372;0.499;0.424;0.36;0.571;0.498;0.388;0.423;0.415;0.549;0.609;0.9;0.792;0.647;0.536;0.773;0.508;0.465;1.185;0.602;0.737;0.21;1.219;0.166;0.361;0.206;0.336;0.181;0.212;0.11;0.228;0.913;1.006;0.749;0.634;0.826;0.643;0.78;0.67;0.749;0.913;0.719;0.858;0.799;0.684;0.758;0.994;0.826;0.7;0.736;0.54;0.687;0.954;0.664;0.628;0.685;0.827;0.595;0.915;0.681;0.871;1.202;0.897;0.821;0.939;0.663;0.725;0.81;0.701;0.609;0.725;0.84;0.88;0.616;0.643;0.732;1.107;0.625;0.902;0.725;0.922;0.855;0.801;1.475;0.905;0.869;1.384;0.98;0.769;0.956;0.94;0.948;0.857;0.867;0.874;0.536;1.118;1.979;1.012;1.070;1.099;1.043;1.118;1.109;0.85;0.772;0.78;0.852;1.236;1.253;0.967;0.784;2.658;0.521;0.709;0.638;0.724;0.635;0.639;0.679;0.617;0.662;0.746;0.829;0.698;1.120;0.796;0.76;0.367;0.316;0.566;0.469;0.587;0.489;0.447;0.343;0.738;1.036;0.5;0.531;0.473;0.512;0.526;0.574;0.498;0.506;0.458;0.547;0.629;0.598;0.536;0.478;0.451;0.522;0.628;0.661;0.561;0.541;0.572;0.587;0.831;0.766;0.347;0.642;0.545;0.541;0.624;0.529;0.537;0.45;0.543;0.536;0.424;0.506;0.471;0.511;0.631;0.626;0.593;0.511;0.573;0.608;0.52;0.693;0.613;0.591;0.55;1.144;0.984;0.748;1.029;0.635;0.647;0.47;0.587;1.493;1.100;1.345;0.712;0.716;0.589;0.787;0.702;0.549;0.81;0.204;0.216;0.231;0.146;0.603;1.128;0.759;0.75;0.678;1.240;0.865;0.682;0.627;0.661;0.582;0.706;0.725;0.684;0.732;0.54;0.594;0.898;0.64;0.502;0.426;0.503;0.378;0.625;0.629;0.464;0.633;0.483;0.622;0.441;0.673;0.561;0.585;0.63;0.718;0.64;0.848;0.684;0.751;0.2;0.475;0.903;0.85;0.658;0.92;0.533;0.679;0.633;0.683;1.443;0.708;5.148;0.597;0.672;0.832;0.463;0.726;0.571;0.504;0.63;0.482;0.398;0.587;0.303;0.649;0.498;0.343;0.286;0.351;0.34;0.552;0.38;0.742;0.747;0.645;0.72;0.615;0.774;0.653;1.451;0.974;0.219;0.236;0.276;0.543;0.547;0.362;0.36;0.422;0.475;0.461;0.377;0.803;0.408;0.485;0.417;0.351;0.494;0.538;0.53;0.36;0.411;1.203;0.61;0.739;0.828;0.519;0.677;0.783;0.649;0.62;1.225;0.115;0.169;0.1;0.336;0.362;0.379;0.311;0.409;0.319;0.45;0.401;0.404;0.402;0.288;0.127;0.409;0.322;0.261;0.292;0.339;0.3;0.291;0.291;0.36;0.453;0.452;0.525;0.414;0.78;0.508;0.45;0.328;0.351;0.334;0.385;0.305;0.273;0.253;0.345;0.309;0.228;0.248;0.733;0.318;0.287;0.23;0.289;0.317
2025;MMR;Myanmar;0.417;0.519;0.313;0.387;0.371;0.587;0.783;1.311;0.289;0.506;0.276;0.111;0.399;0.992;1.329;4.341;3.202;1.583;2.574;0.843;1.514;11.030;1.939;1.909;1.272;1.144;1.966;1.276;1.192;1.312;1.317;1.230;2.006;1.460;0.902;1.945;0.654;1.013;0.628;0.847;1.156;1.284;11.950;2.452;1.661;1.487;2.790;0.882;0.755;1.769;1.195;1.863;4.397;1.825;1.824;2.772;1.194;2.123;1.820;1.575;1.825;2.032;1.750;1.468;1.394;1.143;1.050;1.393;1.470;0.859;1.462;1.250;1.191;1.559;0.816;0.992;1.320;1.547;0.886;1.285;1.208;0.764;1.120;1.479;0.837;0.99;0.797;0.726;0.98;1.167;1.015;0.833;1.669;1.382;1.471;1.241;0.995;1.137;1.215;0.905;0.831;0.941;1.449;1.044;0.822;1.038;0.869;1.454;0.618;0.789;0.828;0.779;0.8;0.779;1.635;0.931;1.131;0.8;0.642;0.793;0.864;0.74;0.563;0.653;0.926;0.705;0.524;0.704;1.289;1.024;0.934;1.165;1.067;1.086;1.202;0.965;0.99;1.088;0.915;1.499;1.524;0.801;1.240;1.504;0.671;0.674;0.675;0.697;0.79;0.823;0.666;0.824;1.170;0.996;1.305;0.7;2.493;1.433;1.471;0.687;0.556;0.934;0.834;0.843;1.102;0.903;0.552;1.381;1.516;1.196;0.669;0.527;0.663;0.726;0.837;0.976;0.736;0.504;0.691;0.621;0.992;0.604;0.691;0.881;0.543;0.493;0.771;0.851;0.551;0.545;0.522;0.553;0.742;0.347;0.403;0.533;0.542;0.483;0.311;0.678;0.66;0.682;0.524;0.27;0.741;0.137;0.522;0.504;0.503;0.576;0.471;0.495;0.497;0.488;0.69;0.363;0.632;0.526;0.484;0.509;0.372;0.477;0.463;0.374;0.411;0.465;0.987;1.007;1.102;0.795;0.821;0.726;0.812;0.654;0.61;0.722;0.974;3.226;2.120;1.161;0.566;2.125;2.146;1.376;0.723;1.444;1.069;0.827;0.485;0.384;0.375;1.048;0.526;0.822;0.936;0.687;0.632;0.987;0.816;0.903;0.731;0.851;0.65;0.81;1.086;0.843;0.401;0.47;0.688;0.431;0.403;0.334;0.443;0.484;0.4;0.577;0.435;0.468;0.336;0.04;0.272;0.637;0.514;0.542;0.616;0.282;0.515;0.413;0.541;1.048;1.264;1.781;1.143;0.778;1.774;0.585;0.607;0.702;0.664;0.584;0.502;0.552;0.669;0.534;0.562;0.528;0.607;0.576;0.501;0.608;0.632;0.464;1.201;0.365;0.369;0.34;0.391;0.26;0.181;0.222;0.539;0.26;0.47;0.669;0.902;0.673;0.47;0.336;0.359;0.455;0.892;0.617;0.411;0.614;0.385;0.373;0.389;0.537;0.626;0.509;0.305;0.506;0.593;0.257;0.661;0.329;0.631;0.357;0.35;0.386;0.39;4.515;0.3;0.343;0.306;0.407;0.451;0.454;0.367;0.49;0.458;0.572;0.498;0.405;0.445;0.372;0.419;0.388;0.395;0.441;0.315;0.463;0.532;0.358;0.466;0.449;0.361;0.288;0.333;0.335;0.5;0.618;0.56;0.458;0.493;0.47;0.524;0.6;0.411;0.446;0.345;0.384;0.398;0.315;0.394;0.704;0.464;0.317;0.296;1.529
2025;MNG;Mongolia;2.481;4.558;1.715;1.389;2.309;4.251;5.227;6.807;1.022;2.071;0.774;1.063;0.707;2.895;4.798;4.620;3.769;1.527;2.809;0.596;0.967;16.463;3.296;4.338;0.936;0.969;1.480;1.084;0.91;1.246;1.142;0.927;1.540;1.183;0.772;1.450;0.766;0.795;0.604;0.673;2.251;2.757;47.446;5.655;2.623;2.329;14.499;1.373;1.075;2.899;2.545;3.868;10.536;2.765;2.112;2.240;1.292;1.504;1.936;1.604;1.554;1.914;2.155;1.709;1.542;1.302;1.174;1.506;1.676;1.040;1.306;1.579;1.393;2.269;0.869;1.224;1.696;1.909;1.235;1.451;1.047;0.833;1.108;1.377;0.779;0.976;1.049;0.98;1.229;1.352;1.690;1.087;2.006;1.512;1.316;1.394;0.935;1.198;1.315;0.957;0.843;0.98;1.397;1.267;0.818;1.092;1.022;1.539;0.747;1.016;0.883;0.819;0.996;0.759;2.239;1.024;1.252;0.969;0.731;0.841;0.797;0.781;0.671;0.793;0.9;0.851;0.581;1.086;1.595;1.187;1.131;1.377;1.401;1.508;1.577;1.147;0.941;1.112;0.777;1.684;1.396;0.949;1.340;2.033;0.731;0.788;0.781;0.75;0.822;0.806;0.7;0.881;1.159;1.158;1.353;0.853;2.544;1.349;1.408;0.963;0.909;1.181;1.025;1.057;1.283;0.89;0.607;1.243;1.471;1.010;0.951;1.315;1.070;1.153;1.540;1.465;1.067;1.451;1.205;0.932;0.975;0.804;0.948;0.769;1.124;1.013;1.364;1.245;1.189;1.050;0.977;1.884;2.464;0.565;0.976;1.055;1.112;1.296;0.913;1.180;1.194;1.410;0.986;0.611;1.733;0.691;0.953;0.998;1.034;0.866;0.869;0.974;1.013;0.999;1.417;0.735;1.037;0.984;1.397;1.163;0.881;1.004;0.665;0.692;0.547;0.601;2.637;2.672;3.345;1.441;1.480;1.011;1.691;1.222;1.076;0.92;2.186;3.172;2.409;1.510;0.914;2.725;2.134;1.581;1.424;5.728;2.706;1.541;0.717;0.637;0.487;2.489;1.167;0.942;1.285;0.978;0.834;1.108;1.097;2.191;1.498;1.743;1.890;3.344;1.788;1.307;1.387;1.227;1.962;0.392;0.305;0.267;0.397;0.475;0.293;0.598;0.37;0.478;0.294;0.2;0.421;1.171;0.471;0.494;0.469;0.435;0.398;0.3;0.445;4.287;2.386;2.685;2.464;0.853;3.815;1.046;1.451;0.775;0.913;0.606;0.581;0.643;0.794;0.58;0.634;0.625;0.728;0.409;0.335;0.502;0.672;0.465;1.658;0.225;0.235;0.191;0.222;0.164;0.111;0.139;0.496;0.117;0.256;0.718;1.391;0.753;0.491;0.22;0.268;0.494;1.014;0.701;0.254;0.672;0.366;0.329;0.395;0.563;0.619;0.537;0.265;0.478;0.616;0.258;1.060;0.411;0.573;0.436;0.357;0.385;0.472;8.229;0.326;0.352;0.167;0.38;0.557;0.615;0.375;0.501;0.468;0.655;0.636;0.687;0.662;0.522;0.247;0.495;0.361;0.475;0.281;0.474;0.556;0.591;0.807;0.793;0.605;0.507;0.542;0.356;0.345;0.839;1.168;0.334;0.357;0.374;0.531;0.556;0.596;0.375;0.582;0.464;0.271;0.235;0.418;0.763;0.428;0.347;0.281;1.884
2025;MUS;Mauritius;0.572;0.896;0.411;0.395;0.491;0.902;1.014;1.360;0.249;0.479;0.22;0.297;0.235;0.687;1.054;1.132;0.962;0.532;0.843;0.305;0.471;3.006;0.769;1.322;0.51;0.545;0.692;0.551;0.47;0.732;0.595;0.52;0.759;0.626;0.418;0.749;0.434;0.357;0.343;0.358;0.857;1.106;9.357;2.480;1.188;1.101;3.124;0.742;0.565;1.188;1.071;1.673;2.427;1.071;1.063;1.091;0.724;0.784;0.987;0.905;0.728;0.922;1.036;0.84;0.763;0.661;0.648;0.724;0.927;0.563;0.67;0.836;0.732;1.038;0.54;0.678;0.902;0.902;0.681;0.717;0.582;0.519;0.604;0.72;0.494;0.568;0.633;0.64;0.567;0.711;0.667;0.6;1.011;0.814;0.705;0.747;0.555;0.683;0.697;0.589;0.501;0.583;0.732;0.695;0.5;0.619;0.591;0.805;0.492;0.642;0.558;0.522;0.624;0.495;1.238;0.67;0.767;0.633;0.472;0.527;0.499;0.494;0.445;0.5;0.576;0.531;0.389;0.656;0.958;0.705;0.618;0.736;0.709;0.754;0.794;0.609;0.585;0.652;0.495;0.956;0.793;0.576;0.717;1.118;0.464;0.509;0.509;0.488;0.499;0.459;0.46;0.519;0.7;0.708;0.787;0.516;1.215;0.743;0.789;0.555;0.542;0.688;0.618;0.625;0.729;0.52;0.393;0.713;0.821;0.578;0.487;0.524;0.505;0.553;0.687;0.669;0.522;0.5;0.634;0.532;0.58;0.46;0.525;0.454;0.563;0.517;0.738;0.62;0.574;0.533;0.443;0.727;0.83;0.273;0.411;0.505;0.563;0.581;0.471;0.522;0.535;0.611;0.539;0.303;0.833;0.326;0.475;0.534;0.515;0.439;0.522;0.512;0.498;0.584;0.691;0.454;0.506;0.508;0.691;0.606;0.455;0.552;0.414;0.382;0.355;0.383;0.887;0.931;0.972;0.712;0.734;0.578;0.722;0.609;0.544;0.49;0.63;0.939;0.795;0.505;0.46;1.086;0.82;0.781;0.608;1.497;0.911;0.636;0.454;0.413;0.293;0.738;0.648;0.528;0.676;0.555;0.523;0.586;0.634;0.828;0.608;0.764;0.669;1.112;0.913;0.6;0.573;0.583;0.867;0.161;0.16;0.127;0.174;0.196;0.153;0.242;0.18;0.206;0.151;0.142;0.156;0.381;0.241;0.224;0.248;0.194;0.205;0.164;0.219;1.039;0.579;0.662;0.591;0.35;0.888;0.331;0.403;0.312;0.432;0.348;0.315;0.359;0.397;0.32;0.373;0.309;0.338;0.221;0.189;0.217;0.348;0.262;0.609;0.133;0.126;0.112;0.135;0.103;0.073;0.09;0.14;0.078;0.142;0.23;0.395;0.268;0.225;0.13;0.157;0.257;0.356;0.326;0.152;0.344;0.214;0.194;0.221;0.277;0.349;0.336;0.164;0.273;0.291;0.167;0.354;0.244;0.294;0.244;0.211;0.204;0.231;2.007;0.153;0.168;0.098;0.222;0.312;0.335;0.22;0.304;0.266;0.352;0.303;0.361;0.34;0.28;0.132;0.277;0.229;0.29;0.193;0.297;0.319;0.341;0.313;0.415;0.31;0.257;0.273;0.201;0.181;0.441;0.503;0.205;0.201;0.219;0.259;0.24;0.235;0.223;0.282;0.234;0.152;0.131;0.196;0.381;0.21;0.178;0.161;0.465
2025;MWI;Malawi;0.363;0.524;0.264;0.27;0.3;0.551;0.587;0.802;0.162;0.304;0.151;0.204;0.17;0.434;0.642;0.721;0.623;0.381;0.576;0.242;0.368;0.893;0.487;0.887;0.411;0.442;0.542;0.438;0.375;0.597;0.476;0.421;0.6;0.501;0.336;0.6;0.344;0.269;0.272;0.282;0.624;0.807;5.410;1.904;0.914;0.856;1.893;0.583;0.446;0.881;0.781;1.279;1.519;0.792;0.808;0.811;0.567;0.611;0.75;0.708;0.56;0.706;0.801;0.649;0.597;0.518;0.516;0.562;0.733;0.445;0.525;0.652;0.57;0.787;0.438;0.536;0.704;0.697;0.541;0.556;0.466;0.422;0.482;0.568;0.401;0.454;0.501;0.528;0.439;0.555;0.5;0.474;0.777;0.635;0.556;0.583;0.446;0.543;0.544;0.476;0.404;0.469;0.579;0.551;0.404;0.494;0.471;0.633;0.401;0.513;0.452;0.426;0.507;0.406;0.954;0.545;0.612;0.519;0.383;0.428;0.406;0.403;0.366;0.406;0.468;0.428;0.32;0.524;0.772;0.57;0.488;0.582;0.563;0.583;0.618;0.483;0.476;0.523;0.404;0.74;0.629;0.461;0.566;0.882;0.375;0.417;0.418;0.403;0.405;0.368;0.38;0.421;0.561;0.57;0.628;0.419;0.938;0.591;0.627;0.446;0.437;0.548;0.496;0.505;0.588;0.417;0.322;0.572;0.657;0.467;0.381;0.392;0.389;0.429;0.525;0.514;0.407;0.364;0.495;0.424;0.465;0.362;0.411;0.363;0.439;0.407;0.592;0.485;0.444;0.419;0.342;0.529;0.588;0.213;0.311;0.389;0.441;0.44;0.371;0.399;0.409;0.464;0.424;0.235;0.654;0.254;0.368;0.42;0.402;0.342;0.422;0.405;0.385;0.46;0.533;0.368;0.396;0.394;0.517;0.468;0.354;0.432;0.336;0.301;0.29;0.313;0.639;0.672;0.663;0.56;0.577;0.466;0.55;0.478;0.426;0.389;0.433;0.657;0.575;0.366;0.365;0.784;0.611;0.605;0.466;0.999;0.656;0.484;0.373;0.341;0.238;0.516;0.525;0.426;0.538;0.45;0.428;0.469;0.513;0.607;0.451;0.582;0.483;0.804;0.702;0.457;0.435;0.451;0.664;0.12;0.124;0.098;0.131;0.146;0.119;0.178;0.14;0.155;0.118;0.119;0.113;0.262;0.181;0.165;0.188;0.143;0.157;0.128;0.166;0.675;0.376;0.433;0.382;0.267;0.56;0.236;0.274;0.233;0.331;0.279;0.25;0.284;0.311;0.252;0.303;0.24;0.263;0.172;0.151;0.164;0.268;0.209;0.43;0.107;0.1;0.09;0.11;0.085;0.061;0.074;0.097;0.065;0.115;0.16;0.269;0.196;0.169;0.104;0.125;0.202;0.262;0.255;0.123;0.265;0.172;0.156;0.174;0.214;0.27;0.27;0.133;0.214;0.22;0.137;0.257;0.199;0.231;0.195;0.171;0.163;0.182;1.265;0.117;0.127;0.079;0.177;0.243;0.262;0.175;0.245;0.214;0.277;0.228;0.273;0.258;0.218;0.101;0.22;0.185;0.23;0.16;0.238;0.247;0.265;0.233;0.315;0.238;0.201;0.212;0.159;0.142;0.345;0.384;0.166;0.157;0.178;0.199;0.183;0.176;0.178;0.215;0.186;0.121;0.105;0.153;0.279;0.163;0.14;0.129;0.301
2025;MYS;Malaysia;0.394;0.405;0.328;0.42;0.329;0.494;0.541;0.774;0.238;0.382;0.243;0.761;0.304;0.643;1.168;1.456;1.230;0.705;1.101;0.319;0.483;10.490;1.153;2.195;0.879;0.905;1.221;1.012;0.829;1.369;1.063;0.972;1.399;1.161;0.763;1.327;0.874;0.766;0.694;0.639;0.983;1.342;13.791;4.113;2.073;1.724;2.270;0.879;0.695;1.322;1.143;3.132;4.107;2.032;1.868;2.273;1.349;1.333;1.974;1.670;1.068;1.398;2.081;1.608;1.438;1.276;1.119;1.489;1.640;0.969;1.188;1.555;1.409;2.020;0.907;1.189;1.710;1.595;1.222;1.378;1.060;1.017;1.017;1.274;0.843;1.082;1.189;0.815;0.897;1.257;1.147;1.057;1.797;1.532;1.274;1.225;0.932;1.170;1.327;1.026;0.877;0.962;1.227;1.264;0.777;0.994;1.083;1.313;0.762;1.030;0.991;0.876;1.058;0.91;2.181;1.043;1.190;1.093;0.734;1.021;0.919;0.893;0.731;0.83;0.915;0.91;0.632;0.799;1.529;1.217;1.110;1.391;1.061;1.415;1.397;0.962;1.157;1.110;0.83;1.972;1.534;0.965;1.258;1.769;0.859;0.948;0.988;0.862;0.809;0.663;0.847;0.803;1.251;1.293;1.412;1.097;1.956;1.289;1.237;0.751;0.818;0.873;0.955;0.843;1.052;0.869;0.741;1.082;1.373;0.877;0.921;1.142;0.98;1.066;1.377;1.393;1.034;1.084;1.215;0.976;1.001;0.871;1.070;1.019;1.193;0.863;0.956;1.149;1.008;0.901;0.653;1.157;1.122;0.521;0.628;0.962;0.985;1.099;0.844;0.748;0.781;0.891;1.080;0.632;0.892;0.799;0.888;1.218;0.821;0.924;0.816;0.812;0.835;1.227;1.273;0.767;0.877;0.968;0.834;1.011;0.862;1.099;0.763;0.828;0.663;0.677;1.152;1.246;1.243;0.804;0.959;0.664;1.057;0.921;0.81;0.72;0.464;0.854;0.624;0.465;0.523;1.973;0.926;1.305;0.734;2.503;1.591;0.832;0.662;0.729;0.545;0.549;0.663;0.783;0.946;0.708;0.816;0.761;0.879;1.838;1.370;1.543;1.386;2.098;1.850;1.415;0.742;0.916;0.983;0.484;0.46;0.337;0.495;0.556;0.443;0.741;0.478;0.535;0.392;0.185;0.411;1.061;0.806;0.705;0.793;0.557;0.628;0.505;0.653;1.892;1.227;0.658;1.210;0.71;1.965;0.761;0.986;0.816;0.655;0.481;0.422;0.506;0.6;0.416;0.467;0.435;0.52;0.645;0.524;0.578;0.736;0.451;1.554;0.228;0.217;0.221;0.257;0.208;0.117;0.166;0.19;0.254;0.459;0.731;0.67;0.461;0.395;0.203;0.305;0.566;0.759;0.653;0.318;0.529;0.348;0.332;0.362;0.476;0.554;0.42;0.291;0.48;0.557;0.404;0.772;0.453;0.6;0.59;0.488;0.434;0.536;3.062;0.431;0.526;0.285;0.575;0.952;0.886;0.483;0.612;0.602;0.779;0.838;1.226;1.199;0.94;0.371;0.742;0.491;0.674;0.386;0.633;0.909;0.828;0.658;1.078;0.79;0.652;0.648;0.581;0.519;0.899;0.943;0.421;0.384;0.427;0.495;0.426;0.558;0.613;0.724;0.34;0.458;0.517;0.437;1.425;0.545;0.494;0.523;0.897
2025;NAM;Namibia;0.589;0.946;0.421;0.395;0.517;0.936;1.075;1.443;0.26;0.496;0.222;0.305;0.234;0.709;1.097;1.164;0.984;0.526;0.851;0.289;0.455;3.185;0.81;1.320;0.484;0.513;0.676;0.53;0.447;0.698;0.571;0.493;0.742;0.604;0.401;0.718;0.408;0.346;0.323;0.34;0.837;1.078;9.883;2.487;1.181;1.084;3.260;0.698;0.529;1.167;1.042;1.679;2.522;1.088;1.009;1.063;0.686;0.755;0.957;0.852;0.728;0.9;1.035;0.827;0.759;0.646;0.623;0.722;0.884;0.541;0.658;0.808;0.71;1.027;0.504;0.652;0.871;0.908;0.651;0.703;0.564;0.489;0.586;0.706;0.463;0.539;0.592;0.587;0.543;0.691;0.647;0.575;0.987;0.786;0.684;0.722;0.526;0.651;0.677;0.554;0.474;0.552;0.719;0.671;0.47;0.591;0.561;0.789;0.449;0.592;0.514;0.48;0.573;0.458;1.165;0.62;0.718;0.588;0.436;0.493;0.468;0.462;0.408;0.465;0.534;0.494;0.354;0.609;0.898;0.671;0.594;0.715;0.678;0.735;0.779;0.592;0.553;0.626;0.463;0.916;0.768;0.541;0.699;1.070;0.433;0.475;0.476;0.456;0.472;0.437;0.427;0.494;0.662;0.669;0.752;0.489;1.219;0.721;0.758;0.531;0.512;0.654;0.581;0.587;0.704;0.493;0.367;0.682;0.793;0.557;0.463;0.511;0.483;0.534;0.673;0.661;0.503;0.493;0.605;0.499;0.547;0.434;0.497;0.434;0.539;0.495;0.696;0.597;0.562;0.53;0.454;0.768;0.87;0.272;0.421;0.505;0.541;0.589;0.451;0.539;0.544;0.63;0.522;0.299;0.828;0.322;0.472;0.525;0.507;0.428;0.494;0.5;0.492;0.552;0.689;0.422;0.486;0.497;0.675;0.58;0.436;0.528;0.389;0.363;0.329;0.357;0.873;0.91;0.973;0.677;0.699;0.544;0.695;0.578;0.514;0.467;0.659;0.95;0.805;0.509;0.44;1.074;0.824;0.761;0.592;1.509;0.897;0.617;0.422;0.38;0.275;0.743;0.601;0.504;0.644;0.52;0.487;0.567;0.595;0.82;0.604;0.741;0.665;1.095;0.884;0.585;0.551;0.558;0.852;0.157;0.151;0.121;0.168;0.191;0.145;0.236;0.173;0.201;0.145;0.128;0.156;0.383;0.231;0.217;0.236;0.191;0.195;0.155;0.21;1.070;0.602;0.675;0.612;0.353;0.918;0.332;0.412;0.304;0.412;0.327;0.297;0.338;0.376;0.3;0.348;0.292;0.322;0.207;0.177;0.207;0.33;0.247;0.592;0.123;0.118;0.104;0.124;0.096;0.067;0.082;0.14;0.072;0.133;0.229;0.399;0.264;0.216;0.121;0.147;0.24;0.346;0.306;0.142;0.327;0.199;0.181;0.209;0.262;0.327;0.307;0.155;0.254;0.279;0.153;0.349;0.226;0.279;0.228;0.197;0.195;0.218;2.059;0.148;0.162;0.092;0.207;0.293;0.315;0.205;0.28;0.248;0.33;0.29;0.345;0.325;0.269;0.127;0.264;0.211;0.269;0.176;0.274;0.301;0.322;0.302;0.396;0.299;0.25;0.264;0.193;0.173;0.417;0.483;0.192;0.19;0.208;0.249;0.23;0.233;0.21;0.27;0.231;0.144;0.125;0.189;0.365;0.202;0.169;0.155;0.476
2025;NER;Niger;0.377;0.582;0.277;0.272;0.33;0.58;0.667;0.896;0.177;0.323;0.151;0.212;0.168;0.482;0.734;0.819;0.696;0.401;0.635;0.209;0.343;4.183;0.547;1.046;0.354;0.372;0.497;0.391;0.327;0.517;0.424;0.363;0.551;0.449;0.3;0.522;0.323;0.28;0.26;0.268;0.65;0.878;6.304;1.805;0.883;0.81;2.142;0.547;0.397;0.917;0.882;1.246;1.698;0.84;0.857;0.956;0.587;0.629;0.829;0.714;0.578;0.733;0.826;0.662;0.595;0.504;0.49;0.564;0.705;0.43;0.529;0.662;0.581;0.831;0.4;0.526;0.711;0.715;0.517;0.561;0.443;0.389;0.459;0.557;0.375;0.428;0.503;0.431;0.412;0.561;0.474;0.464;0.816;0.647;0.541;0.596;0.417;0.525;0.554;0.443;0.374;0.436;0.563;0.53;0.369;0.463;0.449;0.627;0.353;0.486;0.403;0.366;0.435;0.355;1.003;0.5;0.595;0.457;0.348;0.392;0.367;0.358;0.307;0.366;0.422;0.397;0.266;0.48;0.707;0.528;0.478;0.564;0.497;0.598;0.622;0.466;0.439;0.509;0.364;0.825;0.64;0.448;0.559;0.853;0.356;0.374;0.375;0.355;0.371;0.343;0.331;0.383;0.538;0.547;0.61;0.383;0.968;0.574;0.604;0.414;0.4;0.525;0.462;0.442;0.546;0.389;0.288;0.535;0.617;0.434;0.367;0.392;0.38;0.416;0.521;0.517;0.395;0.358;0.485;0.394;0.445;0.366;0.419;0.375;0.422;0.382;0.502;0.464;0.445;0.42;0.353;0.622;0.671;0.216;0.326;0.412;0.42;0.478;0.349;0.423;0.429;0.494;0.427;0.243;0.6;0.245;0.39;0.437;0.396;0.336;0.379;0.388;0.391;0.464;0.564;0.32;0.374;0.407;0.594;0.478;0.358;0.446;0.314;0.296;0.259;0.275;0.617;0.663;0.695;0.494;0.517;0.402;0.512;0.431;0.391;0.361;0.471;0.664;0.577;0.361;0.321;0.901;0.616;0.604;0.434;0.996;0.637;0.443;0.31;0.278;0.209;0.503;0.419;0.379;0.479;0.382;0.367;0.43;0.441;0.626;0.478;0.566;0.498;0.76;0.728;0.465;0.397;0.43;0.643;0.122;0.12;0.096;0.132;0.151;0.119;0.189;0.135;0.159;0.118;0.089;0.122;0.308;0.204;0.189;0.207;0.165;0.165;0.127;0.178;0.702;0.402;0.438;0.405;0.267;0.614;0.233;0.289;0.232;0.324;0.254;0.229;0.268;0.283;0.241;0.258;0.224;0.242;0.167;0.136;0.157;0.272;0.193;0.486;0.092;0.088;0.077;0.093;0.07;0.047;0.06;0.093;0.053;0.095;0.172;0.28;0.191;0.179;0.094;0.118;0.183;0.241;0.221;0.108;0.267;0.149;0.139;0.169;0.206;0.278;0.238;0.124;0.207;0.23;0.11;0.244;0.164;0.214;0.172;0.147;0.146;0.161;1.473;0.115;0.134;0.071;0.163;0.247;0.253;0.163;0.214;0.187;0.256;0.245;0.304;0.283;0.224;0.111;0.214;0.163;0.22;0.13;0.217;0.257;0.277;0.22;0.343;0.252;0.2;0.213;0.159;0.14;0.336;0.362;0.151;0.157;0.153;0.203;0.171;0.175;0.168;0.222;0.169;0.114;0.096;0.141;0.341;0.157;0.129;0.123;0.323
2025;NGA;Nigeria;0.555;0.922;0.399;0.367;0.513;0.882;1.066;1.428;0.272;0.486;0.214;0.308;0.224;0.688;1.077;1.145;0.96;0.502;0.833;0.247;0.414;4.329;0.831;1.281;0.42;0.434;0.636;0.483;0.394;0.626;0.518;0.434;0.705;0.557;0.366;0.646;0.356;0.332;0.292;0.31;0.781;1.027;9.716;2.374;1.134;1.021;3.186;0.601;0.437;1.111;1.001;1.645;2.489;1.125;0.924;1.074;0.657;0.739;0.943;0.773;0.744;0.881;1.064;0.821;0.769;0.623;0.587;0.733;0.81;0.514;0.661;0.779;0.691;1.028;0.451;0.622;0.834;0.944;0.609;0.691;0.55;0.454;0.572;0.699;0.421;0.494;0.543;0.467;0.494;0.67;0.586;0.547;0.967;0.752;0.656;0.697;0.483;0.608;0.658;0.504;0.433;0.503;0.717;0.639;0.419;0.544;0.517;0.777;0.368;0.5;0.432;0.393;0.458;0.392;1.055;0.538;0.65;0.508;0.371;0.441;0.418;0.404;0.331;0.401;0.463;0.43;0.278;0.507;0.791;0.629;0.569;0.695;0.6;0.72;0.771;0.576;0.516;0.61;0.417;0.919;0.778;0.501;0.69;0.993;0.394;0.43;0.434;0.411;0.434;0.405;0.384;0.464;0.617;0.628;0.713;0.454;1.258;0.703;0.714;0.495;0.462;0.602;0.514;0.501;0.676;0.453;0.331;0.635;0.758;0.538;0.426;0.487;0.45;0.505;0.65;0.657;0.477;0.47;0.554;0.444;0.501;0.404;0.467;0.44;0.5;0.456;0.584;0.563;0.548;0.55;0.492;0.872;0.948;0.29;0.45;0.534;0.5;0.632;0.414;0.597;0.582;0.685;0.511;0.308;0.788;0.319;0.493;0.547;0.503;0.409;0.443;0.484;0.489;0.512;0.716;0.349;0.454;0.492;0.677;0.541;0.418;0.514;0.357;0.34;0.286;0.312;0.791;0.817;0.914;0.578;0.608;0.457;0.616;0.493;0.445;0.424;0.697;0.933;0.808;0.502;0.393;1.076;0.823;0.728;0.548;1.385;0.823;0.553;0.349;0.304;0.237;0.694;0.47;0.456;0.568;0.441;0.414;0.545;0.501;0.793;0.601;0.686;0.639;0.99;0.843;0.564;0.481;0.509;0.812;0.148;0.133;0.108;0.156;0.183;0.131;0.225;0.156;0.197;0.14;0.091;0.157;0.387;0.222;0.211;0.221;0.195;0.181;0.141;0.2;1.041;0.609;0.636;0.606;0.371;0.893;0.319;0.41;0.287;0.371;0.288;0.258;0.301;0.323;0.262;0.289;0.25;0.286;0.18;0.151;0.18;0.299;0.22;0.553;0.099;0.097;0.084;0.098;0.076;0.049;0.064;0.127;0.06;0.113;0.221;0.384;0.25;0.203;0.102;0.125;0.201;0.304;0.254;0.12;0.295;0.163;0.15;0.185;0.229;0.29;0.239;0.145;0.218;0.258;0.118;0.324;0.178;0.25;0.195;0.163;0.176;0.188;2.013;0.137;0.155;0.081;0.177;0.261;0.275;0.175;0.227;0.208;0.282;0.27;0.329;0.31;0.258;0.125;0.251;0.17;0.232;0.135;0.222;0.273;0.299;0.267;0.373;0.289;0.247;0.259;0.187;0.166;0.38;0.436;0.17;0.17;0.181;0.235;0.205;0.23;0.191;0.253;0.222;0.13;0.113;0.174;0.354;0.186;0.151;0.146;0.46
2025;NIC;Nicaragua;0.729;1.207;0.515;0.468;0.648;1.180;1.371;1.832;0.317;0.613;0.266;0.363;0.271;0.855;1.343;1.384;1.162;0.588;0.97;0.322;0.5;1.782;0.99;1.452;0.536;0.569;0.759;0.59;0.498;0.769;0.633;0.545;0.828;0.669;0.443;0.801;0.433;0.37;0.342;0.365;0.919;1.153;12.426;2.803;1.313;1.201;4.024;0.745;0.575;1.270;1.084;1.882;3.073;1.212;1.038;1.068;0.712;0.8;0.978;0.88;0.792;0.959;1.124;0.891;0.829;0.703;0.673;0.792;0.946;0.582;0.708;0.855;0.753;1.102;0.54;0.695;0.922;0.994;0.699;0.759;0.613;0.524;0.638;0.767;0.49;0.576;0.61;0.641;0.6;0.733;0.731;0.614;1.039;0.826;0.737;0.759;0.563;0.692;0.716;0.589;0.509;0.591;0.785;0.724;0.503;0.637;0.597;0.851;0.476;0.612;0.547;0.518;0.616;0.493;1.182;0.654;0.748;0.63;0.46;0.526;0.502;0.497;0.441;0.495;0.568;0.52;0.381;0.643;0.962;0.724;0.635;0.774;0.755;0.783;0.839;0.643;0.594;0.669;0.499;0.924;0.813;0.57;0.753;1.137;0.456;0.51;0.511;0.493;0.507;0.472;0.462;0.538;0.7;0.708;0.799;0.528;1.327;0.775;0.811;0.575;0.551;0.693;0.616;0.638;0.769;0.53;0.394;0.737;0.862;0.608;0.498;0.569;0.525;0.583;0.741;0.724;0.547;0.569;0.643;0.534;0.58;0.451;0.518;0.457;0.584;0.539;0.771;0.652;0.608;0.577;0.503;0.839;0.978;0.298;0.467;0.543;0.586;0.636;0.489;0.595;0.598;0.694;0.551;0.32;0.928;0.356;0.502;0.556;0.553;0.463;0.534;0.544;0.53;0.571;0.738;0.454;0.534;0.526;0.684;0.607;0.462;0.551;0.414;0.385;0.352;0.384;1.008;1.031;1.132;0.752;0.773;0.596;0.776;0.634;0.559;0.506;0.778;1.125;0.937;0.594;0.491;1.133;0.931;0.818;0.666;1.823;1.035;0.699;0.461;0.416;0.298;0.882;0.673;0.553;0.71;0.574;0.529;0.626;0.651;0.912;0.659;0.815;0.748;1.276;0.925;0.632;0.621;0.609;0.946;0.171;0.16;0.13;0.182;0.209;0.152;0.254;0.186;0.219;0.155;0.141;0.172;0.419;0.231;0.221;0.236;0.198;0.201;0.162;0.217;1.313;0.737;0.828;0.75;0.398;1.119;0.388;0.488;0.338;0.444;0.352;0.32;0.36;0.41;0.317;0.381;0.316;0.356;0.218;0.19;0.228;0.344;0.266;0.629;0.133;0.128;0.113;0.134;0.104;0.073;0.09;0.169;0.079;0.149;0.259;0.47;0.303;0.226;0.129;0.154;0.26;0.402;0.344;0.154;0.342;0.215;0.194;0.219;0.28;0.332;0.323;0.165;0.264;0.292;0.168;0.408;0.248;0.304;0.249;0.215;0.215;0.242;2.426;0.16;0.171;0.099;0.22;0.301;0.331;0.216;0.299;0.27;0.354;0.3;0.345;0.329;0.281;0.129;0.28;0.224;0.28;0.19;0.286;0.304;0.327;0.341;0.401;0.31;0.269;0.283;0.203;0.185;0.445;0.537;0.206;0.196;0.229;0.263;0.256;0.263;0.223;0.285;0.259;0.154;0.135;0.211;0.352;0.218;0.184;0.165;0.575
2025;NLD;Netherlands;0.654;0.953;0.49;0.616;0.643;1.109;1.338;2.239;0.394;0.765;0.331;0.695;0.332;0.841;1.488;0.627;0.601;0.297;0.571;0.151;0.29;4.026;0.567;0.576;0.25;0.254;0.392;0.237;0.26;0.338;0.284;0.244;0.425;0.329;0.25;0.335;0.19;0.226;0.199;0.237;0.321;0.437;1.995;0.616;0.48;0.366;0.933;0.33;0.22;0.722;0.387;0.485;3.652;0.974;0.818;0.609;0.534;0.676;0.722;0.547;0.935;0.788;0.834;0.639;0.667;0.547;0.506;0.687;0.657;0.387;0.54;0.494;0.528;0.85;0.314;0.475;0.497;0.863;0.377;0.529;0.342;0.288;0.316;0.383;0.263;0.283;0.27;0.323;0.331;0.339;0.379;0.318;0.506;0.341;0.374;0.383;0.275;0.338;0.349;0.296;0.241;0.288;0.42;0.377;0.248;0.331;0.314;0.415;0.298;0.157;0.384;0.204;0.317;0.201;0.487;0.306;0.309;0.208;0.158;0.223;0.181;0.186;0.118;0.163;0.235;0.178;0.266;0.15;0.459;0.298;0.211;0.216;0.335;0.221;0.211;0.428;0.29;0.355;0.223;0.529;0.589;0.3;0.412;0.777;0.164;0.348;0.345;0.326;0.303;0.338;0.236;0.389;0.435;0.323;0.525;0.362;1.073;0.447;0.543;0.453;0.362;0.508;0.45;0.426;0.588;0.343;0.285;0.48;0.591;0.479;0.293;0.233;0.244;0.284;0.345;0.359;0.275;0.239;0.252;0.231;0.281;0.176;0.202;0.227;0.248;0.209;0.409;0.284;0.284;0.441;0.393;0.733;0.958;0.28;0.476;0.46;0.412;0.485;0.366;0.452;0.434;0.526;0.379;0.274;0.764;0.327;0.323;0.351;0.379;0.317;0.355;0.38;0.402;0.294;0.427;0.284;0.391;0.286;0.538;0.469;0.407;0.431;0.244;0.327;0.198;0.284;0.734;0.74;0.757;0.529;0.461;0.395;0.482;0.365;0.314;0.263;0.674;1.878;1.296;0.672;0.474;1.339;1.068;0.683;0.712;1.209;0.689;0.626;0.171;0.152;0.107;0.923;0.396;0.444;0.62;0.416;0.316;0.638;0.531;0.385;0.342;0.382;0.27;0.455;0.549;0.292;0.333;0.293;0.865;0.085;0.082;0.067;0.106;0.131;0.098;0.15;0.111;0.152;0.118;0.072;0.1;0.249;0.126;0.122;0.11;0.152;0.136;0.088;0.135;1.075;0.356;1.458;0.291;0.295;0.463;0.185;0.09;0.152;0.236;0.188;0.132;0.194;0.122;0.13;0.201;0.125;0.147;0.177;0.169;0.175;0.129;0.097;0.23;0.062;0.073;0.056;0.072;0.037;0.021;0.037;0.108;0.063;0.095;0.139;0.21;0.163;0.109;0.072;0.07;0.089;0.178;0.159;0.095;0.122;0.1;0.084;0.093;0.128;0.164;0.137;0.106;0.106;0.096;0.042;0.188;0.078;0.103;0.088;0.075;0.078;0.089;0.811;0.072;0.091;0.053;0.065;0.084;0.105;0.066;0.101;0.087;0.114;0.096;0.104;0.108;0.105;0.074;0.118;0.067;0.105;0.063;0.095;0.204;0.292;0.184;0.352;0.244;0.191;0.232;0.148;0.174;0.148;0.164;0.165;0.172;0.12;0.249;0.135;0.116;0.056;0.104;0.365;0.068;0.046;0.081;0.126;0.116;0.086;0.088;0.25
2025;NOR;Norway;0.404;0.557;0.315;0.368;0.389;0.632;0.719;1.188;0.267;0.442;0.244;0.196;0.285;0.238;0.417;0.583;0.547;0.317;0.477;0.079;0.296;0.245;0.057;0.681;0.184;0.2;0.244;0.202;0.19;0.223;0.21;0.171;0.244;0.201;0.147;0.242;0.224;0.17;0.233;0.333;0.412;0.422;2.874;0.725;0.786;0.631;1.188;0.456;0.286;1.005;0.502;0.579;3.539;1.076;0.915;0.56;0.569;0.721;0.905;0.762;1.521;1.390;1.115;0.766;0.877;0.673;0.58;0.873;0.894;0.479;0.592;0.604;0.64;0.89;0.343;0.54;0.571;1.013;0.461;0.684;0.473;0.315;0.467;0.623;0.323;0.342;0.225;0.258;0.389;0.512;0.405;0.456;0.673;0.463;0.515;0.505;0.395;0.407;0.431;0.363;0.337;0.379;0.645;0.542;0.299;0.454;0.363;0.683;0.227;0.181;0.273;0.283;0.344;0.334;0.408;0.362;0.393;0.379;0.226;0.341;0.359;0.314;0.2;0.229;0.283;0.247;0.163;0.156;0.552;0.49;0.291;0.401;0.41;0.306;0.422;0.607;0.448;0.543;0.321;0.551;0.878;0.387;0.747;0.857;0.239;0.305;0.431;0.345;0.572;0.718;0.411;0.651;0.664;0.465;1.048;0.409;2.027;1.010;0.959;0.43;0.36;0.493;0.411;0.377;0.567;0.34;0.266;1.297;1.396;0.494;0.248;0.264;0.248;0.487;0.617;0.748;0.447;0.262;0.326;0.274;0.396;0.167;0.291;0.35;0.341;0.295;0.473;0.516;0.429;0.346;0.334;0.57;0.627;0.269;0.389;0.36;0.271;0.373;0.279;0.389;0.359;0.325;0.26;0.209;0.455;0.246;0.316;0.332;0.365;0.364;0.344;0.345;0.36;0.283;0.456;0.273;0.331;0.294;0.285;0.282;0.215;0.244;0.221;0.499;0.194;0.233;0.796;0.705;0.775;0.463;0.489;0.312;0.496;0.323;0.29;0.441;1.371;1.973;1.334;0.85;0.396;1.058;1.272;0.604;0.795;1.164;0.71;0.977;0.225;0.248;0.178;1.451;0.475;0.425;0.56;0.451;0.261;0.695;0.454;0.326;0.324;0.369;0.271;0.449;0.431;0.352;0.389;0.316;1.008;0.17;0.111;0.107;0.155;0.21;0.12;0.188;0.18;0.242;0.138;0.097;0.158;0.254;0.124;0.139;0.161;0.153;0.194;0.127;0.167;1.342;0.478;1.516;0.298;0.4;0.379;0.199;0.176;0.285;0.162;0.186;0.153;0.176;0.182;0.141;0.198;0.173;0.422;0.097;0.115;0.094;0.126;0.116;0.161;0.074;0.063;0.064;0.054;0.039;0.024;0.053;0.078;0.061;0.097;0.12;0.164;0.153;0.087;0.096;0.077;0.107;0.202;0.144;0.081;0.141;0.135;0.12;0.138;0.13;0.153;0.116;0.126;0.128;0.145;0.169;0.28;0.201;0.26;0.198;0.184;0.26;0.182;1.041;0.052;0.062;0.051;0.065;0.056;0.081;0.06;0.091;0.078;0.115;0.063;0.063;0.075;0.066;0.053;0.156;0.151;0.145;0.111;0.112;0.122;0.161;0.19;0.196;0.145;0.166;0.193;0.124;0.222;0.188;0.187;0.149;0.134;0.18;0.14;0.113;0.08;0.089;0.082;0.187;0.207;0.082;0.176;0.104;0.137;0.127;0.111;0.208
2025;NPL;Nepal;0.648;1.080;0.455;0.41;0.584;1.048;1.229;1.652;0.29;0.551;0.239;0.329;0.241;0.754;1.184;1.213;1.018;0.508;0.847;0.281;0.441;0.749;0.901;1.217;0.472;0.499;0.687;0.528;0.439;0.69;0.564;0.482;0.753;0.601;0.395;0.718;0.365;0.316;0.289;0.314;0.785;0.971;11.014;2.592;1.198;1.088;3.561;0.627;0.486;1.101;0.897;1.736;2.732;1.109;0.846;0.884;0.594;0.688;0.825;0.725;0.722;0.837;1.026;0.796;0.76;0.63;0.593;0.727;0.814;0.51;0.636;0.742;0.658;0.977;0.461;0.606;0.8;0.92;0.608;0.675;0.551;0.454;0.574;0.692;0.417;0.498;0.501;0.546;0.519;0.643;0.637;0.533;0.903;0.714;0.654;0.657;0.488;0.598;0.626;0.504;0.441;0.512;0.714;0.641;0.432;0.557;0.515;0.764;0.39;0.496;0.455;0.435;0.513;0.419;0.954;0.546;0.625;0.537;0.382;0.448;0.431;0.426;0.373;0.417;0.479;0.435;0.317;0.534;0.82;0.638;0.556;0.691;0.667;0.686;0.75;0.575;0.518;0.589;0.431;0.765;0.719;0.481;0.674;0.987;0.383;0.44;0.442;0.427;0.441;0.413;0.4;0.476;0.601;0.608;0.694;0.462;1.219;0.69;0.71;0.508;0.478;0.597;0.524;0.552;0.691;0.46;0.339;0.648;0.771;0.545;0.426;0.494;0.451;0.511;0.657;0.651;0.477;0.501;0.549;0.454;0.492;0.375;0.432;0.392;0.507;0.47;0.674;0.573;0.539;0.533;0.479;0.797;0.914;0.277;0.439;0.495;0.512;0.587;0.426;0.569;0.56;0.658;0.483;0.289;0.862;0.325;0.454;0.499;0.501;0.411;0.468;0.489;0.478;0.478;0.667;0.385;0.468;0.464;0.576;0.513;0.396;0.469;0.353;0.329;0.298;0.332;0.881;0.887;0.984;0.655;0.672;0.517;0.673;0.545;0.476;0.439;0.723;1.011;0.856;0.541;0.436;0.965;0.847;0.719;0.592;1.603;0.907;0.616;0.399;0.356;0.257;0.789;0.58;0.491;0.623;0.499;0.457;0.566;0.564;0.803;0.582;0.711;0.658;1.123;0.795;0.552;0.539;0.526;0.846;0.148;0.134;0.109;0.155;0.181;0.126;0.217;0.16;0.192;0.134;0.119;0.153;0.359;0.189;0.182;0.191;0.169;0.166;0.137;0.181;1.178;0.671;0.737;0.676;0.371;0.991;0.347;0.439;0.295;0.376;0.302;0.272;0.305;0.35;0.263;0.326;0.265;0.306;0.18;0.161;0.192;0.285;0.228;0.514;0.112;0.109;0.096;0.113;0.089;0.061;0.077;0.149;0.069;0.131;0.225;0.416;0.269;0.188;0.109;0.127;0.219;0.349;0.293;0.132;0.285;0.182;0.163;0.184;0.234;0.268;0.263;0.143;0.216;0.242;0.143;0.361;0.211;0.262;0.214;0.184;0.19;0.209;2.101;0.139;0.145;0.086;0.184;0.245;0.276;0.179;0.249;0.23;0.297;0.246;0.281;0.27;0.24;0.108;0.242;0.186;0.23;0.159;0.234;0.248;0.27;0.294;0.329;0.263;0.238;0.249;0.177;0.161;0.377;0.464;0.176;0.163;0.204;0.224;0.221;0.236;0.191;0.24;0.24;0.132;0.118;0.186;0.274;0.189;0.159;0.145;0.508
2025;NRU;Nauru;0.233;0.156;0.187;0.26;0.135;0.27;0.153;0.249;0.106;0.188;0.138;0.178;0.187;0.301;0.358;0.544;0.509;0.453;0.59;0.344;0.508;2.522;0.283;0.989;0.592;0.646;0.71;0.605;0.53;0.861;0.666;0.611;0.798;0.696;0.474;0.834;0.524;0.373;0.414;0.414;0.797;1.077;1.721;2.299;1.152;1.117;0.972;0.876;0.662;1.142;1.088;1.548;0.946;0.91;1.224;1.192;0.865;0.883;1.102;1.099;0.718;0.977;1.039;0.877;0.781;0.707;0.74;0.724;1.077;0.639;0.721;0.939;0.813;1.043;0.674;0.778;1.016;0.877;0.789;0.757;0.658;0.641;0.674;0.778;0.621;0.678;0.79;0.826;0.608;0.79;0.636;0.692;1.095;0.924;0.784;0.846;0.668;0.805;0.779;0.73;0.605;0.703;0.784;0.785;0.615;0.721;0.704;0.872;0.646;0.829;0.715;0.668;0.8;0.634;1.499;0.864;0.956;0.81;0.61;0.66;0.62;0.619;0.577;0.634;0.733;0.672;0.513;0.821;1.178;0.84;0.707;0.814;0.785;0.816;0.845;0.673;0.719;0.765;0.618;1.137;0.911;0.709;0.789;1.296;0.588;0.644;0.646;0.62;0.609;0.539;0.587;0.617;0.853;0.869;0.931;0.626;1.199;0.839;0.911;0.649;0.655;0.822;0.761;0.758;0.832;0.62;0.497;0.832;0.931;0.665;0.555;0.504;0.548;0.592;0.689;0.669;0.568;0.418;0.728;0.642;0.707;0.558;0.624;0.542;0.624;0.578;0.858;0.677;0.604;0.554;0.406;0.557;0.576;0.276;0.362;0.51;0.624;0.547;0.53;0.462;0.495;0.537;0.615;0.318;0.829;0.331;0.496;0.588;0.538;0.472;0.629;0.559;0.516;0.711;0.707;0.569;0.552;0.554;0.751;0.693;0.515;0.644;0.516;0.447;0.454;0.482;0.729;0.807;0.663;0.785;0.813;0.688;0.733;0.683;0.621;0.564;0.359;0.63;0.597;0.384;0.507;1.026;0.711;0.838;0.602;0.857;0.749;0.622;0.57;0.529;0.361;0.5;0.779;0.612;0.768;0.666;0.655;0.65;0.765;0.74;0.568;0.778;0.563;0.903;1.015;0.621;0.572;0.632;0.858;0.158;0.186;0.141;0.181;0.19;0.179;0.236;0.199;0.206;0.171;0.19;0.134;0.297;0.277;0.24;0.293;0.196;0.237;0.194;0.246;0.471;0.251;0.324;0.256;0.315;0.365;0.245;0.242;0.3;0.472;0.419;0.373;0.429;0.449;0.386;0.457;0.352;0.367;0.263;0.229;0.227;0.404;0.311;0.568;0.165;0.149;0.137;0.171;0.13;0.096;0.115;0.091;0.101;0.167;0.177;0.253;0.229;0.243;0.16;0.195;0.301;0.313;0.359;0.187;0.396;0.262;0.239;0.264;0.314;0.427;0.434;0.203;0.335;0.32;0.213;0.286;0.303;0.333;0.291;0.26;0.231;0.258;0.973;0.163;0.181;0.119;0.273;0.38;0.399;0.273;0.384;0.323;0.418;0.338;0.421;0.392;0.323;0.151;0.326;0.294;0.365;0.256;0.383;0.39;0.415;0.298;0.482;0.35;0.281;0.299;0.236;0.205;0.51;0.517;0.254;0.243;0.259;0.286;0.248;0.214;0.271;0.313;0.242;0.181;0.153;0.207;0.44;0.23;0.201;0.188;0.227
2025;NZL;New Zealand;0.329;0.468;0.282;0.299;0.336;0.528;0.629;1.095;0.248;0.386;0.227;0.317;0.243;0.635;1.031;0.902;0.725;0.26;0.541;0.362;0.419;1.071;0.378;0.716;0.358;0.319;0.454;0.302;0.344;0.386;0.353;0.31;0.476;0.386;0.308;0.466;0.306;0.257;0.237;0.29;0.312;0.356;1.874;0.638;0.617;0.514;0.924;0.341;0.248;0.604;0.37;0.473;4.519;1.201;0.854;0.653;0.507;0.621;0.562;0.661;0.622;0.623;1.182;0.787;1.023;0.8;0.637;1.007;0.871;0.486;0.692;0.559;0.7;0.912;0.354;0.544;0.577;1.019;0.425;0.796;0.815;0.511;0.835;1.040;0.312;0.574;0.249;0.812;0.443;0.839;0.557;0.56;0.953;0.688;0.865;0.815;0.573;0.583;0.857;0.371;0.485;0.533;1.208;0.743;0.424;0.779;0.508;1.015;0.235;0.217;0.287;0.21;0.258;0.209;0.387;0.291;0.307;0.277;0.162;0.226;0.234;0.217;0.117;0.213;0.266;0.21;0.172;0.217;0.664;0.299;0.301;0.368;0.424;0.316;0.378;0.411;0.344;0.364;0.241;0.388;0.618;0.291;0.509;0.565;0.18;0.211;0.232;0.248;0.232;0.227;0.218;0.259;0.282;0.361;0.28;0.264;0.554;0.357;0.337;0.283;0.24;0.345;0.341;0.348;0.497;0.433;0.256;0.336;0.461;0.435;0.296;0.346;0.306;0.352;0.477;0.589;0.35;0.349;0.333;0.272;0.307;0.201;0.236;0.304;0.323;0.296;0.478;0.387;0.356;0.443;0.422;0.523;1.072;0.297;0.405;0.419;0.449;0.465;0.418;0.497;0.473;0.485;0.286;0.259;0.604;0.345;0.269;0.282;0.355;0.317;0.402;0.309;0.321;0.34;0.504;0.228;0.583;0.297;0.383;0.448;0.327;0.364;0.245;0.361;0.225;0.351;0.744;0.714;0.764;0.412;0.51;0.295;0.51;0.384;0.363;0.401;0.562;1.403;0.999;0.546;0.638;1.632;1.865;0.84;1.026;1.198;0.69;1.473;0.398;0.352;0.221;2.057;0.874;0.549;0.862;0.615;0.452;0.74;0.637;0.411;0.324;0.394;0.282;0.745;0.426;0.315;0.386;0.305;0.769;0.107;0.089;0.086;0.133;0.156;0.094;0.159;0.128;0.164;0.13;0.112;0.099;0.24;0.115;0.106;0.103;0.122;0.127;0.084;0.134;1.306;0.632;1.310;0.524;0.475;0.709;0.268;0.221;0.121;0.18;0.306;0.144;0.168;0.146;0.14;0.2;0.126;0.151;0.136;0.152;0.135;0.087;0.07;0.157;0.058;0.056;0.059;0.058;0.05;0.025;0.032;0.066;0.07;0.085;0.126;0.141;0.122;0.09;0.056;0.067;0.064;0.121;0.112;0.091;0.083;0.087;0.086;0.083;0.106;0.106;0.099;0.111;0.076;0.127;0.074;0.263;0.143;0.188;0.123;0.115;0.124;0.13;1.133;0.072;0.093;0.079;0.089;0.104;0.159;0.099;0.136;0.118;0.165;0.116;0.121;0.129;0.145;0.086;0.195;0.065;0.085;0.065;0.081;0.115;0.152;0.139;0.156;0.18;0.165;0.194;0.118;0.163;0.204;0.247;0.151;0.101;0.161;0.165;0.119;0.152;0.079;0.127;0.202;0.081;0.075;0.165;0.096;0.121;0.12;0.094;0.29
2025;OMN;Oman;1.691;3.022;1.183;0.995;1.585;2.826;3.470;4.596;0.746;1.440;0.571;0.8;0.544;2.017;3.274;3.255;2.682;1.187;2.118;0.51;0.859;10.239;2.391;3.204;0.834;0.859;1.335;0.978;0.796;1.200;1.034;0.839;1.442;1.105;0.717;1.303;0.678;0.678;0.538;0.596;1.783;2.238;31.513;5.367;2.469;2.181;9.842;1.187;0.897;2.448;2.109;3.637;7.350;2.493;1.796;2.052;1.169;1.380;1.797;1.419;1.521;1.757;2.136;1.640;1.534;1.246;1.117;1.487;1.547;0.976;1.272;1.492;1.326;2.110;0.795;1.168;1.601;1.918;1.147;1.377;1.030;0.791;1.082;1.354;0.731;0.915;0.949;0.861;1.020;1.291;1.338;1.022;1.898;1.435;1.269;1.324;0.883;1.127;1.258;0.89;0.792;0.923;1.390;1.222;0.76;1.033;0.957;1.511;0.64;0.887;0.77;0.717;0.852;0.691;1.960;0.929;1.149;0.891;0.652;0.777;0.744;0.724;0.595;0.718;0.817;0.768;0.498;0.956;1.451;1.142;1.068;1.333;1.233;1.410;1.516;1.106;0.902;1.093;0.731;1.600;1.389;0.879;1.316;1.896;0.672;0.735;0.736;0.701;0.775;0.754;0.649;0.842;1.098;1.099;1.300;0.811;2.551;1.320;1.348;0.925;0.853;1.112;0.945;0.963;1.266;0.836;0.567;1.191;1.437;0.991;0.822;1.059;0.903;1.019;1.360;1.352;0.944;1.111;1.075;0.826;0.899;0.725;0.85;0.743;0.991;0.9;1.191;1.116;1.099;1.063;1.007;1.900;2.218;0.557;0.953;1.043;0.997;1.284;0.815;1.223;1.196;1.436;0.95;0.594;1.700;0.651;0.948;1.003;1.004;0.824;0.826;0.948;0.985;0.922;1.406;0.656;0.905;0.952;1.310;1.044;0.789;0.931;0.618;0.633;0.498;0.557;1.982;2.008;2.427;1.232;1.268;0.908;1.367;1.036;0.903;0.821;1.772;2.384;1.935;1.214;0.807;2.311;1.850;1.465;1.198;3.978;2.042;1.252;0.651;0.566;0.441;1.851;0.972;0.881;1.145;0.857;0.761;1.046;0.978;1.803;1.302;1.471;1.509;2.497;1.653;1.158;1.096;1.043;1.741;0.321;0.263;0.222;0.328;0.396;0.254;0.488;0.318;0.409;0.265;0.171;0.352;0.916;0.42;0.423;0.415;0.395;0.348;0.267;0.389;3.012;1.718;1.860;1.744;0.777;2.642;0.797;1.080;0.633;0.765;0.541;0.502;0.568;0.667;0.499;0.555;0.514;0.595;0.351;0.289;0.396;0.579;0.418;1.266;0.192;0.196;0.165;0.189;0.146;0.094;0.122;0.352;0.107;0.225;0.545;1.019;0.59;0.41;0.193;0.236;0.408;0.749;0.548;0.229;0.581;0.317;0.288;0.354;0.466;0.542;0.452;0.251;0.413;0.52;0.226;0.801;0.351;0.499;0.38;0.314;0.349;0.391;5.749;0.285;0.311;0.152;0.333;0.489;0.532;0.327;0.428;0.402;0.554;0.538;0.615;0.587;0.482;0.232;0.457;0.316;0.422;0.245;0.412;0.501;0.543;0.622;0.706;0.55;0.472;0.497;0.339;0.312;0.729;0.94;0.309;0.32;0.354;0.464;0.447;0.505;0.347;0.501;0.459;0.245;0.216;0.362;0.668;0.376;0.301;0.271;1.319
2025;PAK;Pakistan;1.169;2.042;0.82;0.708;1.111;1.911;2.360;3.164;0.566;1.026;0.427;0.616;0.418;1.385;2.217;2.241;1.860;0.872;1.520;0.417;0.701;4.690;1.739;2.146;0.707;0.727;1.144;0.841;0.672;1.071;0.89;0.732;1.262;0.968;0.624;1.134;0.531;0.525;0.433;0.484;1.296;1.613;20.959;4.472;2.056;1.820;6.665;0.9;0.678;1.852;1.489;3.059;5.108;2.055;1.279;1.518;0.924;1.129;1.382;1.075;1.301;1.419;1.854;1.377;1.352;1.056;0.951;1.298;1.249;0.826;1.110;1.223;1.098;1.720;0.67;0.982;1.310;1.688;0.962;1.153;0.923;0.701;0.964;1.189;0.619;0.768;0.734;0.712;0.813;1.071;1.020;0.857;1.526;1.163;1.080;1.081;0.751;0.938;1.043;0.757;0.674;0.782;1.238;1.045;0.641;0.872;0.797;1.306;0.495;0.653;0.611;0.575;0.659;0.583;1.400;0.752;0.916;0.757;0.519;0.657;0.636;0.615;0.489;0.586;0.672;0.61;0.395;0.721;1.189;1.009;0.906;1.159;1.024;1.160;1.290;0.963;0.804;0.961;0.639;1.258;1.231;0.72;1.145;1.571;0.558;0.655;0.662;0.634;0.68;0.646;0.592;0.757;0.932;0.943;1.107;0.722;2.218;1.156;1.139;0.805;0.725;0.923;0.77;0.796;1.140;0.71;0.501;1.020;1.268;0.9;0.663;0.826;0.718;0.834;1.110;1.135;0.776;0.857;0.852;0.669;0.739;0.569;0.663;0.644;0.805;0.744;0.98;0.932;0.916;0.971;0.924;1.634;1.814;0.519;0.84;0.92;0.818;1.120;0.674;1.126;1.066;1.280;0.813;0.522;1.482;0.57;0.829;0.899;0.872;0.684;0.718;0.827;0.837;0.732;1.215;0.524;0.75;0.795;0.995;0.81;0.641;0.764;0.53;0.517;0.418;0.485;1.454;1.437;1.707;0.97;1.011;0.738;1.047;0.8;0.702;0.678;1.405;1.822;1.563;0.974;0.683;1.706;1.520;1.198;0.974;2.779;1.515;0.985;0.555;0.472;0.369;1.371;0.779;0.766;0.951;0.722;0.648;0.948;0.808;1.389;1.029;1.153;1.141;1.855;1.306;0.929;0.833;0.828;1.430;0.245;0.199;0.166;0.251;0.305;0.191;0.362;0.249;0.33;0.221;0.138;0.276;0.656;0.304;0.303;0.295;0.302;0.257;0.207;0.292;2.167;1.275;1.316;1.264;0.695;1.828;0.612;0.81;0.492;0.578;0.445;0.396;0.454;0.514;0.378;0.453;0.382;0.467;0.259;0.228;0.288;0.432;0.341;0.841;0.149;0.151;0.13;0.145;0.117;0.074;0.098;0.252;0.094;0.192;0.395;0.742;0.458;0.301;0.151;0.177;0.307;0.551;0.414;0.187;0.433;0.249;0.224;0.272;0.347;0.385;0.324;0.226;0.301;0.381;0.183;0.609;0.278;0.403;0.309;0.255;0.295;0.31;3.860;0.223;0.239;0.127;0.258;0.355;0.4;0.249;0.329;0.321;0.425;0.387;0.447;0.433;0.389;0.181;0.389;0.241;0.319;0.194;0.303;0.368;0.413;0.462;0.517;0.434;0.407;0.421;0.291;0.261;0.571;0.729;0.259;0.241;0.306;0.36;0.343;0.416;0.289;0.382;0.409;0.2;0.181;0.3;0.441;0.302;0.243;0.233;0.924
2025;PER;Peru;0.114;0.157;0.083;0.102;0.107;0.181;0.209;0.323;0.068;0.116;0.068;0.257;0.069;0.564;0.86;0.792;0.654;0.282;0.523;0.222;0.125;3.428;0.358;0.957;0.257;0.255;0.398;0.273;0.233;0.293;0.279;0.224;0.368;0.31;0.208;0.374;0.135;0.111;0.13;0.143;0.348;0.459;10.519;1.026;0.634;0.574;0.894;0.268;0.238;0.469;0.416;0.834;3.208;0.481;0.981;0.726;0.53;0.635;0.663;0.547;0.357;0.505;0.322;0.344;0.264;0.225;0.246;0.223;0.318;0.279;0.307;0.284;0.26;0.401;0.243;0.248;0.271;0.329;0.263;0.28;0.284;0.219;0.279;0.321;0.238;0.233;0.373;0.366;0.357;0.294;0.372;0.295;0.431;0.334;0.363;0.337;0.263;0.279;0.322;0.286;0.224;0.275;0.28;0.317;0.245;0.266;0.29;0.37;0.333;0.301;0.403;0.336;0.411;0.308;0.432;0.402;0.304;0.343;0.248;0.29;0.292;0.242;0.304;0.261;0.314;0.255;0.315;0.187;0.531;0.333;0.233;0.206;0.274;0.209;0.203;0.262;0.324;0.273;0.339;0.455;0.384;0.285;0.298;0.676;0.302;0.249;0.24;0.204;0.202;0.176;0.183;0.217;0.267;0.402;0.249;0.222;0.274;0.25;0.267;0.157;0.134;0.201;0.23;0.273;0.26;0.196;0.185;0.307;0.26;0.212;0.304;0.421;0.344;0.339;0.415;0.326;0.322;0.48;0.27;0.256;0.289;0.216;0.216;0.192;0.261;0.294;0.399;0.328;0.246;0.263;0.21;0.339;0.586;0.185;0.236;0.307;0.339;0.296;0.296;0.269;0.26;0.268;0.247;0.175;0.276;0.272;0.259;0.253;0.288;0.243;0.263;0.259;0.227;0.315;0.402;0.258;0.434;0.26;0.4;0.397;0.3;0.347;0.223;0.239;0.198;0.175;0.656;0.646;0.738;0.389;0.457;0.299;0.474;0.354;0.281;0.253;0.636;0.704;0.586;0.376;0.245;0.503;0.517;0.372;0.263;1.887;0.945;0.124;0.124;0.136;0.081;0.272;0.264;0.32;0.429;0.201;0.254;0.317;0.365;0.703;0.48;0.551;0.478;0.983;0.641;0.4;0.49;0.407;0.684;0.092;0.069;0.07;0.099;0.111;0.081;0.166;0.102;0.142;0.082;0.031;0.091;0.301;0.103;0.104;0.084;0.103;0.09;0.07;0.105;0.844;0.531;1.572;0.488;0.361;0.703;0.23;0.313;0.25;0.192;0.154;0.13;0.155;0.132;0.105;0.136;0.085;0.145;0.135;0.132;0.185;0.098;0.074;0.263;0.062;0.063;0.046;0.054;0.034;0.019;0.031;0.125;0.018;0.049;0.046;0.369;0.24;0.113;0.07;0.067;0.065;0.206;0.127;0.077;0.149;0.112;0.101;0.079;0.137;0.16;0.137;0.108;0.116;0.095;0.035;0.2;0.077;0.101;0.073;0.059;0.07;0.088;1.376;0.046;0.043;0.031;0.062;0.074;0.091;0.07;0.105;0.085;0.148;0.13;0.097;0.113;0.099;0.028;0.142;0.059;0.086;0.049;0.072;0.086;0.111;0.154;0.129;0.176;0.158;0.162;0.104;0.111;0.191;0.305;0.098;0.068;0.108;0.148;0.095;0.151;0.075;0.135;0.045;0.111;0.077;0.133;0.162;0.185;0.148;0.125;0.914
2025;PHL;Philippines;0.173;0.116;0.122;0.164;0.106;0.188;0.152;0.197;0.089;0.122;0.109;0.156;0.184;0.839;1.388;1.653;1.358;0.579;1.067;0.268;0.682;4.993;0.794;1.172;0.556;0.576;0.959;0.467;0.534;0.893;0.607;0.477;1.228;0.85;0.514;0.608;0.399;0.397;0.407;0.539;0.901;1.143;12.017;1.439;1.001;0.711;4.398;0.595;0.493;1.422;1.044;0.849;3.636;1.390;1.156;1.187;0.815;1.166;1.033;1.035;1.261;1.300;1.323;1.088;1.003;0.855;0.744;1.022;1.079;0.702;0.843;0.913;0.889;1.170;0.643;0.78;0.926;1.149;0.769;0.927;0.487;0.407;0.481;0.619;0.402;0.473;0.632;0.547;0.474;0.588;0.555;0.494;0.848;0.654;0.572;0.662;0.498;0.547;0.594;0.677;0.42;0.482;0.549;0.504;0.441;0.504;0.509;0.65;0.403;0.449;0.584;0.409;0.478;0.407;0.732;0.406;0.43;0.424;0.31;0.367;0.417;0.338;0.349;0.458;0.544;0.456;0.402;0.469;0.885;0.548;0.659;0.7;0.911;0.743;0.816;0.472;0.507;0.512;0.369;0.667;0.641;0.474;0.564;0.943;0.383;0.413;0.42;0.467;0.571;0.552;0.652;0.627;0.692;0.563;0.771;0.582;1.410;0.77;0.791;0.628;0.578;0.735;0.577;0.552;0.945;0.58;0.41;0.826;0.885;0.975;0.598;0.532;0.752;0.677;0.858;0.914;0.705;0.447;0.705;0.594;0.704;0.539;0.63;0.522;0.601;0.485;0.716;0.733;0.372;0.349;0.249;0.401;0.58;0.241;0.268;0.411;0.427;0.406;0.366;0.264;0.312;0.347;0.399;0.251;0.249;0.291;0.362;0.452;0.338;0.426;0.407;0.343;0.355;0.503;0.614;0.36;0.555;0.431;0.696;0.632;0.407;0.546;0.371;0.533;0.375;0.332;1.714;1.404;1.937;1.269;1.133;0.877;0.977;0.741;0.739;1.138;0.472;0.767;0.658;0.422;0.373;1.097;0.792;0.646;0.454;1.402;0.94;0.516;0.39;0.431;0.37;0.694;0.469;0.449;0.447;0.399;0.404;0.478;0.511;0.79;0.613;0.703;0.481;0.604;0.996;0.736;0.554;0.63;1.200;0.322;0.345;0.251;0.356;0.476;0.283;0.479;0.364;0.373;0.273;0.022;0.292;0.743;0.551;0.526;0.584;0.404;0.566;0.332;0.46;1.672;0.791;2.608;0.733;0.464;1.496;0.447;0.419;0.444;0.776;0.561;0.642;0.68;0.718;0.699;0.622;1.054;0.736;0.539;0.378;0.532;0.764;0.469;1.449;0.209;0.227;0.187;0.261;0.139;0.078;0.112;0.462;0.142;0.187;0.343;0.67;0.458;0.35;0.174;0.27;0.511;0.74;0.472;0.333;0.524;0.266;0.34;0.257;0.481;0.501;0.337;0.193;0.33;0.48;0.217;0.472;0.326;0.623;0.29;0.307;0.514;0.266;2.330;0.213;0.228;0.203;0.471;0.488;0.489;0.447;0.46;0.429;0.661;0.705;0.72;0.685;0.594;0.24;0.701;0.269;0.327;0.263;0.268;0.388;0.338;0.408;0.531;0.651;0.447;0.572;0.373;0.363;0.472;0.49;0.451;0.436;0.291;0.582;0.437;0.416;0.472;0.6;0.175;0.246;0.158;0.254;0.25;0.259;0.234;0.195;0.825
2025;PNG;Papua New Guinea;0.56;0.896;0.399;0.376;0.49;0.89;1.016;1.366;0.248;0.472;0.213;0.291;0.224;0.665;1.028;1.088;0.921;0.494;0.795;0.281;0.437;1.904;0.767;1.207;0.471;0.501;0.656;0.515;0.435;0.682;0.555;0.48;0.72;0.587;0.389;0.7;0.388;0.324;0.307;0.324;0.785;0.999;9.266;2.400;1.134;1.043;3.062;0.664;0.507;1.096;0.954;1.614;2.374;1.032;0.933;0.966;0.644;0.713;0.883;0.797;0.692;0.847;0.985;0.785;0.727;0.619;0.598;0.691;0.842;0.517;0.627;0.763;0.671;0.966;0.486;0.62;0.823;0.867;0.623;0.668;0.544;0.471;0.565;0.677;0.443;0.516;0.556;0.574;0.52;0.653;0.62;0.548;0.925;0.74;0.653;0.68;0.505;0.62;0.639;0.531;0.456;0.53;0.692;0.643;0.452;0.567;0.536;0.753;0.431;0.558;0.493;0.465;0.553;0.444;1.076;0.594;0.68;0.568;0.417;0.474;0.451;0.446;0.397;0.446;0.513;0.471;0.343;0.58;0.862;0.647;0.566;0.685;0.658;0.694;0.741;0.568;0.534;0.6;0.448;0.845;0.73;0.515;0.668;1.017;0.413;0.46;0.461;0.443;0.455;0.42;0.416;0.479;0.631;0.639;0.717;0.472;1.161;0.69;0.724;0.512;0.493;0.623;0.555;0.568;0.682;0.474;0.355;0.656;0.764;0.539;0.441;0.486;0.46;0.51;0.642;0.63;0.48;0.472;0.572;0.478;0.521;0.408;0.467;0.412;0.515;0.475;0.677;0.572;0.534;0.509;0.436;0.719;0.818;0.261;0.402;0.478;0.517;0.556;0.432;0.515;0.519;0.6;0.494;0.284;0.803;0.31;0.446;0.497;0.485;0.408;0.477;0.48;0.467;0.518;0.651;0.407;0.467;0.469;0.617;0.543;0.412;0.496;0.373;0.345;0.317;0.346;0.833;0.862;0.917;0.655;0.674;0.527;0.666;0.555;0.492;0.448;0.628;0.909;0.772;0.49;0.428;0.987;0.788;0.721;0.57;1.437;0.856;0.595;0.411;0.372;0.266;0.712;0.59;0.489;0.623;0.507;0.474;0.55;0.578;0.775;0.568;0.705;0.628;1.051;0.827;0.553;0.529;0.533;0.816;0.148;0.143;0.114;0.158;0.18;0.136;0.22;0.164;0.19;0.138;0.126;0.146;0.352;0.211;0.198;0.216;0.176;0.181;0.146;0.195;1.020;0.574;0.645;0.583;0.34;0.865;0.317;0.391;0.289;0.39;0.314;0.284;0.322;0.36;0.284;0.338;0.278;0.309;0.195;0.17;0.196;0.308;0.237;0.541;0.119;0.113;0.101;0.12;0.093;0.065;0.08;0.134;0.071;0.131;0.215;0.378;0.253;0.2;0.116;0.139;0.23;0.333;0.297;0.138;0.306;0.192;0.173;0.197;0.248;0.303;0.293;0.149;0.239;0.259;0.15;0.336;0.22;0.268;0.221;0.191;0.189;0.211;1.910;0.14;0.151;0.089;0.197;0.273;0.297;0.194;0.269;0.24;0.314;0.268;0.315;0.299;0.252;0.117;0.251;0.202;0.254;0.171;0.26;0.278;0.299;0.289;0.364;0.278;0.238;0.251;0.183;0.165;0.396;0.462;0.185;0.178;0.203;0.234;0.22;0.223;0.201;0.253;0.225;0.138;0.12;0.182;0.325;0.192;0.162;0.148;0.45
2025;POL;Poland;1.227;1.685;0.951;1.156;1.193;1.950;2.378;4.045;0.646;1.399;0.657;0.41;0.727;1.038;1.626;1.320;1.275;0.889;1.301;0.352;0.079;6.972;0.937;1.602;0.4;0.407;0.551;0.44;0.418;0.575;0.481;0.371;0.636;0.463;0.428;0.552;0.598;0.484;0.513;0.508;0.73;1.081;7.603;1.848;1.036;0.862;2.501;0.652;0.514;1.272;0.943;1.247;4.254;1.262;1.633;1.318;0.813;1.027;1.398;1.301;1.577;1.572;1.239;1.065;0.926;0.721;0.714;0.872;0.954;0.58;0.766;0.778;0.754;1.045;0.519;0.704;0.782;1.097;0.655;0.792;0.801;0.54;0.762;1.005;0.581;0.604;0.595;0.594;0.765;0.889;0.764;0.686;1.301;0.974;0.952;0.856;0.651;0.767;0.783;0.665;0.591;0.616;0.972;0.732;0.508;0.716;0.697;1.022;0.478;0.5;0.561;0.53;0.555;0.462;1.056;0.649;0.726;0.591;0.452;0.54;0.489;0.487;0.412;0.455;0.569;0.45;0.504;0.525;0.983;0.743;0.686;0.985;0.973;0.855;1.037;0.726;0.578;0.672;0.582;0.864;0.953;0.613;0.828;1.142;0.49;0.607;0.608;0.52;0.578;0.549;0.449;0.657;0.754;0.727;0.914;0.584;1.901;0.819;0.951;0.675;0.564;0.808;0.71;0.709;0.871;0.62;0.456;0.853;1.174;0.84;0.443;0.417;0.451;0.487;0.626;0.667;0.477;0.384;0.456;0.465;0.545;0.466;0.379;0.361;0.468;0.495;0.598;0.552;0.612;0.791;0.73;1.392;1.679;0.513;0.822;0.797;0.735;0.974;0.619;0.982;0.898;1.211;0.726;0.567;1.611;0.429;0.643;0.787;0.716;0.571;0.711;0.676;0.714;0.558;0.953;0.49;0.777;0.588;0.74;0.624;0.45;0.564;0.439;0.491;0.36;0.442;1.162;1.147;1.216;0.778;0.761;0.599;0.787;0.655;0.567;0.536;0.743;1.562;1.170;0.691;0.65;2.187;1.554;1.158;1.098;1.403;0.986;1.072;0.223;0.198;0.182;1.471;0.543;0.702;0.937;0.679;0.602;0.918;0.782;0.71;0.596;0.619;0.572;0.772;0.95;0.677;0.601;0.502;1.223;0.239;0.232;0.2;0.289;0.391;0.244;0.387;0.305;0.352;0.293;0.013;0.295;0.686;0.311;0.316;0.406;0.351;0.38;0.219;0.347;0.957;0.842;0.906;0.799;0.643;1.432;0.549;0.398;0.546;0.401;0.365;0.307;0.375;0.406;0.334;0.344;0.286;0.345;0.413;0.325;0.405;0.28;0.185;0.542;0.28;0.295;0.259;0.285;0.209;0.158;0.145;0.477;0.215;0.327;1.428;0.422;0.33;0.282;0.204;0.235;0.244;0.361;0.278;0.309;0.296;0.244;0.229;0.255;0.298;0.372;0.343;0.224;0.268;0.521;0.264;0.64;0.36;0.507;0.405;0.332;0.39;0.364;3.122;0.239;0.26;0.135;0.304;0.398;0.508;0.304;0.446;0.404;0.443;0.425;0.59;0.581;0.465;0.344;0.532;0.254;0.32;0.216;0.372;0.737;0.724;0.473;0.959;0.535;0.511;0.533;0.39;0.281;0.415;0.405;0.303;0.383;0.303;0.428;0.339;0.41;0.316;0.377;0.686;0.163;0.143;0.33;0.451;0.222;0.185;0.166;0.581
2025;PRT;Portugal;0.514;0.636;0.374;0.494;0.493;0.776;0.883;1.452;0.298;0.553;0.291;0.499;0.298;0;0;1.180;0.934;0.483;0.779;0;0.587;2.955;1.150;1.135;0.307;0.316;0.507;0.32;0.32;0.462;0.368;0.298;0.581;0.394;0.331;0.464;0.377;0.316;0.314;0.323;0.534;0.735;7.331;1.385;0.793;0.675;2.202;0.488;0.317;1.085;0.68;0.928;3.880;1.059;1.316;1.099;0.864;0.942;1.477;1.129;1.426;1.744;0.866;0.771;0.657;0.509;0.557;0.626;0.661;0.437;0.625;0.589;0.556;0.774;0.398;0.553;0.655;0.992;0.524;0.56;0.787;0.508;0.889;1.062;0.49;0.615;0.37;0.373;0.616;0.964;0.766;0.627;1.313;0.968;0.935;0.878;0.653;0.801;0.916;0.545;0.535;0.663;1.082;0.748;0.539;0.809;0.659;1.139;0.296;0.297;0.371;0.363;0.437;0.374;0.799;0.515;0.579;0.466;0.301;0.41;0.432;0.386;0.251;0.275;0.348;0.27;0.245;0.33;0.82;0.657;0.527;0.673;0.688;0.626;0.686;0.724;0.521;0.681;0.443;0.773;1.041;0.485;0.874;0.977;0.365;0.412;0.422;0.352;0.402;0.413;0.336;0.466;0.569;0.601;0.701;0.38;1.558;0.714;0.8;0.481;0.424;0.625;0.577;0.578;0.797;0.535;0.44;0.641;0.912;0.746;0.311;0.298;0.316;0.365;0.458;0.513;0.345;0.288;0.345;0.347;0.395;0.266;0.265;0.3;0.323;0.339;0.422;0.419;0.384;0.457;0.469;0.781;0.92;0.285;0.513;0.545;0.504;0.53;0.433;0.476;0.482;0.566;0.458;0.328;0.661;0.396;0.392;0.483;0.476;0.343;0.421;0.447;0.433;0.397;0.612;0.359;0.493;0.416;0.468;0.419;0.361;0.42;0.296;0.272;0.22;0.254;0.968;0.971;1.097;0.722;0.724;0.61;0.767;0.57;0.479;0.434;0.73;1.808;1.259;0.731;0.491;1.197;0.921;0.83;0.628;1.300;0.807;0.423;0.249;0.241;0.151;0.542;0.396;0.496;0.61;0.422;0.423;0.679;0.598;0.502;0.461;0.491;0.414;0.564;0.644;0.456;0.363;0.385;0.857;0.147;0.122;0.118;0.18;0.213;0.148;0.253;0.173;0.235;0.171;0.09;0.156;0.451;0.192;0.206;0.21;0.233;0.194;0.129;0.195;1.110;0.704;1.768;0.658;0.485;1.084;0.351;0.102;0.168;0.286;0.267;0.201;0.247;0.213;0.155;0.21;0.135;0.172;0.197;0.165;0.206;0.139;0.097;0.241;0.082;0.093;0.072;0.095;0.049;0.023;0.041;0.101;0.026;0.047;0.068;0.285;0.219;0.137;0.088;0.087;0.097;0.185;0.138;0.113;0.167;0.142;0.126;0.118;0.158;0.207;0.156;0.19;0.14;0.174;0.049;0.229;0.1;0.158;0.119;0.092;0.095;0.127;1.739;0.072;0.085;0.04;0.144;0.157;0.2;0.154;0.23;0.19;0.256;0.214;0.213;0.21;0.208;0.066;0.226;0.097;0.137;0.085;0.129;0.241;0.299;0.212;0.339;0.287;0.249;0.304;0.188;0.183;0.256;0.239;0.188;0.255;0.154;0.305;0.142;0.217;0.141;0.216;0.258;0.104;0.078;0.121;0.262;0.192;0.132;0.166;0.398
2025;PRY;Paraguay;0.426;0.672;0.304;0.289;0.374;0.67;0.763;1.033;0.194;0.363;0.167;0.229;0.177;0.504;0.772;0.823;0.7;0.384;0.612;0.226;0.351;0.953;0.593;0.905;0.382;0.406;0.535;0.42;0.352;0.56;0.451;0.392;0.591;0.48;0.318;0.572;0.307;0.255;0.244;0.259;0.608;0.771;6.892;1.963;0.923;0.848;2.301;0.522;0.4;0.861;0.731;1.319;1.804;0.834;0.718;0.747;0.506;0.568;0.692;0.623;0.565;0.676;0.806;0.635;0.598;0.502;0.484;0.568;0.672;0.417;0.511;0.611;0.539;0.775;0.389;0.499;0.659;0.715;0.501;0.54;0.446;0.382;0.463;0.554;0.356;0.415;0.435;0.461;0.414;0.525;0.489;0.44;0.737;0.591;0.53;0.543;0.407;0.497;0.513;0.426;0.368;0.427;0.569;0.521;0.363;0.458;0.43;0.614;0.339;0.435;0.39;0.37;0.437;0.356;0.83;0.471;0.537;0.457;0.33;0.38;0.363;0.359;0.318;0.356;0.409;0.373;0.272;0.456;0.689;0.527;0.457;0.558;0.531;0.556;0.601;0.463;0.434;0.487;0.363;0.662;0.594;0.409;0.544;0.816;0.329;0.372;0.374;0.36;0.368;0.34;0.338;0.392;0.507;0.514;0.578;0.384;0.953;0.562;0.584;0.416;0.398;0.499;0.443;0.457;0.56;0.382;0.287;0.532;0.625;0.443;0.35;0.383;0.364;0.409;0.515;0.51;0.385;0.372;0.454;0.38;0.416;0.321;0.367;0.331;0.411;0.381;0.546;0.461;0.43;0.421;0.365;0.593;0.663;0.217;0.332;0.392;0.414;0.456;0.346;0.432;0.43;0.498;0.399;0.231;0.664;0.254;0.364;0.407;0.397;0.329;0.388;0.392;0.38;0.41;0.531;0.324;0.375;0.378;0.482;0.428;0.327;0.395;0.3;0.275;0.254;0.28;0.65;0.667;0.703;0.523;0.538;0.424;0.526;0.44;0.389;0.359;0.503;0.716;0.62;0.392;0.347;0.765;0.636;0.579;0.458;1.100;0.669;0.474;0.333;0.299;0.214;0.557;0.473;0.399;0.503;0.409;0.382;0.453;0.465;0.611;0.451;0.56;0.493;0.823;0.656;0.44;0.418;0.423;0.658;0.116;0.112;0.089;0.124;0.142;0.106;0.171;0.13;0.152;0.11;0.101;0.116;0.27;0.162;0.152;0.166;0.137;0.14;0.115;0.152;0.787;0.448;0.495;0.45;0.281;0.657;0.251;0.306;0.229;0.305;0.251;0.225;0.255;0.285;0.223;0.271;0.217;0.245;0.152;0.134;0.153;0.24;0.189;0.407;0.094;0.09;0.08;0.095;0.074;0.052;0.064;0.104;0.058;0.106;0.166;0.293;0.2;0.155;0.092;0.109;0.181;0.26;0.234;0.11;0.239;0.152;0.137;0.155;0.193;0.234;0.228;0.121;0.186;0.201;0.12;0.264;0.175;0.214;0.177;0.153;0.153;0.168;1.431;0.111;0.119;0.071;0.156;0.212;0.232;0.153;0.212;0.191;0.248;0.206;0.243;0.231;0.2;0.092;0.202;0.159;0.199;0.136;0.203;0.216;0.234;0.226;0.282;0.219;0.193;0.202;0.147;0.132;0.312;0.365;0.148;0.139;0.166;0.184;0.174;0.18;0.161;0.198;0.186;0.11;0.097;0.147;0.243;0.153;0.129;0.119;0.343
2025;QAT;Qatar;0.967;1.616;0.706;0.653;0.879;1.547;1.863;2.465;0.44;0.825;0.352;0.502;0.375;1.266;1.994;2.152;1.797;0.939;1.568;0.401;0.7;16.090;1.412;2.705;0.664;0.685;0.984;0.754;0.623;0.956;0.814;0.671;1.079;0.86;0.573;0.986;0.662;0.624;0.531;0.547;1.504;2.068;17.858;3.772;1.855;1.671;5.825;1.137;0.8;2.088;2.120;2.631;4.474;1.879;1.947;2.277;1.255;1.336;1.897;1.540;1.240;1.603;1.756;1.413;1.230;1.040;0.983;1.176;1.446;0.875;1.100;1.412;1.237;1.843;0.767;1.083;1.512;1.508;1.046;1.187;0.87;0.744;0.905;1.133;0.734;0.854;1.061;0.768;0.846;1.192;1.015;0.952;1.799;1.386;1.108;1.279;0.822;1.073;1.178;0.866;0.733;0.859;1.133;1.070;0.716;0.923;0.908;1.294;0.674;1.002;0.778;0.685;0.826;0.661;2.253;0.973;1.222;0.855;0.679;0.756;0.702;0.677;0.559;0.711;0.813;0.793;0.485;0.973;1.385;1.020;0.979;1.142;0.962;1.285;1.309;0.939;0.836;1.012;0.683;1.842;1.312;0.905;1.144;1.766;0.701;0.695;0.695;0.645;0.712;0.673;0.596;0.725;1.080;1.088;1.234;0.73;2.062;1.161;1.228;0.807;0.78;1.067;0.924;0.846;1.052;0.768;0.536;1.055;1.213;0.831;0.757;0.854;0.8;0.868;1.105;1.100;0.82;0.788;1.022;0.788;0.894;0.775;0.896;0.764;0.873;0.774;0.949;0.948;0.942;0.858;0.739;1.456;1.596;0.439;0.705;0.885;0.866;1.055;0.709;0.9;0.918;1.073;0.894;0.516;1.202;0.502;0.839;0.918;0.82;0.705;0.729;0.785;0.833;0.984;1.219;0.613;0.758;0.876;1.397;1.044;0.759;0.949;0.609;0.614;0.489;0.515;1.391;1.519;1.697;0.983;1.033;0.768;1.076;0.875;0.796;0.723;1.119;1.528;1.276;0.795;0.62;2.175;1.342;1.290;0.897;2.438;1.438;0.918;0.561;0.495;0.395;1.163;0.756;0.723;0.933;0.708;0.679;0.824;0.833;1.420;1.083;1.214;1.147;1.687;1.605;1.011;0.833;0.898;1.352;0.274;0.256;0.208;0.291;0.338;0.26;0.435;0.285;0.348;0.248;0.146;0.28;0.773;0.479;0.452;0.481;0.392;0.371;0.27;0.404;1.752;0.998;1.083;1.018;0.553;1.604;0.527;0.694;0.508;0.7;0.498;0.461;0.546;0.579;0.503;0.481;0.469;0.494;0.358;0.27;0.338;0.597;0.385;1.206;0.177;0.173;0.145;0.177;0.13;0.083;0.107;0.216;0.093;0.173;0.414;0.674;0.42;0.41;0.185;0.245;0.372;0.52;0.435;0.207;0.587;0.289;0.273;0.357;0.441;0.621;0.476;0.239;0.441;0.522;0.195;0.537;0.302;0.436;0.331;0.277;0.283;0.318;3.941;0.248;0.3;0.138;0.331;0.543;0.537;0.335;0.418;0.361;0.524;0.564;0.708;0.652;0.483;0.251;0.436;0.32;0.458;0.233;0.44;0.573;0.611;0.476;0.786;0.559;0.415;0.446;0.328;0.289;0.7;0.76;0.292;0.339;0.284;0.446;0.361;0.374;0.336;0.491;0.33;0.231;0.19;0.283;0.847;0.33;0.262;0.249;0.823
2025;ROU;Romania;0.453;0.565;0.333;0.444;0.415;0.685;0.819;1.277;0.25;0.488;0.249;0.175;0.276;0.816;1.323;0.904;0.894;0.448;0.725;0.337;0.453;2.876;0.599;0.835;0.429;0.431;0.646;0.471;0.392;0.66;0.511;0.402;0.801;0.621;0.389;0.526;0.393;0.345;0.304;0.312;0.586;0.76;13.088;1.219;0.835;0.68;2.928;0.463;0.315;0.961;0.69;0.827;4.365;1.134;1.060;0.815;0.551;0.685;0.826;0.662;1.396;1.141;0.962;0.727;0.7;0.553;0.495;0.671;0.67;0.443;0.595;0.53;0.62;0.865;0.37;0.502;0.618;0.786;0.43;0.625;0.715;0.514;0.701;0.926;0.423;0.627;0.367;0.396;0.708;0.789;0.824;0.661;1.169;0.77;0.85;0.924;0.59;0.756;0.949;0.614;0.503;0.542;0.941;0.633;0.467;0.747;0.65;0.963;0.323;0.405;0.395;0.312;0.436;0.304;0.811;0.385;0.578;0.371;0.29;0.363;0.323;0.327;0.207;0.327;0.403;0.336;0.252;0.402;0.729;0.478;0.607;0.729;0.908;0.772;0.787;0.64;0.557;0.499;0.365;0.811;0.864;0.477;0.632;1.091;0.295;0.475;0.497;0.474;0.463;0.539;0.377;0.512;0.708;0.581;0.894;0.513;1.612;0.792;0.848;0.463;0.394;0.567;0.42;0.423;0.61;0.377;0.303;0.806;1.072;0.525;0.302;0.27;0.31;0.315;0.367;0.438;0.321;0.229;0.372;0.314;0.338;0.319;0.265;0.26;0.288;0.284;0.396;0.375;0.308;0.288;0.294;0.453;0.763;0.187;0.325;0.308;0.316;0.396;0.319;0.389;0.384;0.405;0.285;0.244;0.491;0.212;0.304;0.283;0.314;0.296;0.3;0.297;0.299;0.317;0.427;0.237;0.408;0.292;0.418;0.401;0.293;0.33;0.221;0.235;0.183;0.232;0.764;0.789;0.891;0.383;0.505;0.295;0.528;0.349;0.328;0.233;0.631;1.511;1.007;0.628;0.689;2.531;2.339;1.254;1.310;1.286;0.825;1.654;0.311;0.253;0.242;2.383;0.797;0.558;0.884;0.67;0.49;0.95;0.793;0.517;0.46;0.508;0.314;0.505;0.697;0.498;0.446;0.364;0.593;0.206;0.174;0.182;0.226;0.302;0.204;0.345;0.273;0.302;0.21;0.044;0.208;0.576;0.281;0.241;0.202;0.255;0.235;0.182;0.258;1.001;0.507;0.504;0.378;0.47;0.579;0.245;0.28;0.28;0.274;0.233;0.188;0.222;0.211;0.183;0.251;0.175;0.213;0.373;0.291;0.431;0.253;0.178;0.399;0.16;0.15;0.119;0.14;0.086;0.054;0.076;0.158;0.054;0.073;0.151;0.437;0.336;0.305;0.164;0.19;0.152;0.271;0.177;0.156;0.327;0.207;0.198;0.25;0.292;0.394;0.31;0.179;0.289;0.307;0.12;0.307;0.199;0.306;0.194;0.167;0.263;0.174;0.956;0.079;0.095;0.075;0.146;0.134;0.162;0.141;0.208;0.175;0.204;0.159;0.16;0.168;0.156;0.082;0.193;0.11;0.134;0.094;0.128;0.205;0.185;0.204;0.325;0.219;0.213;0.223;0.171;0.232;0.228;0.242;0.232;0.231;0.285;0.28;0.23;0.19;0.133;0.171;0.225;0.055;0.056;0.175;0.069;0.072;0.065;0.05;0.305
2025;ROW;Rest of World;0.425;0.421;0.484;0.991;0.226;0.616;0.642;1.597;0.196;1.163;0.282;0.241;0.461;0.464;0.651;1.102;1.032;1.235;1.504;0.361;1.219;6.536;1.063;1.479;1.105;1.049;0.857;1.238;1.058;1.718;1.287;0.775;1.296;1.437;1.108;1.365;0.666;0.559;0.602;0.519;1.642;1.663;10.948;4.950;2.744;2.054;2.761;1.560;2.067;2.835;1.152;1.842;2.115;1.342;2.122;1.323;1.171;1.093;3.322;2.195;0.689;0.837;0.928;1.517;1.211;1.190;0.815;1.256;1.353;0.963;0.966;1.527;1.387;1.251;0.814;0.937;1.770;1.264;1.097;1.237;0.842;0.872;0.724;0.947;0.854;0.991;0.91;0.662;0.855;0.855;1.360;1.109;1.564;1.060;1.178;1.199;0.823;0.888;0.923;0.744;0.745;0.876;0.758;1.159;0.985;1.173;1.004;0.926;0.902;1.281;0.803;0.868;1.107;0.784;1.458;0.914;0.885;0.829;0.735;0.747;0.784;0.729;0.744;0.798;0.971;0.855;0.663;1.625;1.524;0.749;0.731;0.907;0.969;0.713;0.793;0.656;0.825;0.673;0.791;1.172;0.975;0.861;0.722;2.751;0.627;0.774;0.774;0.694;0.709;0.447;0.709;0.793;0.983;0.83;1.084;0.737;1.349;0.973;0.966;0.801;0.843;1.132;1.057;0.963;0.87;1.035;0.675;1.217;1.026;0.636;0.643;0.698;0.686;0.725;0.504;0.82;0.72;0.617;0.915;0.773;0.8;0.739;0.503;0.824;1.218;0.897;1.069;1.068;0.989;0.664;0.467;0.508;0.816;0.407;0.445;0.886;0.894;0.631;0.602;0.547;0.6;0.538;0.919;0.324;0.978;0.333;0.609;0.81;0.669;0.589;0.828;0.75;0.578;0.685;0.582;0.56;0.778;0.216;0.819;0.912;0.744;0.923;0.832;0.721;0.82;0.802;1.971;1.707;1.703;1.074;1.183;1.036;1.413;1.082;0.771;0.706;0.299;0.797;0.608;0.742;0.694;4.073;1.158;2.301;1.542;1.003;1.448;0.716;0.695;0.588;0.638;1.337;1.245;0.971;0.814;0.755;0.621;1.069;1.832;0.9;0.734;0.928;0.66;0.796;1.027;0.892;0.795;0.896;0.876;0.505;0.86;0.614;0.897;0.199;0.223;0.264;0.755;0.234;0.214;0.2;0.172;0.339;0.252;0.219;0.205;0.255;0.205;0.213;0.215;0.812;0.819;0.695;0.382;1.822;0.948;0.364;0.402;0.743;0.784;0.815;0.729;0.686;0.236;0.395;0.675;0.625;0.822;0.695;0.399;0.673;0.256;0.437;0.497;0.267;0.215;0.183;0.258;0.232;0.249;0.27;0.186;0.068;0.088;0.199;0.691;0.654;0.5;0.267;0.525;0.272;0.399;0.405;0.72;0.675;0.723;0.76;0.627;0.73;0.619;0.675;0.306;0.597;0.713;0.508;0.54;0.429;0.785;0.582;0.53;0.473;0.487;1.904;0.282;0.335;0.195;0.428;0.361;0.381;0.376;0.427;0.367;0.41;0.448;0.42;0.367;0.316;0.353;0.274;0.92;0.475;0.925;0.278;0.585;0.338;0.282;0.327;0.659;0.428;0.459;0.411;1.158;0.886;0.935;0.895;0.464;0.382;0.699;0.464;0.319;0.231;0.416;0;0.318;0.153;0.325;0.494;0.387;0.283;0.272;0.261
2025;RUS;Russian Federation;0.948;1.209;0.903;1.338;0.908;1.505;1.778;2.699;0.585;1.147;0.646;0.928;0.94;0.656;0.865;2.474;2.167;0.963;1.687;0.436;1.426;12.168;2.386;4.080;0.851;0.839;1.347;0.946;0.847;1.336;1.084;0.911;1.435;1.122;0.901;1.223;1.546;1.641;1.130;1.254;1.585;2.521;14.273;3.824;2.571;2.080;5.813;1.561;1.177;2.673;2.350;2.586;6.075;2.895;3.622;2.357;1.800;1.869;2.564;2.360;2.379;2.925;2.559;2.079;1.970;1.774;1.482;2.068;2.558;1.285;1.710;2.032;1.929;2.788;1.184;1.532;1.900;1.885;1.768;1.996;1.581;1.205;1.492;2.095;1.211;1.598;1.000;0.798;1.774;2.170;2.023;1.620;3.206;2.228;2.068;2.326;1.698;1.972;2.176;1.564;1.366;1.443;2.105;1.553;1.164;1.699;1.548;2.080;0.727;0.977;0.896;1.028;1.228;1.108;2.845;1.244;1.586;1.408;0.945;1.236;1.302;1.099;0.576;0.71;0.872;0.779;0.52;0.957;1.993;1.502;1.022;1.214;1.573;1.319;1.525;1.495;1.423;1.467;1.052;1.939;2.293;1.170;1.971;2.379;0.941;1.162;1.171;1.067;0.984;1.036;0.829;1.123;1.649;1.524;1.687;1.206;2.851;1.734;1.885;1.069;1.139;1.784;1.482;1.069;1.601;1.253;0.889;1.492;1.941;1.631;1.140;1.088;1.132;1.243;1.583;1.812;1.323;0.839;1.235;1.140;1.282;0.856;0.972;1.006;1.148;0.934;1.250;1.392;1.318;1.020;1.031;1.812;2.218;0.6;1.004;1.188;1.245;1.346;1.051;1.194;1.182;1.446;1.189;0.828;1.578;0.854;0.956;1.169;1.132;0.966;1.100;1.038;1.043;1.204;1.336;0.966;1.371;1.046;1.851;1.179;0.825;0.98;0.629;0.734;0.563;0.68;1.935;2.184;2.663;1.621;1.564;1.256;1.619;1.277;1.314;1.317;0.768;2.224;1.447;0.894;1.305;5.203;3.853;2.579;2.337;2.572;1.878;1.590;0.613;0.594;0.45;2.267;1.131;1.194;1.759;1.377;1.067;1.344;1.743;1.621;1.306;1.484;1.215;1.736;2.025;1.484;1.308;1.249;2.322;0.541;0.434;0.441;0.513;0.533;0.566;0.77;0.538;0.675;0.549;0.336;0.498;1.219;0.698;0.505;0.587;0.725;0.734;0.477;0.681;2.024;1.916;3.182;1.904;0.971;3.421;1.114;0.655;0.877;0.717;0.662;0.594;0.697;0.626;0.523;0.613;0.431;0.491;1.028;0.649;0.793;0.443;0.259;0.884;0.262;0.239;0.24;0.258;0.141;0.081;0.118;0.238;0.219;0.481;0.842;0.74;0.6;0.504;0.302;0.398;0.335;0.433;0.399;0.289;0.661;0.423;0.392;0.464;0.521;0.815;0.551;0.404;0.543;0.756;0.24;0.58;0.35;0.55;0.435;0.39;0.405;0.368;5.026;0.387;0.543;0.251;0.573;0.639;0.68;0.52;0.62;0.471;0.72;0.848;0.935;0.884;0.701;0.53;0.676;0.34;0.479;0.235;0.479;0.801;1.031;0.584;1.110;1.334;0.801;0.86;0.647;0.465;0.913;0.841;0.627;0.846;0.589;0.891;0.459;0.496;0.502;0.727;0.574;0.44;0.307;0.525;1.225;0.648;0.484;0.486;1.061
2025;RWA;Rwanda;0.278;0.391;0.205;0.215;0.229;0.414;0.44;0.603;0.127;0.234;0.119;0.162;0.137;0.346;0.507;0.585;0.507;0.319;0.481;0.195;0.303;1.908;0.383;0.772;0.332;0.355;0.439;0.355;0.303;0.484;0.386;0.341;0.488;0.408;0.274;0.483;0.29;0.231;0.23;0.236;0.528;0.7;4.150;1.546;0.752;0.703;1.478;0.49;0.366;0.748;0.694;1.048;1.200;0.664;0.711;0.741;0.494;0.525;0.667;0.614;0.473;0.606;0.678;0.551;0.499;0.433;0.431;0.47;0.618;0.374;0.445;0.559;0.489;0.675;0.365;0.454;0.603;0.586;0.454;0.47;0.388;0.352;0.4;0.476;0.338;0.381;0.434;0.426;0.362;0.474;0.407;0.401;0.673;0.546;0.467;0.502;0.373;0.459;0.466;0.4;0.337;0.392;0.483;0.462;0.337;0.412;0.397;0.533;0.333;0.438;0.376;0.35;0.417;0.334;0.843;0.458;0.524;0.429;0.321;0.357;0.337;0.333;0.298;0.338;0.39;0.361;0.261;0.44;0.644;0.474;0.413;0.488;0.455;0.499;0.523;0.403;0.397;0.442;0.335;0.664;0.539;0.392;0.477;0.746;0.318;0.346;0.347;0.331;0.337;0.306;0.311;0.347;0.476;0.483;0.532;0.348;0.793;0.497;0.528;0.371;0.363;0.463;0.417;0.414;0.485;0.348;0.267;0.476;0.545;0.386;0.32;0.326;0.326;0.358;0.438;0.431;0.34;0.295;0.42;0.355;0.393;0.313;0.356;0.313;0.367;0.337;0.477;0.404;0.375;0.352;0.286;0.459;0.498;0.179;0.261;0.333;0.368;0.378;0.308;0.336;0.345;0.391;0.363;0.201;0.53;0.21;0.317;0.361;0.336;0.288;0.349;0.337;0.326;0.399;0.458;0.303;0.328;0.339;0.467;0.405;0.303;0.374;0.282;0.256;0.241;0.258;0.514;0.55;0.539;0.454;0.47;0.379;0.449;0.392;0.352;0.322;0.35;0.523;0.462;0.293;0.295;0.694;0.503;0.512;0.379;0.779;0.529;0.39;0.302;0.275;0.195;0.406;0.416;0.348;0.439;0.363;0.35;0.384;0.417;0.508;0.383;0.484;0.401;0.64;0.608;0.388;0.352;0.375;0.548;0.101;0.106;0.083;0.111;0.123;0.102;0.153;0.117;0.131;0.101;0.094;0.096;0.228;0.164;0.149;0.169;0.128;0.137;0.11;0.146;0.522;0.293;0.334;0.297;0.219;0.44;0.188;0.22;0.194;0.279;0.231;0.208;0.239;0.256;0.214;0.246;0.2;0.215;0.147;0.125;0.136;0.232;0.174;0.378;0.088;0.082;0.073;0.09;0.068;0.048;0.059;0.075;0.053;0.092;0.134;0.216;0.159;0.147;0.086;0.106;0.167;0.208;0.205;0.101;0.228;0.141;0.129;0.148;0.18;0.237;0.225;0.112;0.183;0.191;0.11;0.204;0.16;0.191;0.16;0.14;0.133;0.147;1.041;0.099;0.11;0.065;0.149;0.212;0.223;0.148;0.202;0.175;0.232;0.201;0.246;0.23;0.189;0.09;0.186;0.154;0.197;0.13;0.201;0.218;0.234;0.19;0.281;0.208;0.17;0.18;0.136;0.12;0.292;0.315;0.138;0.136;0.144;0.171;0.15;0.145;0.15;0.186;0.151;0.102;0.087;0.125;0.263;0.136;0.116;0.108;0.238
2025;SAU;Saudi Arabia;0.479;0.629;0.448;0.624;0.479;0.766;0.87;1.196;0.317;0.564;0.332;0.496;0.425;0.073;0.118;0.215;0.225;0.151;0.218;0.038;0.19;9.799;1.205;2.055;0.857;0.846;1.227;0.826;0.835;1.055;0.894;0.762;1.448;1.062;0.672;1.014;1.082;1.528;0.956;1.081;0.771;1.111;5.423;0.788;0.636;0.566;2.199;0.787;0.514;1.096;1.180;0.807;3.405;1.506;1.023;0.662;0.727;0.688;1.085;0.964;0.776;1.021;1.098;1.095;0.798;0.77;0.82;0.842;0.901;0.671;0.804;0.914;0.886;1.495;0.554;0.783;1.035;0.932;0.922;0.895;1.044;0.998;1.216;1.287;0.935;0.902;0.721;0.778;3.184;1.179;4.655;1.130;1.999;1.274;1.067;1.363;0.939;1.159;1.387;1.161;0.754;0.959;1.045;0.978;0.923;1.045;1.105;1.102;0.827;0.845;0.886;0.826;1.209;0.787;2.458;0.762;0.968;0.829;0.759;0.844;0.725;0.728;0.501;0.688;0.881;0.728;0.535;0.882;1.374;0.878;1.056;1.177;1.711;1.485;1.280;0.846;0.88;0.731;0.728;1.201;1.280;0.735;0.993;1.714;0.631;0.57;0.648;0.571;0.587;0.542;0.614;0.628;0.874;1.013;0.873;0.662;1.142;0.782;0.846;1.058;0.925;1.129;0.961;0.932;1.016;0.838;0.601;0.771;0.943;1.223;1.290;2.134;1.490;1.259;1.675;1.382;1.309;2.860;1.224;0.927;0.742;0.871;0.959;0.59;1.237;1.040;1.422;1.379;1.220;0.577;0.45;0.648;1.046;0.418;0.451;0.674;0.605;0.635;0.602;0.67;0.587;0.585;0.554;0.371;0.571;0.519;0.539;0.512;0.57;0.554;0.51;0.554;0.6;0.607;0.654;0.475;0.815;0.522;0.879;0.84;0.749;0.948;0.647;0.561;0.572;0.538;1.581;1.684;1.904;0.938;0.954;0.725;1.171;0.955;0.785;0.903;0.686;1.337;0.875;0.464;0.52;2.371;1.896;0.837;1.377;2.236;1.360;2.126;0.559;0.63;0.482;2.868;1.113;0.598;0.983;0.813;0.581;0.88;0.718;3.019;1.683;2.340;2.307;6.208;1.526;1.434;2.139;1.626;2.272;0.468;0.421;0.426;0.49;0.515;0.494;0.734;0.503;0.628;0.478;0.025;0.448;1.194;0.755;0.572;0.53;0.542;0.608;0.423;0.571;1.565;2.576;2.456;2.335;1.008;3.655;1.109;1.375;0.626;0.682;0.51;0.588;0.701;0.371;0.449;0.814;0.6;0.643;0.923;0.672;1.171;0.55;0.474;0.857;0.188;0.169;0.154;0.174;0.112;0.057;0.088;0.247;0.077;0.084;0.202;1.964;1.509;0.963;0.561;0.74;0.426;0.642;0.467;0.192;1.373;0.742;0.87;0.983;1.197;1.030;0.854;0.647;0.877;1.316;0.631;2.009;0.93;1.219;0.82;0.849;0.989;1.164;9.270;0.171;0.183;0.141;0.451;0.463;0.76;0.478;0.587;0.519;0.715;0.519;0.56;0.525;0.527;0.153;0.842;0.192;0.249;0.173;0.241;0.233;0.199;0.275;0.313;0.711;0.579;0.701;0.525;0.441;0.83;1.498;0.219;0.228;0.163;0.277;0.263;0.527;0.533;0.585;0.128;0.128;0.089;0.778;0.235;0.182;0.166;0.112;1.108
2025;SEN;Senegal;0.785;1.329;0.554;0.494;0.716;1.276;1.520;2.034;0.353;0.669;0.284;0.396;0.286;0.935;1.480;1.520;1.270;0.624;1.055;0.316;0.511;3.611;1.108;1.581;0.527;0.553;0.786;0.597;0.493;0.769;0.638;0.537;0.86;0.68;0.446;0.805;0.428;0.387;0.34;0.367;0.963;1.220;13.790;3.012;1.403;1.265;4.431;0.736;0.558;1.347;1.156;2.035;3.384;1.342;1.061;1.162;0.723;0.83;1.045;0.882;0.866;1.017;1.227;0.953;0.895;0.739;0.689;0.858;0.955;0.598;0.755;0.894;0.791;1.193;0.525;0.716;0.961;1.094;0.71;0.805;0.636;0.519;0.663;0.81;0.482;0.579;0.606;0.596;0.603;0.771;0.746;0.629;1.107;0.863;0.767;0.795;0.564;0.703;0.753;0.581;0.507;0.59;0.832;0.748;0.495;0.645;0.602;0.901;0.442;0.586;0.518;0.486;0.575;0.47;1.196;0.627;0.741;0.604;0.439;0.513;0.491;0.481;0.412;0.477;0.547;0.505;0.349;0.62;0.941;0.73;0.655;0.808;0.753;0.828;0.892;0.67;0.59;0.687;0.487;0.971;0.855;0.565;0.793;1.165;0.445;0.495;0.497;0.476;0.504;0.475;0.445;0.54;0.703;0.709;0.815;0.526;1.457;0.808;0.832;0.582;0.547;0.7;0.609;0.622;0.79;0.531;0.382;0.747;0.888;0.622;0.501;0.59;0.534;0.601;0.778;0.773;0.562;0.593;0.653;0.526;0.576;0.453;0.524;0.468;0.595;0.546;0.752;0.669;0.642;0.627;0.567;0.995;1.131;0.326;0.525;0.598;0.6;0.716;0.496;0.68;0.67;0.79;0.577;0.347;0.988;0.379;0.55;0.6;0.589;0.486;0.532;0.57;0.571;0.578;0.809;0.434;0.543;0.561;0.745;0.625;0.476;0.569;0.407;0.391;0.337;0.373;1.044;1.065;1.205;0.745;0.768;0.58;0.784;0.627;0.552;0.507;0.877;1.205;1.012;0.638;0.492;1.239;1.006;0.859;0.686;1.925;1.076;0.711;0.439;0.389;0.289;0.935;0.633;0.555;0.708;0.554;0.509;0.644;0.632;0.972;0.712;0.842;0.798;1.317;0.973;0.665;0.624;0.618;0.994;0.179;0.16;0.131;0.187;0.22;0.154;0.268;0.189;0.231;0.16;0.126;0.188;0.462;0.245;0.237;0.246;0.218;0.207;0.164;0.227;1.423;0.812;0.884;0.82;0.434;1.222;0.412;0.532;0.352;0.449;0.346;0.314;0.357;0.405;0.312;0.364;0.311;0.354;0.216;0.185;0.227;0.348;0.263;0.665;0.126;0.124;0.108;0.126;0.098;0.066;0.084;0.176;0.074;0.144;0.278;0.504;0.317;0.235;0.125;0.15;0.253;0.405;0.331;0.149;0.348;0.206;0.187;0.219;0.279;0.334;0.302;0.164;0.26;0.301;0.156;0.423;0.233;0.304;0.242;0.205;0.216;0.238;2.667;0.166;0.179;0.098;0.214;0.302;0.329;0.21;0.283;0.259;0.346;0.311;0.363;0.345;0.291;0.137;0.285;0.212;0.273;0.173;0.273;0.309;0.335;0.346;0.418;0.325;0.282;0.296;0.21;0.19;0.446;0.542;0.202;0.198;0.227;0.273;0.258;0.279;0.222;0.294;0.273;0.154;0.135;0.214;0.378;0.223;0.184;0.169;0.623
2025;SGP;Singapore;0.278;0.257;0.313;0.453;0.267;0.29;0.39;0.472;0.247;0.37;0.303;0.361;0.286;0;0;0;0;0;0;0;0;8.204;2.468;1.139;0.516;0.485;0.675;0.525;0.502;0.622;0.511;0.487;0.673;0.615;0.467;0.651;0.438;0.373;0.411;0.491;0.993;1.083;8.881;2.494;1.192;1.219;1.110;0.763;0.71;1.216;0.859;1.587;3.948;1.568;1.566;1.314;0.826;0.984;1.393;1.114;1.427;1.454;1.424;1.154;1.052;0.844;0.877;0.972;1.119;0.759;1.013;0.952;0.942;1.492;0.592;0.798;0.869;1.469;0.742;0.893;0.419;0.464;0.505;0.355;0.396;0.487;0.572;0.612;0.638;0.519;0.88;0.541;0.707;0.524;0.558;0.566;0.498;0.519;0.53;0.418;0.385;0.485;0.498;0.563;0.448;0.37;0.485;0.691;0.474;0.445;0.566;0.669;0.793;0.529;1.109;0.842;0.774;0.695;0.502;0.613;0.656;0.539;0.461;0.42;0.453;0.441;0.362;0.391;1.061;0.797;0.665;0.537;0.961;0.58;0.611;0.717;0.611;0.73;0.568;0.972;1.001;0.646;0.902;1.611;0.526;0.586;0.562;0.521;0.418;0.367;0.557;0.451;0.653;0.752;0.611;0.58;0.765;0.596;0.6;0.319;0.262;0.467;0.446;0.453;0.443;0.39;0.336;0.452;0.711;0.402;0.55;0.623;0.601;0.661;0.831;0.808;0.607;0.604;0.529;0.416;0.634;0.417;0.465;0.505;0.555;0.526;0.821;0.702;0.632;0.583;0.436;0.917;1.234;0.406;0.581;0.625;0.554;0.639;0.626;0.523;0.493;0.501;0.585;0.482;0.597;0.455;0.494;0.547;0.611;0.512;0.518;0.546;0.568;0.557;0.666;0.445;0.585;0.406;0.663;0.557;0.413;0.514;0.495;0.456;0.426;0.492;1.101;0.907;1.055;0.628;0.751;0.47;0.782;0.516;0.488;0.615;0.645;2.111;1.581;0.964;0.509;2.012;1.245;1.064;0.751;1.812;1.076;0.572;0.162;0.154;0.128;0.843;0.309;0.528;0.658;0.594;0.494;0.821;0.703;0.786;0.612;0.654;0.523;0.894;0.837;0.613;0.629;0.579;0.666;0.396;0.454;0.386;0.427;0.481;0.404;0.566;0.55;0.58;0.485;0.113;0.38;0.671;0.497;0.456;0.468;0.424;0.475;0.439;0.485;1.517;0.737;2.546;0.544;0.425;0.948;0.296;0.395;0.437;0.478;0.483;0.406;0.494;0.507;0.412;0.493;0.462;0.538;0.344;0.325;0.361;0.471;0.38;0.656;0.165;0.185;0.17;0.188;0.085;0.062;0.16;0.244;0.117;0.129;0.24;0.506;0.467;0.303;0.207;0.208;0.376;0.564;0.53;0.248;0.344;0.293;0.262;0.269;0.343;0.407;0.317;0.252;0.297;0.2;0.072;0.38;0.14;0.164;0.156;0.155;0.167;0.158;0.815;0.161;0.186;0.108;0.195;0.217;0.267;0.178;0.26;0.224;0.316;0.265;0.22;0.307;0.231;0.17;0.308;0.138;0.213;0.129;0.152;0.232;0.351;0.239;0.346;0.508;0.402;0.507;0.335;0.648;0.281;0.357;0.3;0.25;0.335;0.374;0.293;0.231;0.185;0.285;0.188;0.346;0.187;0.364;0.411;0.418;0.297;0.353;0.842
2025;SLB;Solomon Islands;0.414;0.615;0.299;0.299;0.347;0.637;0.692;0.94;0.183;0.347;0.168;0.227;0.186;0.494;0.74;0.817;0.702;0.415;0.638;0.257;0.392;1.172;0.557;0.981;0.435;0.466;0.579;0.466;0.397;0.629;0.504;0.445;0.639;0.531;0.355;0.636;0.363;0.289;0.287;0.299;0.676;0.871;6.360;2.049;0.981;0.915;2.188;0.617;0.472;0.95;0.841;1.377;1.737;0.86;0.859;0.868;0.6;0.649;0.799;0.748;0.6;0.754;0.858;0.694;0.637;0.552;0.546;0.602;0.777;0.472;0.559;0.692;0.606;0.844;0.461;0.568;0.748;0.748;0.572;0.593;0.494;0.444;0.511;0.605;0.421;0.48;0.528;0.553;0.468;0.59;0.539;0.502;0.828;0.674;0.591;0.619;0.47;0.574;0.579;0.501;0.426;0.494;0.616;0.585;0.425;0.522;0.498;0.674;0.419;0.539;0.474;0.447;0.532;0.425;1.010;0.571;0.644;0.544;0.402;0.45;0.426;0.424;0.383;0.426;0.491;0.449;0.334;0.552;0.813;0.601;0.518;0.618;0.597;0.622;0.659;0.513;0.501;0.553;0.425;0.784;0.666;0.485;0.601;0.934;0.394;0.438;0.439;0.422;0.426;0.389;0.398;0.444;0.591;0.6;0.663;0.442;1.005;0.626;0.663;0.472;0.461;0.579;0.523;0.532;0.622;0.44;0.338;0.605;0.696;0.493;0.404;0.422;0.415;0.457;0.563;0.55;0.433;0.397;0.526;0.447;0.49;0.382;0.434;0.383;0.467;0.432;0.626;0.516;0.474;0.447;0.368;0.578;0.648;0.228;0.336;0.417;0.468;0.474;0.393;0.431;0.44;0.501;0.45;0.251;0.699;0.272;0.393;0.446;0.429;0.365;0.445;0.43;0.411;0.486;0.57;0.387;0.422;0.42;0.553;0.497;0.376;0.457;0.353;0.318;0.304;0.328;0.697;0.731;0.734;0.595;0.613;0.492;0.59;0.507;0.452;0.412;0.483;0.726;0.629;0.4;0.388;0.848;0.662;0.645;0.499;1.118;0.716;0.52;0.391;0.357;0.251;0.57;0.554;0.45;0.57;0.474;0.45;0.497;0.541;0.658;0.487;0.623;0.526;0.877;0.748;0.489;0.467;0.481;0.712;0.129;0.132;0.104;0.141;0.157;0.126;0.192;0.149;0.167;0.125;0.124;0.123;0.288;0.193;0.177;0.2;0.153;0.166;0.136;0.177;0.764;0.426;0.489;0.433;0.288;0.638;0.259;0.305;0.251;0.353;0.294;0.264;0.3;0.33;0.266;0.319;0.255;0.28;0.182;0.159;0.176;0.284;0.22;0.467;0.113;0.106;0.095;0.115;0.089;0.063;0.077;0.107;0.068;0.121;0.176;0.299;0.213;0.18;0.11;0.131;0.214;0.284;0.271;0.13;0.282;0.181;0.164;0.184;0.227;0.285;0.283;0.14;0.226;0.234;0.144;0.28;0.209;0.245;0.206;0.18;0.173;0.193;1.436;0.125;0.136;0.083;0.186;0.256;0.277;0.184;0.257;0.226;0.293;0.243;0.29;0.274;0.231;0.107;0.232;0.194;0.242;0.167;0.25;0.261;0.28;0.251;0.335;0.253;0.214;0.226;0.168;0.151;0.366;0.411;0.175;0.166;0.188;0.212;0.196;0.19;0.188;0.229;0.198;0.128;0.111;0.163;0.298;0.173;0.148;0.136;0.34
2025;SLE;Sierra Leone;0.507;0.808;0.363;0.344;0.446;0.801;0.919;1.238;0.228;0.43;0.195;0.268;0.206;0.611;0.942;1.006;0.852;0.462;0.744;0.257;0.406;2.551;0.707;1.143;0.432;0.458;0.607;0.476;0.399;0.629;0.512;0.442;0.669;0.543;0.36;0.644;0.362;0.307;0.287;0.303;0.735;0.948;8.423;2.239;1.062;0.974;2.796;0.617;0.467;1.033;0.915;1.513;2.178;0.977;0.887;0.943;0.611;0.675;0.851;0.754;0.658;0.804;0.937;0.744;0.688;0.581;0.56;0.654;0.789;0.485;0.594;0.724;0.637;0.921;0.45;0.585;0.78;0.824;0.583;0.632;0.51;0.439;0.529;0.638;0.414;0.482;0.525;0.522;0.481;0.619;0.571;0.515;0.883;0.703;0.615;0.646;0.471;0.583;0.607;0.495;0.425;0.494;0.651;0.603;0.42;0.53;0.502;0.712;0.396;0.522;0.455;0.426;0.506;0.409;1.027;0.551;0.639;0.525;0.387;0.44;0.418;0.413;0.363;0.414;0.476;0.439;0.313;0.538;0.801;0.604;0.533;0.644;0.605;0.659;0.701;0.534;0.497;0.564;0.415;0.817;0.694;0.483;0.631;0.957;0.386;0.426;0.427;0.409;0.423;0.392;0.384;0.445;0.593;0.6;0.675;0.44;1.105;0.65;0.68;0.478;0.459;0.585;0.518;0.524;0.637;0.442;0.329;0.613;0.715;0.504;0.411;0.452;0.429;0.477;0.601;0.594;0.449;0.435;0.538;0.444;0.488;0.386;0.442;0.391;0.481;0.442;0.619;0.534;0.503;0.483;0.415;0.699;0.783;0.248;0.382;0.458;0.483;0.534;0.402;0.494;0.495;0.574;0.469;0.27;0.749;0.291;0.427;0.476;0.458;0.384;0.444;0.451;0.443;0.491;0.623;0.374;0.434;0.447;0.6;0.515;0.389;0.472;0.348;0.324;0.293;0.32;0.764;0.795;0.846;0.601;0.621;0.484;0.613;0.511;0.454;0.416;0.587;0.836;0.716;0.453;0.394;0.949;0.737;0.681;0.527;1.304;0.787;0.546;0.376;0.339;0.245;0.65;0.533;0.453;0.575;0.464;0.435;0.512;0.53;0.726;0.538;0.657;0.586;0.959;0.787;0.521;0.485;0.496;0.762;0.139;0.133;0.107;0.148;0.169;0.129;0.208;0.153;0.179;0.13;0.113;0.138;0.335;0.204;0.191;0.208;0.17;0.172;0.138;0.186;0.929;0.526;0.584;0.532;0.319;0.791;0.292;0.361;0.269;0.364;0.291;0.263;0.3;0.332;0.265;0.309;0.257;0.285;0.183;0.157;0.182;0.291;0.22;0.514;0.109;0.104;0.092;0.11;0.085;0.059;0.073;0.122;0.065;0.119;0.201;0.348;0.234;0.19;0.107;0.13;0.212;0.303;0.269;0.127;0.289;0.176;0.16;0.185;0.231;0.288;0.27;0.139;0.224;0.245;0.136;0.307;0.2;0.249;0.203;0.175;0.175;0.193;1.772;0.131;0.144;0.082;0.183;0.259;0.278;0.181;0.247;0.22;0.291;0.255;0.304;0.287;0.24;0.113;0.236;0.186;0.238;0.155;0.241;0.265;0.286;0.265;0.35;0.266;0.225;0.237;0.173;0.155;0.37;0.427;0.172;0.168;0.187;0.221;0.203;0.208;0.188;0.239;0.209;0.128;0.112;0.169;0.32;0.18;0.15;0.139;0.412
2025;SLV;El Salvador;0.531;0.842;0.378;0.358;0.462;0.841;0.954;1.285;0.235;0.447;0.204;0.277;0.215;0.626;0.963;1.021;0.866;0.469;0.75;0.274;0.423;1.096;0.723;1.124;0.462;0.492;0.638;0.503;0.425;0.669;0.542;0.471;0.701;0.573;0.38;0.685;0.375;0.309;0.297;0.314;0.746;0.945;8.660;2.321;1.095;1.009;2.874;0.641;0.493;1.044;0.896;1.557;2.234;0.985;0.885;0.904;0.617;0.684;0.834;0.763;0.664;0.81;0.946;0.753;0.701;0.598;0.58;0.666;0.815;0.5;0.604;0.732;0.644;0.922;0.474;0.599;0.79;0.834;0.603;0.643;0.529;0.46;0.549;0.655;0.431;0.5;0.534;0.566;0.504;0.628;0.598;0.529;0.882;0.71;0.632;0.652;0.49;0.599;0.614;0.516;0.443;0.515;0.67;0.623;0.44;0.551;0.519;0.727;0.421;0.539;0.481;0.456;0.541;0.435;1.023;0.578;0.656;0.557;0.406;0.462;0.44;0.437;0.39;0.435;0.501;0.457;0.338;0.562;0.84;0.631;0.547;0.663;0.643;0.665;0.713;0.551;0.521;0.581;0.439;0.801;0.704;0.498;0.646;0.981;0.402;0.45;0.451;0.435;0.444;0.409;0.409;0.468;0.612;0.62;0.694;0.461;1.115;0.668;0.7;0.498;0.48;0.602;0.539;0.555;0.664;0.46;0.348;0.638;0.743;0.526;0.426;0.466;0.443;0.492;0.618;0.606;0.464;0.454;0.551;0.464;0.505;0.391;0.448;0.397;0.497;0.46;0.664;0.554;0.513;0.491;0.42;0.679;0.774;0.252;0.385;0.458;0.499;0.53;0.418;0.495;0.498;0.574;0.475;0.272;0.781;0.3;0.426;0.477;0.468;0.393;0.466;0.465;0.449;0.497;0.623;0.398;0.453;0.449;0.58;0.519;0.396;0.476;0.363;0.332;0.311;0.338;0.8;0.824;0.87;0.638;0.656;0.516;0.644;0.539;0.477;0.435;0.597;0.871;0.742;0.471;0.418;0.926;0.757;0.693;0.552;1.370;0.822;0.576;0.405;0.367;0.26;0.682;0.581;0.478;0.608;0.497;0.465;0.537;0.566;0.74;0.541;0.679;0.599;1.012;0.789;0.53;0.513;0.514;0.787;0.141;0.137;0.11;0.151;0.172;0.13;0.209;0.158;0.182;0.132;0.126;0.139;0.329;0.198;0.186;0.203;0.165;0.172;0.14;0.185;0.97;0.545;0.614;0.553;0.328;0.816;0.305;0.372;0.277;0.374;0.306;0.276;0.311;0.349;0.274;0.331;0.268;0.3;0.188;0.165;0.189;0.294;0.23;0.507;0.116;0.11;0.099;0.118;0.091;0.065;0.079;0.129;0.07;0.128;0.203;0.36;0.243;0.19;0.113;0.134;0.223;0.322;0.29;0.134;0.293;0.187;0.169;0.19;0.238;0.288;0.284;0.145;0.23;0.246;0.148;0.324;0.216;0.259;0.216;0.187;0.184;0.206;1.784;0.135;0.144;0.087;0.191;0.261;0.285;0.188;0.262;0.234;0.304;0.253;0.297;0.282;0.241;0.111;0.243;0.197;0.245;0.169;0.252;0.265;0.285;0.278;0.344;0.265;0.229;0.242;0.176;0.159;0.382;0.447;0.18;0.17;0.199;0.223;0.213;0.215;0.195;0.241;0.219;0.133;0.117;0.177;0.3;0.185;0.157;0.143;0.425
2025;SVK;Slovak Republic;0.341;0.436;0.287;0.39;0.345;0.532;0.617;0.987;0.276;0.417;0.25;0.31;0.317;1.604;3.456;1.916;1.724;0.718;1.237;0.73;0.347;1.843;0.707;1.068;0.266;0.231;0.335;0.267;0.235;0.342;0.26;0.231;0.382;0.289;0.247;0.316;0.232;0.158;0.178;0.197;0.533;0.685;9.884;2.234;1.245;0.984;3.837;0.458;0.326;1.249;0.611;1.491;5.093;1.180;1.423;0.94;0.762;0.93;1.136;0.834;1.614;1.559;1.083;0.843;0.721;0.647;0.586;0.786;0.78;0.444;0.634;0.591;0.633;0.966;0.411;0.517;0.573;1.021;0.511;0.606;0.832;0.555;0.826;1.185;0.494;0.596;0.582;0.618;0.641;0.955;0.784;0.685;1.339;0.975;0.972;0.96;0.671;0.767;0.855;0.582;0.563;0.651;1.269;0.909;0.542;0.791;0.628;1.255;0.399;0.379;0.47;0.382;0.38;0.308;0.726;0.5;0.517;0.441;0.312;0.36;0.356;0.333;0.284;0.394;0.503;0.366;0.419;0.448;0.729;0.526;0.646;0.831;0.883;0.707;0.849;0.448;0.418;0.499;0.406;0.74;0.756;0.465;0.569;0.858;0.384;0.57;0.569;0.472;0.461;0.388;0.348;0.507;0.59;0.528;0.635;0.485;0.926;0.628;0.599;1.012;0.721;0.845;0.624;0.561;0.98;0.8;0.446;0.518;0.737;1.283;0.275;0.328;0.282;0.361;0.515;0.482;0.325;0.294;0.35;0.331;0.411;0.271;0.289;0.271;0.326;0.332;0.358;0.395;0.345;0.361;0.363;0.519;0.934;0.286;0.424;0.418;0.489;0.446;0.437;0.453;0.409;0.425;0.389;0.328;0.573;0.394;0.339;0.384;0.481;0.35;0.438;0.423;0.42;0.463;0.519;0.344;0.592;0.386;0.415;0.461;0.33;0.41;0.319;0.432;0.267;0.243;0.738;0.752;0.788;0.518;0.59;0.351;0.605;0.412;0.382;0.317;1.374;2.303;1.563;0.921;0.671;2.137;2.032;1.024;1.233;1.259;0.823;1.823;0.373;0.385;0.305;2.557;0.879;0.546;0.867;0.663;0.483;1.000;0.734;0.439;0.434;0.474;0.39;0.635;0.584;0.474;0.39;0.415;1.321;0.217;0.172;0.163;0.229;0.392;0.199;0.307;0.24;0.248;0.235;0.01;0.212;0.487;0.229;0.231;0.256;0.241;0.28;0.183;0.267;0.489;0.6;0.62;0.503;0.449;0.745;0.273;0.17;0.296;0.292;0.243;0.216;0.259;0.291;0.272;0.267;0.322;0.298;0.175;0.156;0.19;0.198;0.149;0.385;0.134;0.143;0.121;0.16;0.088;0.045;0.071;0.181;0.07;0.143;0.155;0.527;0.371;0.402;0.258;0.295;0.17;0.333;0.234;0.197;0.459;0.241;0.25;0.33;0.35;0.54;0.431;0.263;0.394;0.246;0.123;0.371;0.171;0.29;0.193;0.184;0.176;0.18;2.251;0.151;0.172;0.11;0.143;0.209;0.217;0.154;0.235;0.185;0.219;0.242;0.286;0.293;0.212;0.166;0.294;0.161;0.159;0.124;0.162;0.273;0.304;0.291;0.351;0.383;0.29;0.363;0.225;0.276;0.269;0.295;0.208;0.212;0.239;0.29;0.215;0.221;0.175;0.245;0.235;0.141;0.11;0.191;0.237;0.199;0.157;0.218;0.517
2025;SVN;Slovenia;0.568;0.782;0.391;0.49;0.538;0.821;1.055;1.804;0.289;0.618;0.297;0.199;0.317;0.202;0.24;0.875;0.842;0.502;0.739;0.215;0.387;3.223;0.43;1.468;0.361;0.326;0.499;0.361;0.332;0.428;0.348;0.306;0.527;0.408;0.332;0.415;0.36;0.262;0.303;0.411;0.511;0.642;6.566;0.849;0.645;0.534;2.165;0.398;0.308;0.803;0.535;0.728;3.755;1.004;1.077;0.954;0.755;0.866;1.204;0.956;1.303;1.395;0.844;0.717;0.679;0.562;0.533;0.676;0.644;0.39;0.552;0.593;0.528;0.876;0.394;0.534;0.537;0.876;0.471;0.627;0.864;0.503;0.924;1.066;0.518;0.596;0.321;0.363;0.669;0.893;0.859;0.592;1.277;0.97;0.945;0.851;0.628;0.764;0.905;0.524;0.546;0.652;1.099;0.958;0.573;0.82;0.635;1.104;0.295;0.344;0.361;0.416;0.515;0.395;0.833;0.472;0.62;0.462;0.324;0.451;0.439;0.411;0.308;0.28;0.358;0.289;0.27;0.337;0.762;0.599;0.452;0.575;0.676;0.593;0.586;0.658;0.526;0.642;0.449;0.753;0.836;0.538;0.756;0.914;0.343;0.564;0.579;0.52;0.528;0.604;0.365;0.677;0.682;0.608;0.94;0.421;1.776;0.852;1.033;0.901;0.588;0.709;0.519;0.476;0.952;0.822;0.487;0.927;1.234;0.772;0.282;0.333;0.274;0.412;0.572;0.622;0.365;0.294;0.405;0.321;0.397;0.293;0.368;0.368;0.342;0.309;0.395;0.482;0.42;0.436;0.347;0.613;0.857;0.263;0.41;0.427;0.424;0.45;0.404;0.42;0.418;0.483;0.386;0.293;0.591;0.358;0.341;0.403;0.419;0.316;0.335;0.38;0.396;0.398;0.49;0.318;0.489;0.323;0.374;0.414;0.348;0.418;0.355;0.31;0.291;0.314;1.269;1.195;1.435;0.791;0.79;0.607;0.824;0.576;0.553;0.448;1.773;1.364;0.929;0.579;0.278;0.797;1.278;1.276;0.433;1.122;0.741;0.285;0.181;0.153;0.143;0.468;0.296;0.423;0.538;0.342;0.353;0.569;0.505;0.458;0.402;0.404;0.364;0.555;0.617;0.438;0.355;0.364;0.915;0.166;0.15;0.147;0.197;0.279;0.188;0.263;0.215;0.252;0.206;0.014;0.187;0.436;0.224;0.211;0.238;0.244;0.233;0.169;0.217;0.715;0.644;3.188;0.562;0.376;0.881;0.342;0.18;0.365;0.367;0.256;0.254;0.251;0.264;0.173;0.313;0.216;0.199;0.156;0.165;0.154;0.158;0.123;0.296;0.123;0.121;0.102;0.12;0.106;0.052;0.087;0.14;0.046;0.055;0.13;0.264;0.304;0.217;0.151;0.178;0.124;0.2;0.171;0.169;0.305;0.164;0.173;0.197;0.255;0.278;0.234;0.135;0.23;0.225;0.104;0.273;0.16;0.202;0.155;0.172;0.191;0.156;2.436;0.11;0.133;0.098;0.107;0.142;0.132;0.129;0.14;0.131;0.168;0.159;0.197;0.232;0.195;0.128;0.281;0.096;0.142;0.098;0.132;0.215;0.248;0.213;0.373;0.306;0.259;0.3;0.192;0.263;0.3;0.268;0.247;0.21;0.22;0.296;0.189;0.199;0.165;0.193;0.405;0.115;0.083;0.133;0.24;0.16;0.127;0.134;0.348
2025;SWE;Sweden;0.31;0.447;0.267;0.299;0.34;0.489;0.608;1.091;0.286;0.4;0.231;0.405;0.269;0.761;1.157;1.098;0.897;0.339;0.653;0.494;0.607;0.652;0.113;0.921;0.16;0.166;0.308;0.183;0.158;0.233;0.185;0.157;0.312;0.191;0.164;0.219;0.204;0.175;0.197;0.26;0.347;0.393;4.305;0.737;0.719;0.528;1.502;0.381;0.201;0.841;0.398;0.607;3.356;1.008;0.644;0.855;0.442;0.675;0.718;0.574;1.086;0.897;0.946;0.685;0.764;0.559;0.482;0.747;0.614;0.408;0.535;0.473;0.553;0.709;0.28;0.442;0.487;0.927;0.334;0.563;0.293;0.249;0.3;0.362;0.201;0.216;0.142;0.188;0.25;0.277;0.277;0.255;0.404;0.268;0.282;0.309;0.259;0.274;0.309;0.225;0.218;0.218;0.38;0.327;0.207;0.247;0.249;0.36;0.129;0.115;0.155;0.182;0.218;0.203;0.334;0.25;0.311;0.246;0.142;0.238;0.237;0.223;0.126;0.115;0.183;0.129;0.105;0.118;0.425;0.429;0.244;0.313;0.323;0.279;0.346;0.508;0.366;0.418;0.295;0.428;0.643;0.294;0.536;0.648;0.183;0.292;0.295;0.297;0.205;0.236;0.217;0.255;0.365;0.333;0.408;0.277;0.862;0.361;0.365;0.174;0.161;0.223;0.211;0.2;0.308;0.166;0.15;0.367;0.544;0.292;0.228;0.246;0.216;0.359;0.437;0.573;0.305;0.205;0.224;0.21;0.278;0.15;0.222;0.263;0.241;0.232;0.288;0.374;0.291;0.242;0.255;0.4;0.467;0.146;0.267;0.259;0.248;0.267;0.241;0.274;0.227;0.267;0.216;0.18;0.368;0.169;0.205;0.207;0.245;0.23;0.22;0.237;0.25;0.21;0.314;0.192;0.284;0.202;0.237;0.275;0.223;0.255;0.203;0.398;0.143;0.172;0.618;0.579;0.684;0.36;0.375;0.274;0.398;0.316;0.219;0.251;0.497;1.182;0.944;0.496;0.181;0.332;0.573;0.358;0.255;1.045;0.595;0.167;0.102;0.126;0.083;0.203;0.224;0.276;0.325;0.184;0.206;0.338;0.268;0.278;0.24;0.285;0.209;0.331;0.326;0.281;0.284;0.242;1.084;0.073;0.06;0.057;0.078;0.117;0.067;0.103;0.1;0.106;0.083;0.126;0.077;0.154;0.081;0.07;0.09;0.09;0.09;0.062;0.096;1.102;0.386;2.161;0.321;0.293;0.394;0.161;0.13;0.227;0.069;0.07;0.063;0.083;0.079;0.061;0.12;0.066;0.086;0.069;0.084;0.073;0.066;0.061;0.104;0.031;0.034;0.026;0.028;0.033;0.017;0.017;0.039;0.06;0.087;0.176;0.114;0.118;0.054;0.049;0.047;0.06;0.089;0.069;0.068;0.088;0.073;0.056;0.068;0.071;0.088;0.079;0.062;0.068;0.093;0.093;0.177;0.103;0.125;0.105;0.109;0.172;0.1;1.401;0.046;0.063;0.048;0.035;0.042;0.061;0.042;0.065;0.048;0.067;0.046;0.06;0.065;0.053;0.054;0.08;0.08;0.102;0.057;0.082;0.101;0.114;0.14;0.156;0.138;0.132;0.137;0.108;0.131;0.155;0.177;0.092;0.075;0.092;0.091;0.066;0.064;0.049;0.061;0.131;0.064;0.05;0.078;0.077;0.084;0.072;0.074;0.196
2025;SWZ;Swaziland;0.651;1.074;0.459;0.418;0.581;1.049;1.222;1.640;0.288;0.551;0.241;0.33;0.245;0.762;1.194;1.233;1.037;0.526;0.87;0.291;0.455;1.306;0.897;1.279;0.488;0.517;0.699;0.541;0.453;0.708;0.579;0.497;0.766;0.615;0.406;0.735;0.387;0.332;0.307;0.329;0.821;1.026;11.025;2.611;1.216;1.109;3.580;0.665;0.513;1.146;0.96;1.751;2.748;1.123;0.915;0.953;0.636;0.723;0.879;0.781;0.736;0.872;1.045;0.82;0.772;0.647;0.615;0.737;0.855;0.531;0.654;0.777;0.686;1.010;0.486;0.633;0.838;0.931;0.635;0.697;0.566;0.475;0.589;0.709;0.441;0.522;0.541;0.575;0.54;0.669;0.658;0.558;0.945;0.75;0.676;0.69;0.511;0.627;0.653;0.531;0.461;0.536;0.729;0.663;0.454;0.58;0.541;0.785;0.42;0.539;0.486;0.462;0.547;0.442;1.040;0.583;0.669;0.567;0.409;0.473;0.453;0.448;0.395;0.443;0.509;0.464;0.338;0.572;0.865;0.662;0.579;0.712;0.687;0.714;0.772;0.592;0.54;0.612;0.451;0.825;0.746;0.511;0.694;1.032;0.408;0.461;0.463;0.446;0.461;0.43;0.419;0.493;0.633;0.64;0.727;0.481;1.238;0.713;0.739;0.526;0.499;0.628;0.554;0.577;0.709;0.481;0.356;0.673;0.794;0.56;0.447;0.512;0.472;0.529;0.676;0.666;0.496;0.512;0.578;0.479;0.521;0.402;0.462;0.413;0.529;0.489;0.699;0.593;0.556;0.54;0.477;0.795;0.914;0.279;0.439;0.505;0.532;0.595;0.444;0.566;0.562;0.657;0.503;0.296;0.868;0.33;0.466;0.514;0.512;0.424;0.487;0.502;0.49;0.511;0.684;0.407;0.485;0.482;0.615;0.544;0.417;0.497;0.373;0.347;0.316;0.348;0.904;0.919;1.009;0.68;0.698;0.539;0.698;0.57;0.501;0.458;0.719;1.020;0.86;0.544;0.448;1.016;0.857;0.746;0.606;1.625;0.929;0.633;0.417;0.374;0.269;0.797;0.605;0.506;0.645;0.519;0.478;0.578;0.589;0.826;0.6;0.737;0.676;1.147;0.837;0.573;0.558;0.549;0.866;0.154;0.143;0.116;0.163;0.188;0.135;0.227;0.168;0.199;0.14;0.126;0.157;0.374;0.205;0.196;0.208;0.178;0.178;0.145;0.194;1.180;0.668;0.741;0.676;0.372;0.999;0.352;0.442;0.305;0.396;0.317;0.287;0.323;0.367;0.282;0.342;0.281;0.319;0.193;0.17;0.202;0.305;0.24;0.551;0.119;0.115;0.102;0.12;0.093;0.065;0.081;0.151;0.072;0.135;0.232;0.422;0.274;0.201;0.116;0.136;0.232;0.359;0.306;0.139;0.305;0.192;0.173;0.196;0.249;0.292;0.284;0.15;0.234;0.259;0.151;0.368;0.222;0.274;0.224;0.193;0.196;0.218;2.149;0.145;0.153;0.09;0.196;0.266;0.294;0.192;0.266;0.242;0.315;0.265;0.306;0.292;0.253;0.116;0.254;0.199;0.248;0.169;0.253;0.269;0.291;0.305;0.356;0.279;0.246;0.259;0.185;0.168;0.399;0.482;0.186;0.175;0.21;0.236;0.229;0.241;0.201;0.255;0.242;0.139;0.123;0.192;0.306;0.197;0.166;0.151;0.513
2025;SYC;Seychelles;1.281;2.162;0.896;0.797;1.107;2.126;2.462;3.167;0.514;1.048;0.431;0.575;0.434;1.460;2.349;2.354;1.959;0.943;1.548;0.5;0.724;2.003;1.544;2.452;0.829;0.895;1.064;0.874;0.775;1.115;0.95;0.85;1.128;0.952;0.646;1.218;0.684;0.571;0.545;0.568;1.468;1.825;22.286;3.123;1.576;1.525;7.061;1.177;0.934;1.853;1.697;2.208;5.200;1.501;1.689;1.540;1.147;1.206;1.399;1.427;0.934;1.334;1.332;1.138;0.999;0.915;0.947;0.936;1.387;0.833;0.945;1.195;1.038;1.436;0.867;0.986;1.294;1.117;1.030;1.000;0.833;0.809;0.863;0.986;0.778;0.859;0.984;1.056;0.962;0.997;1.169;0.891;1.392;1.152;0.988;1.059;0.839;1.020;0.98;0.924;0.767;0.885;0.992;0.986;0.778;0.913;0.889;1.096;0.82;1.031;0.912;0.855;1.033;0.803;1.928;1.081;1.199;1.019;0.761;0.837;0.78;0.778;0.726;0.794;0.918;0.837;0.647;1.031;1.515;1.071;0.91;1.044;1.121;1.077;1.095;0.871;0.911;0.965;0.782;1.419;1.139;0.894;0.993;1.659;0.743;0.825;0.821;0.795;0.772;0.699;0.751;0.796;1.068;1.092;1.166;0.798;1.503;1.058;1.144;0.816;0.822;1.025;0.951;0.967;1.049;0.781;0.629;1.045;1.170;0.841;0.798;0.917;0.84;0.865;1.052;0.962;0.824;0.939;0.976;0.853;0.918;0.72;0.829;0.709;0.885;0.811;1.185;0.965;0.833;0.709;0.52;0.729;1.070;0.39;0.51;0.674;0.864;0.724;0.737;0.593;0.651;0.686;0.776;0.417;1.059;0.46;0.633;0.752;0.699;0.599;0.799;0.711;0.659;0.894;0.9;0.717;0.815;0.687;0.928;0.914;0.719;0.849;0.666;0.585;0.577;0.613;1.652;1.718;1.901;1.134;1.181;0.892;1.228;0.981;0.902;0.767;1.034;1.818;1.408;0.871;0.729;1.663;1.260;1.126;1.000;3.185;1.693;1.078;0.725;0.674;0.463;1.406;1.097;0.804;1.065;0.914;0.84;0.9;1.010;1.344;0.909;1.229;1.128;2.127;1.293;0.905;1.007;0.954;1.305;0.269;0.254;0.209;0.29;0.317;0.24;0.402;0.287;0.334;0.239;0.24;0.248;0.655;0.357;0.342;0.371;0.269;0.316;0.253;0.338;2.229;1.208;1.440;1.259;0.538;1.924;0.619;0.783;0.528;0.702;0.555;0.509;0.57;0.651;0.516;0.606;0.516;0.582;0.348;0.309;0.377;0.549;0.41;1.064;0.218;0.209;0.183;0.222;0.164;0.122;0.145;0.287;0.127;0.236;0.421;0.776;0.481;0.363;0.206;0.244;0.428;0.685;0.583;0.237;0.539;0.345;0.309;0.337;0.458;0.537;0.549;0.26;0.431;0.463;0.27;0.669;0.403;0.471;0.395;0.339;0.314;0.392;4.191;0.234;0.253;0.153;0.353;0.481;0.528;0.35;0.498;0.439;0.578;0.48;0.534;0.513;0.417;0.186;0.431;0.366;0.455;0.321;0.473;0.477;0.508;0.563;0.62;0.465;0.389;0.419;0.304;0.283;0.711;0.878;0.319;0.305;0.325;0.404;0.416;0.383;0.343;0.446;0.304;0.238;0.198;0.315;0.553;0.329;0.285;0.234;0.985
2025;TCD;Chad;0.239;0.297;0.185;0.211;0.184;0.336;0.333;0.456;0.109;0.199;0.11;0.149;0.137;0.326;0.462;0.578;0.506;0.35;0.512;0.206;0.326;4.376;0.329;0.909;0.35;0.375;0.446;0.369;0.318;0.505;0.404;0.358;0.497;0.423;0.287;0.496;0.337;0.268;0.268;0.268;0.598;0.83;3.427;1.527;0.773;0.73;1.303;0.568;0.413;0.842;0.859;1.051;1.088;0.685;0.886;0.944;0.597;0.609;0.82;0.749;0.505;0.691;0.724;0.606;0.524;0.467;0.474;0.491;0.702;0.416;0.486;0.643;0.558;0.756;0.414;0.513;0.692;0.608;0.509;0.518;0.416;0.393;0.428;0.51;0.389;0.43;0.531;0.469;0.395;0.539;0.43;0.454;0.781;0.635;0.514;0.583;0.419;0.524;0.533;0.456;0.378;0.441;0.51;0.507;0.379;0.457;0.452;0.58;0.391;0.535;0.436;0.396;0.477;0.377;1.066;0.536;0.624;0.483;0.376;0.407;0.378;0.373;0.334;0.389;0.448;0.423;0.297;0.518;0.732;0.52;0.464;0.529;0.478;0.566;0.574;0.436;0.441;0.493;0.373;0.833;0.609;0.46;0.521;0.848;0.372;0.386;0.386;0.365;0.374;0.338;0.342;0.374;0.546;0.555;0.604;0.382;0.838;0.545;0.591;0.404;0.405;0.53;0.48;0.456;0.515;0.389;0.298;0.524;0.585;0.411;0.364;0.354;0.367;0.393;0.471;0.461;0.377;0.299;0.486;0.405;0.455;0.378;0.428;0.365;0.41;0.371;0.506;0.441;0.412;0.368;0.282;0.472;0.497;0.184;0.261;0.362;0.407;0.405;0.341;0.331;0.353;0.393;0.413;0.22;0.522;0.217;0.351;0.404;0.358;0.316;0.382;0.361;0.355;0.48;0.503;0.342;0.356;0.385;0.582;0.481;0.351;0.443;0.322;0.296;0.274;0.287;0.525;0.591;0.555;0.485;0.507;0.412;0.482;0.431;0.395;0.357;0.317;0.494;0.44;0.279;0.307;0.833;0.508;0.572;0.392;0.727;0.541;0.403;0.327;0.3;0.216;0.382;0.439;0.37;0.47;0.39;0.384;0.398;0.454;0.548;0.423;0.53;0.426;0.637;0.715;0.435;0.373;0.417;0.576;0.114;0.124;0.096;0.127;0.138;0.123;0.177;0.133;0.146;0.115;0.102;0.104;0.263;0.21;0.188;0.217;0.156;0.17;0.13;0.179;0.453;0.25;0.294;0.256;0.215;0.4;0.183;0.208;0.21;0.321;0.26;0.235;0.275;0.286;0.253;0.269;0.229;0.235;0.176;0.142;0.154;0.28;0.196;0.466;0.099;0.091;0.081;0.102;0.076;0.053;0.065;0.07;0.057;0.095;0.144;0.212;0.162;0.178;0.099;0.126;0.19;0.211;0.22;0.113;0.274;0.158;0.147;0.175;0.21;0.299;0.268;0.125;0.222;0.231;0.12;0.201;0.176;0.212;0.176;0.154;0.142;0.159;1.068;0.111;0.131;0.073;0.173;0.263;0.265;0.175;0.233;0.196;0.267;0.249;0.315;0.29;0.223;0.111;0.212;0.18;0.238;0.146;0.241;0.274;0.29;0.203;0.354;0.25;0.188;0.202;0.156;0.136;0.338;0.342;0.156;0.165;0.152;0.2;0.163;0.149;0.172;0.221;0.149;0.116;0.096;0.131;0.359;0.152;0.128;0.121;0.223
2025;TGO;Togo;0.726;1.230;0.513;0.457;0.667;1.177;1.409;1.890;0.334;0.624;0.266;0.374;0.268;0.865;1.368;1.406;1.176;0.579;0.98;0.295;0.479;3.113;1.040;1.448;0.495;0.518;0.746;0.565;0.464;0.73;0.603;0.507;0.82;0.646;0.423;0.762;0.395;0.361;0.316;0.342;0.891;1.125;12.721;2.868;1.333;1.199;4.096;0.677;0.513;1.256;1.062;1.941;3.141;1.279;0.97;1.076;0.672;0.778;0.973;0.812;0.827;0.957;1.174;0.904;0.858;0.7;0.65;0.822;0.892;0.563;0.72;0.84;0.746;1.128;0.49;0.675;0.903;1.052;0.667;0.763;0.606;0.489;0.632;0.773;0.45;0.542;0.558;0.55;0.563;0.726;0.694;0.591;1.040;0.809;0.726;0.746;0.529;0.659;0.709;0.544;0.476;0.554;0.796;0.707;0.462;0.606;0.564;0.857;0.403;0.533;0.476;0.448;0.527;0.437;1.091;0.579;0.686;0.562;0.404;0.479;0.459;0.449;0.38;0.442;0.507;0.466;0.319;0.568;0.875;0.691;0.617;0.767;0.707;0.78;0.847;0.637;0.558;0.651;0.457;0.903;0.814;0.526;0.754;1.093;0.414;0.466;0.468;0.448;0.474;0.447;0.419;0.512;0.66;0.666;0.768;0.497;1.397;0.768;0.784;0.55;0.513;0.655;0.566;0.58;0.753;0.498;0.359;0.704;0.844;0.594;0.467;0.551;0.498;0.565;0.733;0.734;0.528;0.555;0.608;0.488;0.537;0.419;0.486;0.442;0.557;0.512;0.702;0.63;0.607;0.604;0.551;0.964;1.084;0.316;0.507;0.575;0.563;0.689;0.465;0.663;0.647;0.766;0.546;0.332;0.946;0.362;0.527;0.575;0.562;0.459;0.501;0.543;0.544;0.537;0.773;0.401;0.51;0.531;0.694;0.58;0.445;0.533;0.381;0.365;0.313;0.349;0.968;0.982;1.114;0.693;0.715;0.54;0.728;0.581;0.51;0.475;0.835;1.133;0.961;0.604;0.464;1.152;0.956;0.809;0.645;1.778;1.000;0.665;0.409;0.36;0.269;0.873;0.585;0.524;0.663;0.518;0.475;0.615;0.589;0.911;0.67;0.786;0.746;1.224;0.909;0.624;0.579;0.576;0.939;0.167;0.148;0.121;0.174;0.205;0.142;0.249;0.176;0.218;0.15;0.115;0.177;0.429;0.225;0.218;0.225;0.204;0.19;0.152;0.21;1.327;0.764;0.821;0.767;0.419;1.132;0.387;0.499;0.329;0.415;0.322;0.291;0.331;0.375;0.287;0.337;0.286;0.329;0.198;0.17;0.209;0.32;0.246;0.605;0.116;0.114;0.099;0.115;0.091;0.061;0.077;0.163;0.07;0.136;0.258;0.47;0.297;0.216;0.115;0.138;0.232;0.375;0.305;0.139;0.32;0.19;0.172;0.203;0.257;0.304;0.274;0.155;0.237;0.277;0.143;0.395;0.214;0.284;0.225;0.19;0.203;0.221;2.455;0.155;0.167;0.091;0.197;0.276;0.302;0.193;0.26;0.24;0.319;0.285;0.333;0.318;0.272;0.128;0.268;0.193;0.25;0.159;0.248;0.283;0.309;0.32;0.384;0.303;0.268;0.28;0.198;0.179;0.414;0.504;0.188;0.182;0.214;0.254;0.239;0.265;0.208;0.272;0.261;0.143;0.127;0.202;0.343;0.209;0.172;0.16;0.577
2025;THA;Thailand;0.686;0.931;0.462;0.571;0.609;1.049;1.258;2.091;0.342;0.703;0.349;0.499;0.359;1.189;3.644;1.205;1.025;0.581;0.85;0.507;0.372;3.161;0.619;1.548;0.913;0.915;1.198;0.987;0.838;1.271;1.049;0.947;1.388;1.245;0.771;1.313;0.75;0.764;0.651;0.571;1.114;1.552;15.058;2.980;1.786;1.472;5.801;0.781;0.63;1.639;1.267;2.131;4.662;1.719;1.499;1.121;0.858;1.005;1.420;1.133;1.715;1.670;1.642;1.417;1.263;1.085;1.014;1.263;1.333;0.88;0.996;1.353;1.185;1.606;0.736;0.947;1.281;1.528;1.044;1.341;0.972;0.759;1.067;1.289;0.778;0.891;0.698;0.713;1.343;1.211;1.966;0.986;1.775;1.327;1.037;1.225;0.79;1.058;1.064;0.982;0.722;0.854;1.095;1.108;0.673;1.100;0.932;1.438;0.549;0.609;0.678;0.68;0.819;0.675;1.567;0.826;0.865;0.761;0.543;0.679;0.788;0.595;0.506;0.559;0.638;0.561;0.42;0.538;1.305;0.989;0.86;0.994;1.008;1.123;1.174;0.88;0.921;0.897;0.589;1.105;1.393;0.75;1.110;1.522;0.589;0.694;0.73;0.781;0.855;0.87;0.808;0.952;1.048;0.85;1.341;0.844;1.953;1.392;1.491;0.733;0.65;1.038;0.972;0.92;1.092;1.058;0.652;1.339;1.450;0.917;0.589;0.693;0.646;1.334;1.526;1.776;1.168;0.646;0.769;0.639;0.746;0.516;0.647;0.627;0.956;0.733;0.844;1.317;1.052;0.807;0.686;1.087;1.744;0.429;0.705;0.727;0.709;0.937;0.682;0.897;0.88;1.104;0.695;0.554;1.049;0.515;0.809;0.695;0.676;0.672;0.773;0.632;0.777;0.844;1.086;0.564;0.956;0.722;1.246;1.013;0.693;0.99;0.654;0.481;0.489;0.445;1.539;1.484;1.718;0.993;0.989;0.746;0.999;0.866;0.696;0.623;0.885;1.046;0.722;0.659;0.635;2.170;1.262;1.103;1.042;1.232;1.031;0.904;0.55;0.578;0.322;0.961;0.759;0.664;0.857;0.587;0.524;0.763;0.765;0.967;0.787;0.89;0.666;0.861;1.257;0.898;0.438;0.604;0.588;0.197;0.175;0.153;0.214;0.24;0.184;0.269;0.185;0.255;0.158;0.079;0.178;0.474;0.271;0.265;0.294;0.272;0.235;0.209;0.27;1.962;1.312;1.792;1.544;0.908;2.492;1.275;0.322;0.911;0.765;0.628;0.561;0.657;0.736;0.479;0.448;0.511;0.493;0.518;0.339;0.396;0.679;0.534;1.293;0.253;0.276;0.217;0.275;0.165;0.088;0.129;0.232;0.06;0.068;0.305;0.806;0.582;0.363;0.355;0.355;0.587;1.021;0.763;0.292;0.559;0.471;0.494;0.396;0.451;0.607;0.403;0.36;0.461;0.582;0.419;0.924;0.458;0.662;0.51;0.472;0.446;0.498;2.711;0.233;0.277;0.188;0.426;0.362;0.401;0.37;0.369;0.314;0.402;0.493;0.609;0.677;0.542;0.288;0.543;0.274;0.337;0.196;0.333;0.38;0.322;0.355;0.393;1.042;0.718;0.746;0.678;0.222;0.543;0.566;0.557;0.798;0.482;0.857;0.681;0.429;0.461;0.533;0.585;0.256;0.233;0.238;0.548;0.314;0.268;0.244;1.130
2025;TLS;Timor-Leste;1.114;1.930;0.778;0.674;1.009;1.849;2.200;2.909;0.473;0.933;0.382;0.52;0.372;1.296;2.083;2.078;1.725;0.797;1.371;0.397;0.621;3.009;1.496;2.053;0.651;0.687;0.95;0.726;0.611;0.915;0.775;0.656;1.022;0.814;0.536;0.982;0.519;0.468;0.411;0.445;1.219;1.506;19.898;3.549;1.651;1.497;6.275;0.906;0.706;1.644;1.395;2.389;4.690;1.582;1.279;1.316;0.856;0.977;1.193;1.054;0.984;1.189;1.387;1.097;1.018;0.862;0.811;0.978;1.141;0.704;0.863;1.036;0.914;1.379;0.638;0.835;1.116;1.232;0.843;0.935;0.736;0.615;0.77;0.931;0.574;0.686;0.721;0.752;0.758;0.89;0.962;0.739;1.271;0.997;0.892;0.917;0.668;0.827;0.868;0.694;0.604;0.701;0.953;0.872;0.594;0.763;0.712;1.034;0.557;0.718;0.644;0.61;0.728;0.576;1.420;0.764;0.882;0.736;0.538;0.618;0.59;0.584;0.516;0.581;0.667;0.612;0.445;0.763;1.142;0.859;0.766;0.937;0.933;0.962;1.028;0.78;0.698;0.796;0.585;1.100;0.969;0.674;0.911;1.367;0.535;0.596;0.596;0.576;0.6;0.566;0.539;0.64;0.826;0.834;0.95;0.624;1.639;0.931;0.972;0.686;0.653;0.825;0.729;0.76;0.919;0.631;0.461;0.882;1.035;0.726;0.613;0.745;0.659;0.727;0.939;0.909;0.679;0.775;0.783;0.642;0.689;0.539;0.624;0.543;0.721;0.663;0.939;0.805;0.753;0.703;0.627;1.082;1.317;0.368;0.593;0.669;0.721;0.796;0.599;0.745;0.748;0.874;0.661;0.393;1.148;0.443;0.614;0.668;0.678;0.567;0.631;0.66;0.652;0.677;0.906;0.537;0.664;0.64;0.837;0.739;0.566;0.663;0.487;0.464;0.412;0.45;1.384;1.404;1.620;0.936;0.959;0.717;1.001;0.787;0.691;0.616;1.100;1.593;1.282;0.81;0.606;1.474;1.221;1.008;0.854;2.691;1.419;0.907;0.542;0.489;0.354;1.250;0.818;0.666;0.867;0.691;0.623;0.76;0.781;1.207;0.853;1.040;1.008;1.758;1.130;0.794;0.808;0.763;1.200;0.222;0.195;0.162;0.232;0.27;0.185;0.331;0.231;0.28;0.189;0.163;0.229;0.578;0.282;0.278;0.286;0.249;0.245;0.196;0.268;1.971;1.103;1.241;1.129;0.511;1.705;0.54;0.703;0.441;0.556;0.422;0.389;0.434;0.508;0.383;0.456;0.393;0.45;0.265;0.23;0.293;0.42;0.32;0.844;0.159;0.157;0.136;0.16;0.123;0.086;0.106;0.243;0.092;0.18;0.36;0.675;0.409;0.285;0.154;0.183;0.32;0.547;0.437;0.183;0.42;0.258;0.231;0.263;0.348;0.397;0.381;0.193;0.317;0.365;0.198;0.561;0.296;0.373;0.301;0.256;0.262;0.303;3.658;0.2;0.212;0.119;0.262;0.361;0.401;0.257;0.356;0.325;0.431;0.373;0.418;0.402;0.339;0.155;0.336;0.263;0.33;0.221;0.336;0.362;0.388;0.451;0.487;0.378;0.329;0.348;0.243;0.226;0.545;0.691;0.243;0.235;0.274;0.327;0.329;0.343;0.265;0.354;0.317;0.185;0.163;0.264;0.43;0.271;0.226;0.197;0.861
2025;TTO;Trinidad and Tobago;2.087;3.768;1.456;1.210;1.964;3.509;4.330;5.722;0.915;1.775;0.692;0.971;0.652;2.486;4.057;4.004;3.289;1.420;2.566;0.586;0.994;13.171;2.943;3.890;0.95;0.975;1.550;1.125;0.912;1.359;1.186;0.953;1.665;1.266;0.819;1.493;0.773;0.793;0.613;0.683;2.119;2.652;39.329;6.295;2.887;2.538;12.211;1.361;1.029;2.891;2.493;4.268;9.072;2.954;2.083;2.397;1.336;1.590;2.086;1.622;1.774;2.044;2.485;1.904;1.778;1.440;1.278;1.728;1.771;1.119;1.468;1.719;1.530;2.468;0.893;1.337;1.843;2.235;1.312;1.597;1.176;0.889;1.239;1.560;0.82;1.039;1.076;0.957;1.185;1.488;1.579;1.170;2.202;1.652;1.459;1.525;1.001;1.286;1.450;1.003;0.896;1.046;1.600;1.400;0.857;1.178;1.089;1.742;0.712;0.998;0.862;0.802;0.954;0.771;2.252;1.038;1.298;0.993;0.729;0.872;0.836;0.812;0.661;0.806;0.915;0.865;0.551;1.082;1.639;1.293;1.224;1.531;1.418;1.633;1.755;1.270;1.014;1.242;0.819;1.834;1.586;0.994;1.513;2.172;0.754;0.82;0.82;0.78;0.875;0.859;0.722;0.953;1.243;1.241;1.480;0.915;2.971;1.511;1.541;1.052;0.965;1.266;1.069;1.090;1.442;0.95;0.633;1.357;1.641;1.127;0.946;1.249;1.049;1.181;1.589;1.577;1.092;1.326;1.238;0.939;1.018;0.826;0.972;0.843;1.145;1.036;1.360;1.288;1.277;1.228;1.177;2.257;2.659;0.645;1.121;1.212;1.151;1.504;0.938;1.433;1.400;1.686;1.090;0.688;1.976;0.756;1.100;1.153;1.162;0.953;0.934;1.091;1.144;1.050;1.634;0.738;1.046;1.101;1.529;1.206;0.909;1.066;0.694;0.724;0.555;0.623;2.375;2.402;2.948;1.424;1.463;1.032;1.603;1.196;1.040;0.94;2.145;2.881;2.315;1.453;0.928;2.743;2.190;1.699;1.403;4.867;2.447;1.470;0.729;0.63;0.497;2.240;1.102;1.003;1.313;0.971;0.853;1.198;1.109;2.141;1.538;1.723;1.803;2.992;1.915;1.351;1.288;1.210;2.036;0.379;0.302;0.258;0.384;0.467;0.293;0.576;0.369;0.48;0.305;0.187;0.419;1.105;0.488;0.497;0.48;0.464;0.402;0.306;0.452;3.699;2.107;2.283;2.142;0.913;3.259;0.959;1.313;0.746;0.89;0.614;0.574;0.648;0.77;0.57;0.627;0.594;0.691;0.404;0.328;0.464;0.668;0.476;1.515;0.217;0.224;0.186;0.213;0.164;0.105;0.136;0.428;0.119;0.255;0.656;1.237;0.702;0.48;0.219;0.268;0.469;0.894;0.635;0.259;0.671;0.359;0.326;0.405;0.54;0.621;0.508;0.282;0.471;0.607;0.252;0.958;0.396;0.574;0.432;0.355;0.4;0.451;7.083;0.332;0.362;0.172;0.378;0.56;0.611;0.371;0.483;0.456;0.634;0.627;0.713;0.681;0.555;0.268;0.522;0.355;0.478;0.27;0.464;0.574;0.621;0.737;0.817;0.636;0.545;0.574;0.387;0.359;0.837;1.100;0.348;0.366;0.401;0.539;0.523;0.596;0.393;0.582;0.53;0.279;0.247;0.42;0.781;0.435;0.347;0.309;1.621
2025;TUN;Tunisia;1.068;1.681;0.732;0.799;1.044;1.767;2.314;3.728;0.522;1.158;0.49;0.173;0.426;0.853;1.236;2.196;1.874;0.944;1.654;0.522;0.718;6.214;1.349;2.102;0.829;0.856;1.375;1.002;0.774;1.290;1.085;0.78;1.418;1.121;0.723;1.371;0.445;0.397;0.395;0.378;1.396;1.890;22.304;5.145;2.013;1.952;8.223;0.874;0.659;2.040;1.698;3.132;4.050;1.514;1.580;1.534;0.891;0.995;1.536;1.067;1.461;1.575;1.421;1.089;0.997;0.766;0.808;0.895;1.151;0.694;0.902;0.978;0.844;1.367;0.518;0.767;0.927;1.482;0.772;0.864;0.75;0.592;0.866;1.085;0.558;0.644;0.739;0.64;0.822;1.039;0.963;0.803;1.546;1.144;0.918;1.097;0.654;0.893;0.999;0.678;0.6;0.72;1.099;0.946;0.645;0.787;0.734;1.225;0.53;0.656;0.635;0.476;0.658;0.501;1.419;0.689;0.875;0.627;0.454;0.547;0.497;0.479;0.361;0.565;0.683;0.584;0.46;0.738;1.057;0.891;0.808;1.123;1.076;1.218;1.350;0.845;0.622;0.77;0.542;1.115;1.050;0.658;0.917;1.369;0.483;0.532;0.55;0.516;0.636;0.699;0.441;0.721;0.814;0.804;0.954;0.586;2.306;1.063;1.149;0.811;0.623;0.959;0.738;0.743;0.976;0.58;0.401;1.145;1.179;0.81;0.572;0.634;0.594;0.631;0.821;0.858;0.617;0.675;0.631;0.477;0.629;0.449;0.52;0.432;0.578;0.564;0.828;0.701;0.671;1.150;1.029;1.534;1.804;0.605;0.881;1.007;0.891;1.176;0.72;1.512;1.393;1.538;0.947;0.506;1.764;0.356;1.005;0.95;0.994;0.832;0.739;0.948;1.020;0.854;1.343;0.482;0.821;0.898;0.9;0.7;0.596;0.749;0.467;0.468;0.342;0.361;1.283;1.220;1.470;0.856;0.905;0.668;0.844;0.616;0.59;0.673;0.955;1.187;1.246;0.578;0.528;1.709;1.578;1.210;0.833;2.145;1.196;0.784;0.457;0.344;0.249;1.061;0.669;0.83;1.023;0.73;0.703;0.876;0.755;1.044;0.676;0.895;0.796;1.640;0.983;0.629;0.774;0.709;1.670;0.154;0.137;0.107;0.163;0.19;0.123;0.242;0.173;0.267;0.165;0.045;0.199;0.474;0.203;0.199;0.221;0.228;0.171;0.145;0.216;2.315;0.93;0.777;0.783;0.486;1.312;0.396;0.285;0.245;0.522;0.441;0.416;0.412;0.491;0.35;0.408;0.332;0.44;0.171;0.145;0.258;0.402;0.32;0.902;0.109;0.112;0.085;0.098;0.07;0.048;0.063;0.252;0.065;0.106;0.308;0.66;0.472;0.306;0.167;0.162;0.271;0.563;0.354;0.11;0.486;0.247;0.221;0.306;0.354;0.417;0.335;0.298;0.291;0.421;0.127;0.579;0.261;0.427;0.237;0.212;0.298;0.272;4.262;0.157;0.159;0.079;0.197;0.223;0.276;0.2;0.27;0.225;0.342;0.294;0.294;0.27;0.22;0.126;0.288;0.203;0.321;0.164;0.282;0.288;0.422;0.439;0.49;0.383;0.383;0.384;0.242;0.192;0.451;0.576;0.261;0.248;0.326;0.295;0.389;0.364;0.177;0.249;0.418;0.068;0.04;0.144;0.127;0.114;0.089;0.068;0.679
2025;TUR;Turkey;0.691;0.869;0.568;0.722;0.627;1.024;1.267;1.976;0.431;0.775;0.466;0.491;0.562;1.749;3.510;1.596;1.330;0.558;0.993;0.733;0.433;8.954;3.682;1.935;0.68;0.572;1.036;0.591;0.578;1.116;0.714;0.624;1.125;0.786;0.691;0.825;0.957;0.927;0.692;0.74;1.126;1.619;13.268;3.006;1.463;1.180;4.978;0.763;0.57;1.585;1.382;1.920;4.547;1.433;1.905;1.319;1.114;1.311;1.573;1.901;1.822;1.838;1.529;1.106;1.170;0.981;0.786;1.223;1.099;0.649;0.841;0.993;0.986;1.259;0.602;0.776;1.124;1.218;0.779;1.019;0.971;0.643;0.964;1.360;0.672;0.819;0.372;0.357;0.801;1.179;0.967;0.911;1.635;1.198;1.223;1.155;0.914;1.020;1.157;0.799;0.683;0.796;1.356;0.994;0.668;0.987;0.825;1.326;0.285;0.312;0.352;0.59;0.738;0.665;1.467;0.753;0.908;0.744;0.526;0.695;0.774;0.639;0.359;0.274;0.323;0.275;0.228;0.277;1.273;0.94;0.388;0.499;0.578;0.483;0.526;0.996;0.815;1.002;0.784;1.204;1.418;0.734;1.241;1.409;0.587;0.615;0.619;0.487;0.622;0.785;0.455;0.773;0.882;0.903;1.153;0.64;2.041;1.046;1.095;0.326;0.255;0.369;0.3;0.301;0.431;0.297;0.205;1.081;1.309;0.414;0.611;0.54;0.608;0.798;1.076;1.176;0.767;0.461;0.535;0.626;0.694;0.462;0.533;0.577;0.617;0.508;0.678;0.897;0.756;0.677;0.651;0.945;1.671;0.442;0.69;0.704;0.875;0.886;0.76;0.877;0.881;0.913;0.623;0.463;1.024;0.621;0.716;0.637;0.666;0.631;0.752;0.606;0.623;0.743;0.985;0.552;1.007;0.656;0.974;0.843;0.623;0.834;0.531;0.471;0.392;0.408;1.495;1.398;1.637;0.862;0.931;0.627;0.936;0.749;0.661;0.674;1.209;1.613;1.161;0.741;0.6;1.753;1.425;0.885;0.912;1.201;0.929;1.165;0.443;0.439;0.337;1.580;0.739;0.566;0.759;0.569;0.544;0.692;0.704;0.72;0.635;0.754;0.622;0.919;0.894;0.704;0.599;0.633;1.425;0.312;0.231;0.244;0.326;0.38;0.284;0.487;0.342;0.458;0.295;0.098;0.311;0.975;0.367;0.388;0.366;0.409;0.375;0.241;0.42;2.148;0.833;1.045;0.695;0.596;1.113;0.405;0.504;0.251;0.576;0.505;0.45;0.508;0.571;0.419;0.449;0.289;0.405;0.608;0.445;0.624;0.149;0.092;0.484;0.267;0.268;0.257;0.276;0.156;0.091;0.108;0.389;0.248;0.63;0.766;0.77;0.527;0.327;0.202;0.221;0.116;0.364;0.21;0.308;0.361;0.331;0.286;0.3;0.33;0.478;0.368;0.253;0.369;0.349;0.141;0.51;0.225;0.399;0.21;0.199;0.252;0.226;3.594;0.212;0.263;0.098;0.304;0.41;0.489;0.308;0.362;0.364;0.478;0.517;0.61;0.63;0.566;0.191;0.514;0.157;0.194;0.122;0.203;0.457;0.471;0.374;0.6;0.658;0.465;0.463;0.4;0.288;0.435;0.46;0.396;0.445;0.404;0.498;0.438;0.455;0.302;0.515;0.477;0.281;0.284;0.316;0.736;0.482;0.383;0.329;1.552
2025;TWN;Chinese Taipei;0.381;0.334;0.341;0.468;0.289;0.395;0.39;0.581;0.208;0.313;0.2;0.99;0.388;1.346;5.243;1.581;1.325;0.806;1.196;0.691;0.738;10.592;1.388;1.968;0.693;0.778;1.180;0.669;0.617;1.242;0.792;0.73;1.355;1.006;0.638;0.792;0.611;0.532;0.552;0.579;0.995;1.495;8.694;2.266;1.402;1.178;2.433;0.916;0.681;1.493;1.362;1.505;4.140;1.909;1.884;1.691;1.137;1.426;1.916;1.513;2.129;2.268;1.856;1.722;1.565;1.260;1.107;1.569;1.356;0.867;1.205;1.361;1.298;1.653;0.802;1.065;1.240;1.576;1.028;1.324;1.160;0.804;1.083;1.490;0.714;0.993;0.841;0.629;0.746;1.297;1.091;0.989;1.761;1.451;1.309;1.322;1.162;1.278;1.316;0.947;0.87;0.937;1.628;1.141;0.737;1.163;0.956;1.465;0.456;0.702;0.658;0.618;0.692;0.646;1.465;0.849;0.851;0.803;0.48;0.66;0.679;0.566;0.406;0.576;0.635;0.641;0.416;0.457;1.195;0.888;0.803;0.903;0.808;0.949;0.971;0.969;0.752;0.958;0.533;1.275;1.500;0.764;1.183;1.677;0.544;0.628;0.667;0.589;0.631;0.692;0.599;0.674;1.104;0.876;1.308;0.72;2.454;1.167;1.341;0.667;0.627;0.902;0.816;0.767;1.252;0.97;0.587;1.183;1.368;1.120;0.669;0.684;0.768;0.835;1.083;1.140;0.841;0.547;0.754;0.734;0.806;0.627;0.555;0.728;0.752;0.75;0.943;0.961;0.94;0.561;0.454;0.79;0.981;0.329;0.514;0.665;0.656;0.631;0.581;0.416;0.487;0.533;0.609;0.38;0.501;0.692;0.478;0.505;0.594;0.43;0.59;0.548;0.533;0.734;0.855;0.496;0.64;0.613;1.333;1.200;1.120;1.302;0.846;0.753;0.756;0.498;1.917;1.968;2.213;1.298;1.379;0.992;1.299;1.107;0.967;0.753;0.994;1.384;1.103;0.712;0.806;3.360;2.072;2.041;1.165;1.602;1.193;0.73;0.412;0.38;0.253;0.995;0.681;1.031;1.312;0.83;0.86;1.269;1.193;1.029;0.887;1.019;0.653;0.946;1.427;0.912;0.916;0.878;1.484;0.192;0.188;0.157;0.239;0.247;0.198;0.343;0.231;0.274;0.215;0.094;0.191;0.616;0.365;0.296;0.239;0.323;0.285;0.164;0.306;1.807;0.997;1.737;0.848;0.637;1.615;0.574;0.464;0.375;0.641;0.562;0.477;0.551;0.539;0.386;0.314;0.287;0.33;0.467;0.316;0.375;0.337;0.202;0.663;0.159;0.159;0.112;0.16;0.08;0.031;0.045;0.107;0.081;0.091;0.171;0.404;0.337;0.301;0.285;0.226;0.215;0.28;0.253;0.155;0.423;0.376;0.341;0.31;0.319;0.478;0.308;0.221;0.369;0.252;0.102;0.373;0.218;0.293;0.212;0.151;0.209;0.211;2.078;0.137;0.223;0.112;0.293;0.299;0.358;0.295;0.279;0.24;0.34;0.471;0.488;0.549;0.394;0.21;0.445;0.177;0.278;0.122;0.281;0.362;0.395;0.312;0.503;0.607;0.43;0.464;0.395;0.25;0.492;0.544;0.352;0.483;0.205;0.543;0.263;0.306;0.313;0.574;0.184;0.158;0.143;0.368;0.279;0.197;0.169;0.197;0.43
2025;TZA;Tanzania_United Republic of;0.401;0.64;0.294;0.283;0.362;0.623;0.738;0.988;0.196;0.349;0.159;0.229;0.175;0.515;0.794;0.875;0.739;0.413;0.666;0.205;0.344;4.454;0.6;1.085;0.348;0.361;0.506;0.392;0.324;0.512;0.424;0.358;0.561;0.452;0.301;0.52;0.316;0.287;0.259;0.268;0.661;0.896;6.909;1.841;0.902;0.82;2.319;0.534;0.382;0.935;0.897;1.285;1.834;0.889;0.855;0.983;0.598;0.647;0.846;0.71;0.604;0.752;0.864;0.683;0.62;0.515;0.497;0.588;0.707;0.438;0.549;0.673;0.594;0.859;0.399;0.535;0.721;0.753;0.523;0.577;0.455;0.392;0.472;0.575;0.375;0.428;0.504;0.408;0.416;0.573;0.479;0.472;0.835;0.655;0.551;0.606;0.418;0.529;0.566;0.443;0.374;0.436;0.584;0.538;0.366;0.464;0.45;0.644;0.341;0.471;0.393;0.352;0.414;0.347;0.993;0.491;0.592;0.448;0.339;0.389;0.365;0.353;0.294;0.359;0.415;0.39;0.252;0.462;0.698;0.533;0.487;0.579;0.494;0.613;0.642;0.479;0.444;0.523;0.363;0.849;0.666;0.451;0.576;0.854;0.357;0.375;0.376;0.355;0.374;0.346;0.331;0.389;0.541;0.553;0.617;0.387;1.014;0.589;0.61;0.417;0.398;0.526;0.455;0.43;0.557;0.391;0.289;0.54;0.629;0.446;0.37;0.404;0.385;0.424;0.536;0.537;0.403;0.373;0.485;0.391;0.446;0.368;0.424;0.392;0.426;0.385;0.486;0.471;0.457;0.441;0.379;0.677;0.727;0.23;0.349;0.435;0.422;0.508;0.35;0.458;0.457;0.53;0.437;0.254;0.609;0.254;0.408;0.457;0.409;0.341;0.375;0.397;0.402;0.464;0.592;0.308;0.38;0.418;0.608;0.48;0.365;0.456;0.315;0.299;0.255;0.27;0.627;0.669;0.721;0.483;0.51;0.389;0.511;0.42;0.384;0.361;0.515;0.707;0.614;0.381;0.32;0.932;0.646;0.614;0.44;1.038;0.651;0.445;0.298;0.264;0.204;0.523;0.394;0.378;0.473;0.371;0.357;0.44;0.426;0.647;0.496;0.572;0.516;0.775;0.735;0.476;0.394;0.432;0.657;0.125;0.119;0.095;0.134;0.154;0.118;0.193;0.135;0.164;0.121;0.08;0.128;0.323;0.206;0.192;0.207;0.171;0.165;0.126;0.18;0.755;0.439;0.465;0.439;0.286;0.659;0.245;0.309;0.237;0.324;0.251;0.225;0.266;0.277;0.236;0.249;0.22;0.242;0.164;0.133;0.155;0.271;0.191;0.493;0.088;0.084;0.073;0.088;0.067;0.044;0.056;0.096;0.051;0.093;0.179;0.295;0.198;0.181;0.091;0.114;0.177;0.243;0.215;0.105;0.265;0.143;0.134;0.166;0.203;0.272;0.223;0.125;0.201;0.231;0.103;0.252;0.154;0.213;0.168;0.142;0.146;0.159;1.567;0.116;0.136;0.07;0.159;0.243;0.248;0.159;0.205;0.182;0.25;0.246;0.306;0.285;0.228;0.112;0.218;0.155;0.214;0.122;0.205;0.254;0.276;0.22;0.344;0.256;0.206;0.218;0.162;0.142;0.336;0.364;0.149;0.155;0.15;0.206;0.171;0.183;0.167;0.224;0.173;0.114;0.096;0.142;0.343;0.158;0.129;0.125;0.344
2025;UGA;Uganda;0.329;0.528;0.233;0.218;0.296;0.519;0.603;0.82;0.157;0.285;0.13;0.182;0.135;0.385;0.593;0.626;0.531;0.284;0.46;0.166;0.262;0.517;0.472;0.649;0.284;0.3;0.412;0.318;0.263;0.424;0.341;0.294;0.457;0.366;0.24;0.436;0.218;0.187;0.175;0.189;0.442;0.552;5.355;1.526;0.711;0.648;1.777;0.368;0.283;0.634;0.513;1.031;1.397;0.654;0.492;0.526;0.358;0.415;0.496;0.433;0.439;0.502;0.628;0.482;0.467;0.381;0.361;0.443;0.486;0.311;0.392;0.45;0.4;0.586;0.28;0.37;0.485;0.564;0.37;0.408;0.342;0.283;0.354;0.425;0.257;0.304;0.302;0.328;0.304;0.391;0.361;0.325;0.544;0.432;0.398;0.399;0.299;0.364;0.381;0.31;0.27;0.313;0.441;0.391;0.264;0.339;0.314;0.468;0.232;0.294;0.273;0.26;0.304;0.255;0.563;0.33;0.379;0.329;0.231;0.275;0.264;0.26;0.225;0.253;0.291;0.262;0.189;0.316;0.494;0.395;0.34;0.424;0.396;0.415;0.457;0.352;0.322;0.364;0.265;0.467;0.449;0.292;0.414;0.603;0.234;0.274;0.276;0.266;0.273;0.252;0.251;0.296;0.371;0.376;0.427;0.287;0.745;0.426;0.434;0.312;0.292;0.364;0.318;0.332;0.428;0.281;0.21;0.395;0.475;0.339;0.255;0.286;0.267;0.305;0.389;0.391;0.286;0.283;0.328;0.273;0.298;0.226;0.259;0.242;0.303;0.282;0.401;0.345;0.325;0.334;0.298;0.484;0.534;0.175;0.268;0.308;0.308;0.362;0.257;0.356;0.345;0.405;0.299;0.18;0.522;0.199;0.282;0.315;0.307;0.248;0.289;0.301;0.292;0.291;0.411;0.23;0.28;0.284;0.346;0.307;0.239;0.287;0.217;0.2;0.182;0.205;0.485;0.487;0.525;0.381;0.394;0.307;0.386;0.317;0.28;0.264;0.406;0.558;0.49;0.309;0.262;0.558;0.496;0.432;0.348;0.835;0.503;0.355;0.242;0.215;0.155;0.428;0.341;0.3;0.373;0.301;0.278;0.351;0.339;0.461;0.341;0.414;0.372;0.619;0.478;0.328;0.307;0.31;0.501;0.085;0.079;0.064;0.091;0.105;0.075;0.125;0.094;0.114;0.082;0.071;0.089;0.2;0.112;0.106;0.113;0.101;0.098;0.082;0.108;0.616;0.357;0.382;0.355;0.227;0.506;0.194;0.24;0.171;0.219;0.182;0.161;0.183;0.204;0.156;0.195;0.153;0.178;0.106;0.096;0.109;0.169;0.137;0.282;0.066;0.064;0.057;0.066;0.053;0.036;0.046;0.079;0.042;0.079;0.124;0.224;0.152;0.11;0.065;0.075;0.127;0.192;0.167;0.079;0.168;0.108;0.097;0.11;0.136;0.158;0.154;0.09;0.127;0.141;0.085;0.201;0.125;0.156;0.128;0.11;0.114;0.123;1.072;0.082;0.086;0.052;0.11;0.145;0.163;0.107;0.148;0.137;0.175;0.144;0.168;0.161;0.146;0.066;0.149;0.11;0.138;0.095;0.139;0.148;0.163;0.165;0.196;0.159;0.147;0.153;0.11;0.098;0.223;0.268;0.108;0.097;0.124;0.133;0.127;0.139;0.117;0.142;0.146;0.08;0.071;0.111;0.16;0.113;0.095;0.089;0.263
2025;UKR;Ukraine;2.418;4.431;1.670;1.355;2.277;4.114;5.083;6.690;1.034;2.042;0.778;1.080;0.711;2.816;4.640;4.477;3.662;1.494;2.759;0.608;1.009;9.423;3.334;4.065;0.974;1.001;1.606;1.156;0.942;1.362;1.211;0.97;1.703;1.286;0.829;1.540;0.744;0.782;0.588;0.672;2.185;2.645;45.785;6.502;2.941;2.578;14.052;1.330;1.039;2.921;2.400;4.382;10.326;3.029;1.948;2.163;1.243;1.526;1.913;1.502;1.751;1.984;2.440;1.862;1.758;1.426;1.251;1.718;1.720;1.092;1.427;1.639;1.463;2.413;0.865;1.285;1.759;2.214;1.278;1.567;1.154;0.855;1.221;1.532;0.775;1.002;0.984;0.962;1.222;1.426;1.682;1.128;2.094;1.562;1.423;1.442;0.965;1.230;1.383;0.959;0.868;1.010;1.579;1.367;0.829;1.149;1.044;1.698;0.684;0.919;0.833;0.79;0.94;0.749;2.037;0.979;1.205;0.961;0.69;0.838;0.809;0.79;0.653;0.773;0.877;0.817;0.544;1.033;1.590;1.258;1.182;1.501;1.467;1.579;1.714;1.251;0.978;1.191;0.795;1.627;1.498;0.936;1.471;2.083;0.709;0.793;0.792;0.763;0.849;0.843;0.706;0.939;1.173;1.172;1.410;0.891;2.922;1.465;1.487;1.030;0.938;1.206;1.020;1.081;1.423;0.922;0.613;1.326;1.614;1.112;0.935;1.303;1.055;1.187;1.616;1.583;1.091;1.443;1.198;0.916;0.971;0.768;0.912;0.789;1.139;1.038;1.399;1.291;1.261;1.204;1.175;2.231;2.744;0.639;1.130;1.175;1.143;1.470;0.933;1.426;1.391;1.680;1.033;0.665;2.017;0.764;1.051;1.088;1.149;0.936;0.911;1.075;1.117;0.966;1.577;0.724;1.062;1.050;1.388;1.142;0.877;0.999;0.664;0.693;0.536;0.605;2.598;2.583;3.245;1.474;1.505;1.042;1.683;1.220;1.051;0.936;2.339;3.202;2.516;1.581;0.959;2.676;2.291;1.663;1.471;5.555;2.668;1.566;0.729;0.634;0.493;2.504;1.160;1.006;1.334;0.99;0.844;1.207;1.116;2.223;1.551;1.762;1.903;3.305;1.813;1.341;1.371;1.224;2.088;0.386;0.293;0.256;0.387;0.474;0.279;0.58;0.367;0.483;0.295;0.193;0.432;1.137;0.437;0.462;0.429;0.436;0.374;0.29;0.424;4.240;2.398;2.629;2.448;0.946;3.721;1.056;1.458;0.774;0.887;0.604;0.569;0.628;0.781;0.548;0.634;0.599;0.716;0.386;0.325;0.48;0.633;0.466;1.519;0.217;0.228;0.188;0.211;0.164;0.107;0.137;0.487;0.119;0.265;0.701;1.374;0.758;0.463;0.214;0.253;0.471;0.988;0.677;0.256;0.64;0.358;0.32;0.383;0.534;0.561;0.485;0.268;0.442;0.583;0.256;1.058;0.403;0.575;0.435;0.356;0.405;0.468;7.880;0.33;0.348;0.169;0.364;0.514;0.584;0.354;0.472;0.458;0.626;0.592;0.636;0.619;0.521;0.242;0.5;0.341;0.443;0.267;0.435;0.515;0.557;0.787;0.742;0.595;0.532;0.56;0.365;0.35;0.818;1.149;0.336;0.339;0.404;0.521;0.546;0.624;0.376;0.561;0.541;0.271;0.244;0.434;0.667;0.433;0.348;0.297;1.837
2025;URY;Uruguay;0.221;0.331;0.159;0.158;0.19;0.338;0.375;0.514;0.105;0.19;0.092;0.128;0.101;0.261;0.391;0.43;0.37;0.218;0.337;0.136;0.211;0.363;0.312;0.49;0.233;0.249;0.323;0.255;0.214;0.346;0.276;0.241;0.359;0.294;0.195;0.35;0.186;0.151;0.149;0.157;0.348;0.443;3.363;1.159;0.548;0.507;1.160;0.313;0.24;0.499;0.42;0.782;0.932;0.488;0.423;0.439;0.306;0.342;0.412;0.375;0.339;0.404;0.486;0.381;0.363;0.303;0.295;0.343;0.406;0.254;0.311;0.369;0.326;0.461;0.24;0.304;0.398;0.431;0.305;0.325;0.275;0.238;0.284;0.338;0.22;0.254;0.264;0.285;0.247;0.318;0.284;0.268;0.441;0.357;0.322;0.328;0.25;0.304;0.311;0.264;0.226;0.262;0.348;0.318;0.224;0.28;0.263;0.373;0.208;0.264;0.239;0.227;0.267;0.221;0.494;0.29;0.328;0.283;0.203;0.235;0.225;0.222;0.196;0.219;0.252;0.228;0.168;0.276;0.422;0.326;0.279;0.341;0.321;0.335;0.363;0.283;0.27;0.3;0.225;0.4;0.366;0.25;0.332;0.498;0.203;0.233;0.234;0.226;0.228;0.208;0.213;0.243;0.313;0.318;0.355;0.239;0.574;0.345;0.356;0.256;0.245;0.305;0.271;0.28;0.346;0.234;0.179;0.325;0.384;0.274;0.212;0.224;0.218;0.245;0.306;0.305;0.232;0.214;0.274;0.232;0.254;0.194;0.221;0.203;0.248;0.231;0.332;0.279;0.259;0.259;0.222;0.348;0.38;0.134;0.199;0.238;0.25;0.274;0.21;0.262;0.259;0.299;0.244;0.141;0.401;0.154;0.221;0.251;0.241;0.198;0.24;0.24;0.229;0.249;0.321;0.198;0.226;0.228;0.285;0.257;0.198;0.24;0.185;0.167;0.157;0.174;0.367;0.376;0.383;0.312;0.323;0.257;0.309;0.263;0.233;0.218;0.281;0.401;0.357;0.226;0.211;0.44;0.372;0.347;0.272;0.589;0.38;0.279;0.206;0.185;0.132;0.309;0.288;0.245;0.305;0.251;0.237;0.28;0.285;0.354;0.264;0.331;0.282;0.466;0.393;0.262;0.244;0.253;0.391;0.068;0.067;0.053;0.073;0.083;0.064;0.099;0.078;0.09;0.067;0.063;0.067;0.15;0.096;0.089;0.098;0.081;0.084;0.069;0.09;0.418;0.24;0.262;0.239;0.169;0.34;0.142;0.169;0.134;0.181;0.154;0.136;0.155;0.17;0.134;0.165;0.129;0.146;0.091;0.082;0.089;0.143;0.115;0.227;0.057;0.054;0.049;0.058;0.046;0.032;0.04;0.057;0.036;0.065;0.093;0.161;0.116;0.091;0.056;0.066;0.108;0.148;0.138;0.067;0.142;0.093;0.083;0.094;0.115;0.14;0.138;0.076;0.112;0.118;0.074;0.151;0.107;0.129;0.108;0.093;0.093;0.101;0.739;0.066;0.071;0.044;0.095;0.127;0.14;0.093;0.129;0.116;0.149;0.121;0.144;0.138;0.121;0.055;0.124;0.097;0.121;0.084;0.124;0.13;0.141;0.131;0.168;0.132;0.118;0.123;0.091;0.08;0.188;0.215;0.091;0.084;0.102;0.11;0.102;0.106;0.099;0.118;0.113;0.067;0.059;0.088;0.141;0.092;0.078;0.073;0.181
2025;USA;United States;1.065;1.884;0.796;0.655;0.994;1.709;2.420;3.522;0.87;0.998;0.475;0.234;0.349;0.927;1.432;1.362;1.355;0.456;0.73;0.175;0.204;3.465;0.589;1.281;0.252;0.305;0.369;0.294;0.337;0.267;0.37;0.287;0.276;0.193;0.261;0.371;0.351;0.429;0.315;0.339;0.563;0.723;8.872;1.757;0.925;0.717;2.735;0.28;0.326;0.772;0.584;1.406;1.107;0.904;0.926;0.785;0.745;0.741;0.447;0.5;0.917;0.735;0.813;0.53;0.739;0.608;0.515;0.622;0.695;0.533;0.609;0.389;0.504;0.491;0.436;0.356;0.377;0.691;0.318;0.658;0.462;0.35;0.466;0.506;0.245;0.334;0.272;0.271;0.474;0.442;0.66;0.44;0.359;0.34;0.335;0.356;0.311;0.284;0.396;0.427;0.341;0.34;0.538;0.4;0.216;0.348;0.436;0.448;0.044;0.123;0.222;0.218;0.153;0.129;0.318;0.16;0.184;0.155;0.124;0.13;0.101;0.176;0.122;0.141;0.136;0.146;0.137;0.067;0.236;0.396;0.278;0.418;0.436;0.427;0.391;0.419;0.4;0.463;0.31;0.718;0.251;0.548;0.344;0.427;0.35;0.45;0.484;0.452;0.537;0.615;0.23;0.484;0.473;0.56;0.52;0.434;0.951;0.545;0.607;0.249;0.242;0.249;0.29;0.608;0.422;0.206;0.338;0.319;0.497;0.356;0.292;0.408;0.287;0.397;0.541;0.488;0.375;0.381;0.192;0.198;0.339;0.21;0.261;0.327;0.303;0.243;0.447;0.375;0.351;0.693;0.905;1.056;1.379;0.762;0.876;0.669;0.592;0.677;0.604;1.448;1.086;1.367;0.733;0.669;1.959;0.366;0.413;0.547;0.553;0.526;0.257;0.511;0.589;0.428;0.408;0.285;0.41;0.148;0.67;0.579;0.579;0.528;0.465;0.432;0.16;0.486;0.839;0.776;0.973;0.604;0.514;0.484;0.669;0.505;0.363;0.262;0.889;1.289;0.824;0.847;1.176;1.834;1.039;1.015;1.207;1.316;0.906;0.579;0.114;0.179;0.182;2.438;0.64;0.51;0.664;0.469;0.278;0.591;0.526;0.743;0.706;0.545;0.717;0.714;0.783;0.598;0.491;0.475;0.528;0.167;0.095;0.133;0.136;0.154;0.243;0.163;0.044;0.141;0.139;0;0.122;0.251;0.219;0.147;0.181;0.377;0.198;0.145;0.16;0.939;0.525;0.883;0.562;0.459;1.639;0.278;0.421;0.22;0.063;0.075;0.469;0.135;0.062;0.079;0.048;0.09;0.103;0.139;0.152;0.14;0.134;0.107;0.061;0.061;0.06;0.09;0.052;0.038;0.032;0.029;0.165;0.019;0.02;0.374;0.145;0.144;0.104;0.072;0.056;0.049;0.1;0.092;0.071;0.128;0.075;0.088;0.108;0.105;0.116;0.145;0.125;0.111;0.104;0.069;0.237;0.113;0.202;0.129;0.113;0.106;0.132;1.433;0.181;0.211;0.154;0.097;0.068;0.119;0.114;0.097;0.135;0.203;0.188;0.175;0.149;0.14;0.235;0.265;0.116;0.072;0.044;0.115;0.16;0.195;0.165;0.34;0.167;0.223;0.302;0.17;0.15;0.14;0.154;0.107;0.207;0.055;0.236;0.155;0.115;0.07;0.155;0;0.155;0.118;0.113;0.5;0.303;0.364;0.426;0.42
2025;VCT;Saint Vincent and the Grenadines;0.377;0.547;0.274;0.28;0.312;0.573;0.615;0.838;0.168;0.316;0.156;0.21;0.175;0.456;0.677;0.761;0.656;0.399;0.606;0.247;0.378;1.645;0.508;0.95;0.418;0.449;0.553;0.447;0.382;0.606;0.485;0.428;0.612;0.51;0.342;0.609;0.356;0.282;0.282;0.291;0.654;0.852;5.710;1.949;0.939;0.878;1.991;0.604;0.458;0.921;0.831;1.312;1.593;0.822;0.853;0.868;0.593;0.636;0.793;0.741;0.579;0.736;0.828;0.673;0.614;0.534;0.53;0.579;0.758;0.459;0.542;0.678;0.593;0.821;0.45;0.554;0.732;0.719;0.557;0.576;0.478;0.432;0.494;0.585;0.413;0.468;0.523;0.537;0.452;0.576;0.516;0.49;0.812;0.661;0.574;0.607;0.459;0.561;0.566;0.49;0.415;0.482;0.594;0.567;0.415;0.508;0.486;0.653;0.412;0.533;0.465;0.436;0.52;0.415;1.007;0.561;0.635;0.531;0.395;0.439;0.416;0.413;0.373;0.417;0.481;0.442;0.326;0.542;0.794;0.584;0.505;0.599;0.574;0.607;0.639;0.496;0.488;0.538;0.413;0.782;0.651;0.477;0.583;0.913;0.387;0.426;0.428;0.41;0.415;0.377;0.386;0.43;0.58;0.588;0.648;0.429;0.969;0.608;0.646;0.458;0.448;0.567;0.512;0.517;0.6;0.429;0.329;0.587;0.673;0.477;0.394;0.406;0.403;0.443;0.543;0.531;0.42;0.376;0.514;0.437;0.48;0.378;0.429;0.376;0.454;0.418;0.603;0.499;0.46;0.431;0.351;0.554;0.615;0.219;0.321;0.404;0.454;0.458;0.382;0.411;0.422;0.479;0.44;0.243;0.666;0.261;0.382;0.435;0.414;0.354;0.432;0.416;0.399;0.48;0.554;0.377;0.407;0.41;0.55;0.49;0.368;0.45;0.345;0.312;0.297;0.32;0.66;0.698;0.693;0.573;0.591;0.476;0.566;0.491;0.439;0.399;0.448;0.677;0.591;0.376;0.372;0.833;0.63;0.627;0.478;1.035;0.678;0.496;0.379;0.346;0.243;0.531;0.532;0.434;0.55;0.458;0.437;0.478;0.523;0.632;0.471;0.602;0.503;0.827;0.735;0.475;0.447;0.466;0.684;0.125;0.129;0.102;0.137;0.152;0.124;0.187;0.145;0.162;0.122;0.12;0.118;0.279;0.193;0.176;0.2;0.152;0.165;0.133;0.175;0.699;0.39;0.448;0.396;0.273;0.586;0.243;0.284;0.242;0.344;0.286;0.257;0.294;0.32;0.262;0.309;0.249;0.27;0.179;0.155;0.17;0.281;0.215;0.459;0.11;0.103;0.092;0.112;0.086;0.061;0.075;0.099;0.066;0.116;0.168;0.28;0.202;0.178;0.107;0.129;0.208;0.269;0.26;0.126;0.278;0.176;0.16;0.181;0.222;0.285;0.279;0.137;0.223;0.231;0.139;0.264;0.202;0.238;0.2;0.175;0.166;0.186;1.343;0.122;0.133;0.081;0.183;0.255;0.272;0.181;0.252;0.219;0.287;0.241;0.291;0.273;0.228;0.106;0.227;0.191;0.24;0.163;0.247;0.261;0.279;0.241;0.334;0.25;0.208;0.22;0.165;0.147;0.358;0.396;0.17;0.164;0.181;0.208;0.189;0.182;0.184;0.226;0.189;0.125;0.108;0.157;0.303;0.168;0.144;0.133;0.314
2025;VNM;Viet Nam;0.918;1.014;0.781;1.078;0.808;1.169;1.262;2.065;0.552;0.943;0.66;0.722;0.969;0.645;0.735;4.092;3.435;1.769;3.045;0.898;1.558;9.443;1.503;2.864;1.194;1.247;1.688;1.196;1.169;1.865;1.384;1.270;1.880;1.535;1.289;1.735;0.759;0.634;0.699;0.794;1.478;2.099;13.667;4.183;2.453;2.170;5.239;1.266;1.067;2.196;1.824;2.722;5.786;2.373;2.016;2.135;1.284;1.583;2.210;1.800;2.256;2.422;2.489;2.488;2.191;1.770;1.588;2.089;1.958;1.462;1.699;1.991;1.809;2.280;1.177;1.523;2.196;2.211;1.572;1.899;0.869;0.807;0.947;0.981;0.845;0.788;0.911;0.9;0.902;0.966;1.317;0.941;1.295;1.108;1.010;1.006;0.922;0.993;0.84;0.92;0.777;0.917;1.097;1.022;0.842;0.961;0.95;1.038;0.765;0.802;0.919;0.968;1.059;1.075;1.782;0.958;1.290;1.252;0.78;1.037;1.213;0.985;0.758;0.771;0.921;0.783;0.694;0.781;1.507;1.386;0.97;1.143;1.051;0.977;1.090;1.322;1.373;1.394;0.94;1.454;1.834;0.921;1.627;2.104;0.849;1.188;1.230;0.988;0.918;0.855;0.793;0.949;1.208;1.239;1.527;0.867;2.639;1.466;1.455;0.934;0.691;1.218;1.357;1.194;1.661;1.291;0.811;1.430;1.707;1.704;0.837;0.966;0.862;1.004;1.180;1.279;0.935;0.872;1.407;1.278;1.399;1.235;1.237;1.107;1.092;1.076;1.154;1.210;1.011;1.022;0.888;1.354;1.300;0.806;0.94;1.093;1.080;1.168;0.913;1.110;1.096;1.189;0.909;0.772;1.331;0.744;1.121;1.025;1.151;1.185;1.073;1.106;1.140;1.220;1.519;0.971;1.064;1.125;1.131;1.093;0.922;1.155;0.877;0.734;0.766;0.757;1.740;2.002;1.929;1.422;1.443;1.181;1.459;1.269;1.113;1.239;0.553;1.408;0.976;0.737;0.764;2.097;2.257;1.610;1.084;1.790;1.542;0.983;0.647;0.547;0.396;1.542;0.962;1.110;1.268;1.029;1.015;1.171;1.153;1.230;0.943;1.074;1.025;1.207;1.636;1.172;0.807;0.964;1.413;0.553;0.614;0.51;0.648;0.765;0.59;0.908;0.623;0.739;0.56;0.091;0.598;1.483;0.831;0.759;0.921;0.834;0.878;0.628;0.817;2.007;1.393;3.398;1.216;0.758;2.040;0.818;0.83;0.588;1.022;0.907;0.834;0.919;1.185;0.989;0.842;0.711;0.941;1.106;0.909;0.995;0.663;0.418;1.392;0.656;0.617;0.464;0.692;0.333;0.186;0.242;0.489;0.495;0.864;0.871;0.706;0.736;0.592;0.481;0.501;0.552;0.62;0.623;0.917;0.756;0.617;0.667;0.603;0.594;0.784;0.706;0.477;0.676;0.744;0.437;0.929;0.655;0.896;0.526;0.549;0.515;0.548;5.373;0.463;0.5;0.426;0.438;0.528;0.363;0.498;0.459;0.476;0.6;0.535;0.521;0.913;0.846;0.536;0.862;0.395;0.351;0.311;0.43;0.56;0.573;0.627;0.949;1.176;0.927;0.901;0.807;0.662;0.994;0.959;0.762;1.058;0.864;0.872;0.731;0.804;0.731;0.963;0.578;0.546;0.514;0.634;0.833;0.609;0.533;0.525;1.454
2025;VUT;Vanuatu;0.431;0.608;0.316;0.329;0.348;0.65;0.68;0.923;0.187;0.357;0.18;0.24;0.206;0.524;0.771;0.878;0.761;0.476;0.712;0.3;0.454;2.499;0.564;1.142;0.506;0.545;0.652;0.534;0.461;0.727;0.581;0.518;0.721;0.608;0.41;0.73;0.439;0.341;0.346;0.355;0.788;1.033;6.383;2.241;1.093;1.031;2.256;0.744;0.565;1.100;1.015;1.512;1.809;0.943;1.057;1.057;0.729;0.769;0.963;0.918;0.673;0.881;0.963;0.795;0.715;0.632;0.637;0.672;0.919;0.552;0.641;0.816;0.711;0.97;0.552;0.667;0.882;0.827;0.674;0.682;0.568;0.527;0.586;0.69;0.507;0.569;0.649;0.665;0.548;0.691;0.619;0.592;0.973;0.799;0.684;0.732;0.558;0.681;0.679;0.601;0.505;0.587;0.698;0.679;0.508;0.613;0.592;0.772;0.516;0.669;0.578;0.541;0.648;0.512;1.255;0.696;0.785;0.655;0.491;0.54;0.509;0.506;0.463;0.515;0.594;0.547;0.408;0.673;0.974;0.704;0.608;0.713;0.69;0.726;0.757;0.59;0.593;0.647;0.506;0.959;0.779;0.586;0.692;1.107;0.479;0.523;0.524;0.503;0.505;0.456;0.474;0.518;0.707;0.718;0.785;0.521;1.121;0.725;0.778;0.551;0.546;0.69;0.628;0.631;0.714;0.521;0.404;0.707;0.802;0.569;0.481;0.487;0.489;0.531;0.644;0.624;0.505;0.445;0.627;0.537;0.588;0.466;0.527;0.456;0.549;0.505;0.733;0.6;0.547;0.502;0.396;0.612;0.685;0.254;0.364;0.471;0.548;0.527;0.461;0.46;0.481;0.538;0.529;0.287;0.771;0.305;0.449;0.516;0.487;0.42;0.524;0.493;0.469;0.591;0.648;0.466;0.49;0.49;0.667;0.598;0.447;0.548;0.424;0.38;0.367;0.393;0.785;0.839;0.817;0.693;0.716;0.579;0.684;0.598;0.538;0.485;0.498;0.783;0.68;0.433;0.447;1.000;0.73;0.749;0.569;1.209;0.806;0.593;0.465;0.428;0.298;0.617;0.654;0.522;0.665;0.559;0.536;0.568;0.64;0.748;0.556;0.723;0.594;0.981;0.889;0.569;0.54;0.565;0.807;0.151;0.159;0.125;0.166;0.182;0.153;0.226;0.176;0.193;0.148;0.15;0.139;0.331;0.239;0.217;0.249;0.182;0.203;0.164;0.215;0.795;0.437;0.516;0.448;0.314;0.669;0.283;0.326;0.289;0.42;0.351;0.316;0.361;0.391;0.324;0.379;0.306;0.328;0.222;0.192;0.209;0.347;0.262;0.563;0.136;0.126;0.114;0.14;0.106;0.077;0.093;0.117;0.081;0.141;0.199;0.326;0.239;0.218;0.132;0.161;0.257;0.323;0.319;0.155;0.342;0.218;0.198;0.222;0.274;0.355;0.35;0.167;0.278;0.284;0.172;0.311;0.25;0.289;0.245;0.215;0.2;0.226;1.562;0.147;0.162;0.099;0.226;0.317;0.337;0.225;0.313;0.27;0.354;0.297;0.36;0.337;0.277;0.13;0.276;0.238;0.298;0.203;0.309;0.324;0.345;0.291;0.413;0.304;0.248;0.264;0.2;0.178;0.438;0.479;0.209;0.203;0.218;0.253;0.229;0.213;0.225;0.276;0.22;0.153;0.13;0.187;0.379;0.204;0.175;0.16;0.362
2025;WSM;Samoa;0.745;1.237;0.526;0.477;0.664;1.206;1.407;1.879;0.325;0.627;0.271;0.37;0.276;0.879;1.382;1.426;1.197;0.603;0.999;0.323;0.507;2.597;1.017;1.509;0.538;0.57;0.767;0.595;0.5;0.773;0.638;0.546;0.836;0.674;0.446;0.806;0.439;0.379;0.347;0.371;0.943;1.189;12.793;2.851;1.337;1.220;4.137;0.756;0.58;1.304;1.125;1.917;3.157;1.244;1.069;1.115;0.728;0.817;1.013;0.9;0.811;0.983;1.150;0.911;0.845;0.716;0.682;0.808;0.96;0.591;0.723;0.874;0.77;1.132;0.544;0.707;0.942;1.017;0.709;0.775;0.621;0.528;0.647;0.78;0.495;0.583;0.623;0.64;0.607;0.75;0.741;0.624;1.067;0.846;0.75;0.778;0.569;0.703;0.733;0.595;0.514;0.598;0.798;0.735;0.507;0.645;0.606;0.867;0.478;0.621;0.55;0.519;0.618;0.494;1.217;0.66;0.761;0.633;0.464;0.53;0.505;0.499;0.441;0.499;0.573;0.527;0.381;0.651;0.97;0.731;0.646;0.786;0.76;0.802;0.857;0.653;0.598;0.679;0.501;0.954;0.829;0.578;0.767;1.158;0.461;0.512;0.513;0.494;0.511;0.477;0.463;0.542;0.71;0.717;0.811;0.532;1.358;0.788;0.824;0.581;0.556;0.704;0.624;0.642;0.776;0.536;0.396;0.746;0.873;0.613;0.505;0.579;0.534;0.592;0.755;0.739;0.556;0.578;0.655;0.54;0.587;0.46;0.529;0.464;0.594;0.546;0.774;0.661;0.62;0.589;0.515;0.872;1.012;0.304;0.479;0.557;0.595;0.656;0.496;0.611;0.613;0.713;0.563;0.328;0.941;0.362;0.516;0.569;0.563;0.472;0.538;0.552;0.543;0.583;0.757;0.456;0.541;0.54;0.712;0.622;0.472;0.564;0.417;0.392;0.354;0.386;1.025;1.052;1.159;0.758;0.78;0.599;0.786;0.641;0.566;0.512;0.798;1.146;0.954;0.604;0.494;1.177;0.95;0.835;0.674;1.858;1.053;0.707;0.461;0.415;0.299;0.898;0.671;0.557;0.715;0.575;0.531;0.632;0.654;0.934;0.677;0.83;0.766;1.295;0.951;0.646;0.628;0.619;0.962;0.175;0.163;0.132;0.186;0.214;0.155;0.262;0.19;0.224;0.158;0.14;0.177;0.435;0.241;0.23;0.245;0.206;0.207;0.166;0.224;1.340;0.754;0.844;0.767;0.405;1.148;0.395;0.5;0.344;0.452;0.355;0.324;0.365;0.415;0.322;0.381;0.32;0.36;0.222;0.192;0.231;0.352;0.269;0.653;0.134;0.129;0.114;0.135;0.104;0.073;0.09;0.171;0.079;0.149;0.266;0.48;0.308;0.233;0.131;0.156;0.263;0.406;0.346;0.155;0.351;0.216;0.195;0.223;0.285;0.341;0.326;0.166;0.269;0.3;0.167;0.414;0.248;0.308;0.251;0.215;0.217;0.244;2.508;0.163;0.175;0.1;0.222;0.308;0.337;0.219;0.301;0.271;0.358;0.309;0.359;0.341;0.288;0.134;0.285;0.225;0.284;0.189;0.29;0.313;0.337;0.346;0.415;0.319;0.274;0.289;0.207;0.189;0.453;0.544;0.208;0.201;0.23;0.27;0.259;0.267;0.226;0.292;0.262;0.156;0.137;0.213;0.371;0.222;0.186;0.168;0.589
2025;ZAF;South Africa;1.431;1.914;1.167;1.569;1.334;2.151;2.687;4.118;0.834;1.645;0.989;0.445;1.068;0.612;0.515;2.228;2.029;0.94;1.627;0.733;0.951;10.448;1.833;1.435;0.775;0.897;1.119;0.845;0.776;0.997;0.93;0.803;1.158;0.925;0.71;1.157;0.81;0.605;0.59;0.68;1.031;1.529;10.923;3.230;1.679;1.316;4.068;0.741;0.746;1.673;1.256;2.421;6.158;2.666;2.812;2.168;1.382;1.877;2.273;2.140;2.661;2.265;2.588;1.781;2.190;1.759;1.613;2.308;1.929;1.288;1.411;1.548;1.636;1.988;0.86;1.254;1.872;2.004;1.244;1.858;1.287;0.874;1.219;1.317;0.795;0.874;0.613;0.72;0.679;1.191;0.857;0.899;1.613;1.185;1.257;1.303;1.011;1.059;1.212;0.77;0.737;0.857;1.401;1.016;0.675;1.047;0.865;1.283;0.598;0.616;0.632;0.967;0.836;0.834;1.582;0.795;0.966;0.986;0.55;0.894;0.931;0.821;0.506;0.582;0.824;0.59;0.787;0.718;1.298;1.144;0.816;1.101;0.939;0.848;1.084;1.220;1.185;1.337;1.302;1.482;2.013;0.879;1.784;1.503;0.658;0.907;0.992;0.788;0.812;1.103;0.637;1.010;1.386;1.153;1.766;0.82;3.190;1.570;1.733;0.625;0.604;0.736;0.769;0.594;0.855;0.57;0.476;1.543;1.982;0.75;0.929;1.273;0.955;0.996;1.099;1.169;1.065;1.388;1.124;1.183;1.183;0.915;0.894;1.415;0.958;0.937;1.076;1.403;1.248;0.839;1.177;1.506;1.778;0.449;0.98;0.73;0.745;1.151;0.673;1.452;1.267;1.460;0.773;0.626;1.717;0.415;0.714;0.759;0.842;0.757;0.787;0.802;0.834;0.692;1.210;0.637;0.714;0.768;1.261;0.903;0.578;0.757;0.529;0.506;0.475;0.444;1.151;1.037;1.231;0.821;0.77;0.621;0.832;0.6;0.644;0.684;0.823;1.748;1.240;0.733;0.935;3.741;1.904;1.854;1.389;2.490;1.499;1.495;0.716;0.534;0.556;1.380;0.954;0.773;1.078;0.75;0.783;0.987;1.212;1.257;0.907;1.084;0.713;1.800;1.188;0.806;0.961;0.878;1.513;0.359;0.297;0.298;0.421;0.398;0.306;0.577;0.388;0.498;0.333;0.238;0.313;0.958;0.405;0.363;0.344;0.374;0.419;0.29;0.391;1.686;0.845;6.616;0.711;0.666;1.162;0.451;0.439;0.598;0.645;0.559;0.464;0.555;0.576;0.52;0.619;0.544;0.655;0.498;0.525;0.596;0.768;0.561;1.663;0.214;0.25;0.154;0.232;0.122;0.064;0.063;0.368;0.125;0.198;0.586;1.292;0.722;0.579;0.281;0.35;0.614;1.304;0.841;0.297;0.606;0.444;0.396;0.505;0.595;0.72;0.543;0.354;0.548;0.78;0.328;0.92;0.448;0.752;0.52;0.433;0.36;0.451;1.863;0.147;0.176;0.121;0.281;0.252;0.31;0.237;0.372;0.292;0.45;0.335;0.333;0.347;0.4;0.175;0.417;0.313;0.464;0.258;0.298;0.363;0.424;0.444;0.536;0.543;0.448;0.471;0.361;0.405;1.243;1.197;0.52;0.408;0.563;0.767;0.818;0.357;0.298;0.388;0.998;0.26;0.225;0.412;0.37;0.393;0.306;0.311;1.635
